size,rate,condition,rep,full_sens,full_spec,full_f1,full_mcc,full_auc,norr_sens,norr_spec,norr_f1,norr_mcc,norr_auc
30,0.2,clean,1,0.4166666666666667,0.9204545454545454,0.4166666666666667,0.3371212121212121,0.7388468013468013,0.4166666666666667,0.9204545454545454,0.4166666666666667,0.3371212121212121,0.692918771043771
30,0.2,clean,2,0.4722222222222222,0.928030303030303,0.4722222222222222,0.40025252525252525,0.8509574915824916,0.4722222222222222,0.928030303030303,0.4722222222222222,0.40025252525252525,0.8415930134680134
30,0.2,clean,3,0.4722222222222222,0.928030303030303,0.4722222222222222,0.40025252525252525,0.7357954545454546,0.4444444444444444,0.9242424242424242,0.4444444444444444,0.3686868686868687,0.6786616161616161
30,0.2,clean,4,0.4722222222222222,0.928030303030303,0.4722222222222222,0.40025252525252525,0.7322180134680135,0.4722222222222222,0.928030303030303,0.4722222222222222,0.40025252525252525,0.7273253367003367
30,0.2,realistic,1,0.358974358974359,0.9042145593869731,0.358974358974359,0.2631889183613322,0.8159937125454367,0.358974358974359,0.9042145593869731,0.358974358974359,0.2631889183613322,0.7548383927694272
30,0.2,realistic,2,0.4,0.9076923076923077,0.4000000000000001,0.3076923076923077,0.7921153846153846,0.35,0.9,0.35,0.25,0.7390865384615385
30,0.2,realistic,3,0.3548387096774194,0.9256505576208178,0.35483870967741943,0.2804892672982372,0.7909221729224127,0.3225806451612903,0.9219330855018587,0.3225806451612903,0.24451373066314905,0.7356997241875525
30,0.2,realistic,4,0.4594594594594595,0.9239543726235742,0.4594594594594595,0.3834138320830336,0.7915938752440652,0.40540540540540543,0.9163498098859315,0.40540540540540543,0.32175521529133694,0.7660569314561709
30,0.4,clean,1,0.5138888888888888,0.8464912280701754,0.5138888888888888,0.3603801169590643,0.7671174463937622,0.5,0.8421052631578947,0.5,0.34210526315789475,0.7406493664717348
30,0.4,clean,2,0.5833333333333334,0.868421052631579,0.5833333333333334,0.4517543859649123,0.8153021442495126,0.5833333333333334,0.868421052631579,0.5833333333333334,0.4517543859649123,0.774275097465887
30,0.4,clean,3,0.5416666666666666,0.8552631578947368,0.5416666666666666,0.3969298245614035,0.7933723196881092,0.5138888888888888,0.8464912280701754,0.5138888888888888,0.3603801169590643,0.7662037037037037
30,0.4,clean,4,0.6111111111111112,0.8771929824561403,0.6111111111111112,0.48830409356725146,0.7976669103313839,0.5416666666666666,0.8552631578947368,0.5416666666666666,0.3969298245614035,0.7863365009746588
30,0.4,realistic,1,0.4305555555555556,0.8201754385964912,0.4305555555555556,0.2507309941520468,0.6502802144249513,0.3333333333333333,0.7894736842105263,0.3333333333333333,0.12280701754385964,0.6112938596491228
30,0.4,realistic,2,0.4722222222222222,0.8333333333333334,0.4722222222222222,0.3055555555555556,0.7151864035087719,0.4166666666666667,0.8157894736842105,0.4166666666666667,0.2324561403508772,0.6887183235867446
30,0.4,realistic,3,0.4,0.8,0.4000000000000001,0.2,0.6328296296296296,0.37333333333333335,0.7911111111111111,0.37333333333333335,0.16444444444444445,0.6143407407407407
30,0.4,realistic,4,0.5,0.8421052631578947,0.5,0.34210526315789475,0.7616349902534113,0.4583333333333333,0.8289473684210527,0.4583333333333333,0.28728070175438597,0.7246588693957116
60,0.2,clean,1,0.5833333333333334,0.9431818181818182,0.5833333333333334,0.5265151515151515,0.8729482323232323,0.5555555555555556,0.9393939393939394,0.5555555555555556,0.494949494949495,0.8561658249158248
60,0.2,clean,2,0.6111111111111112,0.946969696969697,0.6111111111111112,0.5580808080808081,0.8721064814814813,0.6111111111111112,0.946969696969697,0.6111111111111112,0.5580808080808081,0.8270728114478114
60,0.2,clean,3,0.5555555555555556,0.9393939393939394,0.5555555555555556,0.494949494949495,0.8507996632996633,0.5277777777777778,0.9356060606060606,0.5277777777777778,0.4633838383838384,0.7962436868686869
60,0.2,clean,4,0.4722222222222222,0.928030303030303,0.4722222222222222,0.40025252525252525,0.8361742424242424,0.4444444444444444,0.9242424242424242,0.4444444444444444,0.3686868686868687,0.8435395622895623
60,0.2,realistic,1,0.5121951219512195,0.9227799227799228,0.5121951219512195,0.4349750447311423,0.8662774272530368,0.5121951219512195,0.9227799227799228,0.5121951219512195,0.4349750447311423,0.8344476881062246
60,0.2,realistic,2,0.48484848484848486,0.9363295880149812,0.48484848484848486,0.42117807286346615,0.8052434456928839,0.3939393939393939,0.9250936329588015,0.3939393939393939,0.31903302689819546,0.7854954034729316
60,0.2,realistic,3,0.3888888888888889,0.9166666666666666,0.3888888888888889,0.3055555555555556,0.7690446127946128,0.3055555555555556,0.9053030303030303,0.3055555555555556,0.21085858585858586,0.7306397306397306
60,0.2,realistic,4,0.37142857142857144,0.9169811320754717,0.37142857142857144,0.2884097035040431,0.7735849056603774,0.34285714285714286,0.9132075471698113,0.34285714285714286,0.2560646900269542,0.769433962264151
60,0.4,clean,1,0.6111111111111112,0.8771929824561403,0.6111111111111112,0.48830409356725146,0.8450292397660819,0.5555555555555556,0.8596491228070176,0.5555555555555556,0.4152046783625731,0.7983369883040935
60,0.4,clean,2,0.5277777777777778,0.8508771929824561,0.5277777777777778,0.3786549707602339,0.7869761208576997,0.5416666666666666,0.8552631578947368,0.5416666666666666,0.3969298245614035,0.7330653021442495
60,0.4,clean,3,0.5833333333333334,0.868421052631579,0.5833333333333334,0.4517543859649123,0.8284600389863548,0.625,0.881578947368421,0.625,0.506578947368421,0.7972100389863547
60,0.4,clean,4,0.6666666666666666,0.8947368421052632,0.6666666666666666,0.5614035087719298,0.8510599415204678,0.6527777777777778,0.8903508771929824,0.6527777777777778,0.5431286549707602,0.7825596978557505
60,0.4,realistic,1,0.5342465753424658,0.8502202643171806,0.5342465753424658,0.3844668396596464,0.7613602075915756,0.547945205479452,0.8546255506607929,0.547945205479452,0.402570756140245,0.7250618550479755
60,0.4,realistic,2,0.5555555555555556,0.8596491228070176,0.5555555555555556,0.4152046783625731,0.811860380116959,0.5694444444444444,0.8640350877192983,0.5694444444444444,0.4334795321637427,0.8011695906432749
60,0.4,realistic,3,0.5068493150684932,0.8414096916299559,0.5068493150684932,0.3482590066984491,0.7760847263291291,0.4931506849315068,0.8370044052863436,0.4931506849315068,0.33015509021785044,0.7644680465874117
60,0.4,realistic,4,0.5,0.8421052631578947,0.5,0.34210526315789475,0.7531067251461989,0.4861111111111111,0.8377192982456141,0.4861111111111111,0.32383040935672514,0.7339485867446394
120,0.2,clean,1,0.6666666666666666,0.9545454545454546,0.6666666666666666,0.6212121212121212,0.9233480639730639,0.5555555555555556,0.9393939393939394,0.5555555555555556,0.494949494949495,0.8282302188552189
120,0.2,clean,2,0.7222222222222222,0.9621212121212122,0.7222222222222222,0.6843434343434344,0.9433922558922558,0.6944444444444444,0.9583333333333334,0.6944444444444444,0.6527777777777778,0.9337647306397305
120,0.2,clean,3,0.6944444444444444,0.9583333333333334,0.6944444444444444,0.6527777777777778,0.9515993265993266,0.5555555555555556,0.9393939393939394,0.5555555555555556,0.494949494949495,0.9047243265993266
120,0.2,clean,4,0.5277777777777778,0.9356060606060606,0.5277777777777778,0.4633838383838384,0.9074074074074073,0.5277777777777778,0.9356060606060606,0.5277777777777778,0.4633838383838384,0.8903619528619529
120,0.2,realistic,1,0.5945945945945946,0.9429657794676806,0.5945945945945946,0.5375603740622752,0.8789435823656355,0.4594594594594595,0.9239543726235742,0.4594594594594595,0.3834138320830336,0.8027951906278903
120,0.2,realistic,2,0.5405405405405406,0.935361216730038,0.5405405405405406,0.47590175727057854,0.90242523892714,0.5675675675675675,0.9391634980988594,0.5675675675675675,0.5067310656664269,0.8104511355461926
120,0.2,realistic,3,0.5277777777777778,0.9356060606060606,0.5277777777777778,0.4633838383838384,0.8314920033670032,0.5277777777777778,0.9356060606060606,0.5277777777777778,0.4633838383838384,0.8043455387205386
120,0.2,realistic,4,0.6666666666666666,0.9588014981273408,0.6666666666666666,0.6254681647940075,0.8629553966632618,0.6363636363636364,0.9550561797752809,0.6363636363636364,0.5914198161389173,0.8268641470888664
120,0.4,clean,1,0.8194444444444444,0.9429824561403509,0.8194444444444444,0.7624269005847953,0.9469115497076023,0.6805555555555556,0.8991228070175439,0.6805555555555556,0.5796783625730995,0.8983004385964912
120,0.4,clean,2,0.7638888888888888,0.9254385964912281,0.763888888888889,0.689327485380117,0.9263827972709552,0.6805555555555556,0.8991228070175439,0.6805555555555556,0.5796783625730995,0.8945236354775828
120,0.4,clean,3,0.7222222222222222,0.9122807017543859,0.7222222222222222,0.6345029239766082,0.9253472222222222,0.6388888888888888,0.8859649122807017,0.6388888888888888,0.5248538011695907,0.8347344054580897
120,0.4,clean,4,0.6944444444444444,0.9035087719298246,0.6944444444444444,0.597953216374269,0.9124939083820663,0.5972222222222222,0.8728070175438597,0.5972222222222222,0.47002923976608185,0.8172210038986354
120,0.4,realistic,1,0.6388888888888888,0.8859649122807017,0.6388888888888888,0.5248538011695907,0.8578216374269005,0.5833333333333334,0.868421052631579,0.5833333333333334,0.4517543859649123,0.8154848927875243
120,0.4,realistic,2,0.6533333333333333,0.8844444444444445,0.6533333333333333,0.5377777777777778,0.8805333333333333,0.5733333333333334,0.8577777777777778,0.5733333333333334,0.4311111111111111,0.8166222222222222
120,0.4,realistic,3,0.6527777777777778,0.8903508771929824,0.6527777777777778,0.5431286549707602,0.8789595516569201,0.5833333333333334,0.8640350877192983,0.5793103448275863,0.44527123261428,0.8430190058479532
120,0.4,realistic,4,0.7432432432432432,0.915929203539823,0.7432432432432431,0.6591724467830663,0.9077373834011002,0.6621621621621622,0.8893805309734514,0.6621621621621622,0.5515426931356134,0.8265367137048555
200,0.2,clean,1,0.8055555555555556,0.9734848484848485,0.8055555555555556,0.7790404040404041,0.9811658249158249,0.5277777777777778,0.9356060606060606,0.5277777777777778,0.4633838383838384,0.8583754208754208
200,0.2,clean,2,0.8055555555555556,0.9734848484848485,0.8055555555555556,0.7790404040404041,0.9608585858585859,0.6666666666666666,0.9545454545454546,0.6666666666666666,0.6212121212121212,0.8840488215488216
200,0.2,clean,3,0.6388888888888888,0.9507575757575758,0.6388888888888888,0.5896464646464646,0.9593855218855218,0.5555555555555556,0.9393939393939394,0.5555555555555556,0.494949494949495,0.8643728956228957
200,0.2,clean,4,0.7222222222222222,0.9621212121212122,0.7222222222222222,0.6843434343434344,0.953388047138047,0.6666666666666666,0.9545454545454546,0.6666666666666666,0.6212121212121212,0.8453808922558923
200,0.2,realistic,1,0.8421052631578947,0.9770992366412213,0.8421052631578947,0.8192044997991161,0.9485235034150261,0.6052631578947368,0.9427480916030534,0.6052631578947368,0.5480112494977902,0.8785154680594616
200,0.2,realistic,2,0.7368421052631579,0.9618320610687023,0.7368421052631579,0.6986741663318602,0.9474186420249096,0.6052631578947368,0.9427480916030534,0.6052631578947368,0.5480112494977902,0.8681699477701889
200,0.2,realistic,3,0.7631578947368421,0.9656488549618321,0.7631578947368421,0.7288067496986742,0.9716753716351948,0.5263157894736842,0.9312977099236641,0.5263157894736842,0.45761349939734836,0.8607874648453194
200,0.2,realistic,4,0.625,0.9552238805970149,0.625,0.5802238805970149,0.8958722014925375,0.46875,0.9365671641791045,0.46875,0.40531716417910446,0.8029967350746269
200,0.4,clean,1,0.6666666666666666,0.8947368421052632,0.6666666666666666,0.5614035087719298,0.9265960038986355,0.6111111111111112,0.8771929824561403,0.6111111111111112,0.48830409356725146,0.8201754385964912
200,0.4,clean,2,0.7777777777777778,0.9298245614035088,0.7777777777777778,0.7076023391812866,0.9392665692007798,0.6666666666666666,0.8947368421052632,0.6666666666666666,0.5614035087719298,0.8520955165692007
200,0.4,clean,3,0.8472222222222222,0.9517543859649122,0.8472222222222222,0.7989766081871345,0.9741410818713451,0.625,0.881578947368421,0.625,0.506578947368421,0.8526437621832359
200,0.4,clean,4,0.7083333333333334,0.9078947368421053,0.7083333333333334,0.6162280701754386,0.9305860136452241,0.6805555555555556,0.8991228070175439,0.6805555555555556,0.5796783625730995,0.8543798732943471
200,0.4,realistic,1,0.7432432432432432,0.915929203539823,0.7432432432432431,0.6591724467830663,0.9333592441999521,0.6081081081081081,0.8716814159292036,0.6081081081081081,0.4797895240373116,0.7994498923702463
200,0.4,realistic,2,0.7671232876712328,0.9251101321585903,0.7671232876712328,0.6922334198298232,0.9231790477339932,0.6164383561643836,0.8766519823788547,0.6164383561643836,0.4930903385432382,0.8372457908394183
200,0.4,realistic,3,0.7671232876712328,0.9251101321585903,0.7671232876712328,0.6922334198298232,0.9089373001025888,0.589041095890411,0.8678414096916299,0.589041095890411,0.4568825055820409,0.7817271136322491
200,0.4,realistic,4,0.6891891891891891,0.8982300884955752,0.6891891891891891,0.5874192776847644,0.9074982061707725,0.6486486486486487,0.8849557522123894,0.6486486486486487,0.533604400861038,0.8296460176991151
