y,rr,eta
0,1.070184,0.036736
1,-0.628410,-3.471558
0,-0.502029,-2.078142
0,0.084187,-2.159669
0,-0.756744,-0.748377
0,0.441766,-1.466831
0,-0.017419,-1.050072
1,-1.356752,-4.345563
0,0.553965,2.330551
0,-0.383063,-3.246535
0,0.641029,4.108370
0,-1.923734,-2.890633
0,0.706942,-1.011096
0,1.632108,5.344739
0,0.441766,-1.466831
0,0.925306,1.078338
1,0.892201,0.006578
0,1.733186,4.075660
0,-0.393591,1.490015
0,-0.729100,-2.359234
0,0.811276,1.197655
0,-2.496804,-5.945946
0,1.608736,4.646479
0,1.152863,1.361677
0,-0.926156,2.308137
0,0.441974,2.653691
0,-0.852898,1.623805
0,1.020888,3.409071
1,-1.498030,-3.626767
0,-0.530061,-2.885618
0,-0.285324,-0.980289
0,-1.720350,-1.349180
0,-0.795646,-2.685242
0,-0.948834,0.495795
0,0.274736,0.289437
0,-0.757056,-3.537918
0,0.573323,1.963749
0,0.797789,3.925879
0,1.255834,1.330619
0,0.389794,-0.157260
1,0.313573,0.538105
0,-2.418936,-2.421808
1,-0.892423,-4.562828
0,-0.717002,-2.108053
0,2.182778,11.184003
1,0.186157,1.443848
0,0.853551,1.577289
0,1.048376,2.248963
1,-0.921790,0.324450
0,-0.440811,0.724378
1,2.106171,8.160811
0,-0.903849,-4.467714
0,-0.205760,-0.942692
0,0.204590,-0.182879
0,1.133505,9.553906
0,-0.899662,-2.391962
0,0.472472,0.257000
1,0.912257,0.868535
0,0.281253,0.849431
0,-0.782580,0.334803
0,0.022945,-1.256102
0,0.146935,-0.402198
1,-0.318644,-2.175829
0,-0.712342,1.583137
0,-0.548499,-1.225951
0,0.973222,2.909318
0,-0.240644,-3.508012
0,-0.959546,-2.227195
1,0.200836,-1.587254
1,0.827470,1.784256
0,-0.854078,2.974782
0,1.107702,3.140160
0,0.018126,-1.133544
1,-0.717518,-2.774265
0,0.668878,1.934594
0,-0.788739,0.847141
0,0.854189,-0.481382
0,1.925429,6.350293
1,-0.523130,-1.806498
1,-0.992570,-1.858381
0,0.421097,2.765542
0,1.467564,7.017932
1,0.076534,2.671254
1,1.101601,0.225103
0,-0.232248,-2.182669
0,0.666152,-0.188990
0,-0.374776,-1.680861
0,-0.882115,-3.541973
0,1.592677,4.027276
0,0.965072,0.964600
0,0.148859,-1.723638
1,-0.706986,-0.296485
0,-1.551101,-3.327484
0,1.162338,3.550792
0,-1.226767,-2.512481
0,2.246697,6.933344
1,1.000821,3.125299
1,0.452929,2.543006
1,-0.906158,-3.303737
0,-0.798545,-4.541358
1,-0.984959,-2.234517
0,-0.810603,0.182958
0,0.605744,3.369424
0,0.148912,2.292978
0,0.437925,1.075818
0,-1.919096,-7.336658
0,-0.824489,-2.862802
0,1.971229,4.507448
1,0.466112,1.126216
0,0.111285,1.296139
1,0.072870,0.847597
1,0.446558,-1.599304
0,1.026330,0.049573
0,-0.129108,-0.044611
0,-0.813569,3.740984
0,0.587581,1.942719
0,-0.447653,7.129304
0,-0.947615,0.238864
0,0.048768,-1.686014
1,0.844446,1.126483
1,0.619760,2.672369
0,0.188370,-1.036190
1,0.344109,-0.724276
0,-1.092979,-2.608273
1,-1.065453,-2.982825
1,0.359450,-1.236932
1,0.234693,-0.919325
1,-0.239603,-0.614279
1,0.886602,1.990432
1,0.142819,-1.565198
0,-0.823181,-2.949430
0,0.516490,2.813910
0,0.777729,5.102732
0,1.546682,2.351678
0,-0.754996,-1.642411
0,-1.833042,-3.367443
1,0.670872,0.258108
0,0.551703,0.191637
0,-0.655273,-2.460797
0,0.452255,1.666087
0,-1.442375,-1.162315
1,1.134645,3.188887
0,1.809823,8.427767
0,0.316277,-0.418381
0,-0.347647,-3.036664
0,0.018297,0.891653
1,0.170440,0.972446
0,-1.040665,2.788188
0,0.795025,-1.154039
0,-1.829454,-4.710679
0,1.001860,6.732707
0,-1.773945,-3.545133
1,0.098207,-1.405849
0,1.832943,7.728433
1,-0.012711,0.437134
0,1.887424,4.227610
0,0.300423,1.767187
1,0.565024,2.774562
1,0.451227,0.377530
0,-0.527427,-0.802438
0,1.384134,4.672832
1,-0.171866,-3.224348
0,0.391659,2.161987
0,-0.875395,3.538151
0,-0.040326,0.298859
1,-0.877261,-3.292116
1,-0.097457,-3.213716
0,0.409063,7.449774
0,-1.102662,-2.979896
0,0.804275,-0.843852
0,-0.966467,-2.952861
0,-0.169381,-2.257064
0,-0.077213,-2.951207
0,1.042284,3.866012
1,0.972359,1.062317
1,0.614785,-1.248424
1,0.139145,-0.212482
1,-1.892267,-7.031080
0,0.148057,-1.687053
1,-0.428248,-3.173980
1,-0.181308,-0.737404
0,-0.356798,0.375888
0,-1.243617,-3.866941
0,0.924057,5.363093
0,-1.765338,-4.308851
1,-0.584948,-4.314707
0,-0.120532,-1.772908
0,-0.915723,1.405139
0,0.791606,1.979717
0,0.041593,0.381192
0,0.598952,3.900742
0,1.118784,1.350642
0,0.347820,-0.980098
0,-1.876031,-6.106764
1,-0.083086,-2.732150
0,1.501676,6.724426
0,0.183107,3.851064
0,-1.734155,-0.860716
0,0.953803,0.286906
0,0.765792,2.996953
0,-1.154144,-0.864143
0,0.501541,2.196455
0,0.181048,0.686616
0,-0.676547,-2.069125
1,-0.636718,-2.241770
0,-0.337850,-1.294446
0,2.281500,7.793364
0,-1.321453,1.989777
0,0.221374,-0.334130
0,1.182386,3.742289
0,-0.523132,-0.491430
1,0.131693,0.065052
0,-1.935017,-7.068356
0,-2.127437,-5.911990
0,-0.788525,-4.407508
0,0.540170,2.598819
1,-0.700308,-2.976610
0,0.118062,0.495117
0,-0.492378,-3.039202
0,-0.989966,-2.397025
1,-0.859173,-0.846384
0,-1.645882,-0.697575
0,1.453155,3.087165
0,-0.015036,-0.641519
0,-2.055865,-7.290835
0,-0.017079,-3.282090
0,-0.472596,2.288515
0,0.169396,0.399888
0,-0.306653,-0.641759
0,1.418385,1.402925
1,-2.283077,-7.693767
1,-1.336122,-2.937092
1,0.595115,0.181117
1,-1.236740,-3.203934
0,1.470793,3.324003
0,0.538892,2.133942
1,2.201303,4.607777
0,0.993157,5.466983
0,1.744438,3.029859
0,0.227221,0.145752
0,-0.672587,-1.816647
0,-0.210665,-0.946004
0,1.669484,4.221702
0,-1.077671,-1.193694
0,0.064041,-2.398301
0,-0.042062,-0.712645
0,-1.223486,-3.959343
0,1.513312,6.668327
0,0.356581,3.581682
1,0.172827,0.145476
0,0.658228,1.138075
0,-0.546387,1.789866
0,-1.577097,-0.155774
0,1.028204,8.273299
0,0.622983,7.467137
0,1.037731,3.659328
0,0.155760,-1.275999
1,-1.797189,-2.797161
0,0.428378,-0.958265
1,0.361557,-1.575633
1,1.051799,0.997561
0,0.118931,-0.594990
0,2.151236,6.029618
0,-0.278313,3.374652
1,-1.251479,-3.627615
0,0.647463,-0.394715
0,-0.254234,0.151122
0,-0.281810,-2.556437
1,0.313891,0.521900
0,-1.454558,-5.274000
1,0.823529,2.811334
0,0.428164,0.225400
0,0.437734,2.198030
1,-0.163182,-2.416626
1,-1.950513,-7.155596
1,-0.438440,3.924472
0,-0.625175,1.365483
1,0.243474,-0.292719
0,0.231816,1.084993
0,-1.918294,-7.218411
0,-0.244463,2.462194
1,-0.407754,-2.288663
0,-2.374678,-6.920316
0,-0.199649,0.889677
0,-0.424499,0.415340
1,-0.489650,-1.862740
0,-1.580477,0.310897
0,-0.044869,2.659030
0,-1.105863,-3.728530
0,-0.791668,-1.959672
0,-0.525721,0.492040
1,-1.555184,-6.425704
1,-1.187986,-3.291417
0,-1.037131,-4.124520
0,0.716074,0.067754
1,-0.969791,-0.771253
1,0.166267,7.436753
0,-0.386596,-3.665199
0,0.768320,0.657092
0,-0.475215,-0.679215
0,-1.662258,-2.735910
0,0.530882,-0.239225
1,0.725681,0.002642
0,-0.497101,-0.452990
0,-0.360209,-0.071401
1,-1.205815,-4.035567
0,-1.736573,-5.960002
1,-0.393302,-1.932908
1,0.877834,1.081762
0,0.687314,0.749215
1,0.868891,0.201126
1,-0.952799,-0.429054
0,0.980853,0.042447
0,1.237916,2.213532
0,-1.237889,-1.766772
0,-1.590075,-5.873101
0,0.296240,3.250701
0,-1.021905,-3.943317
1,0.932997,2.966843
0,-1.383160,-5.031135
0,-0.350595,-0.870344
0,-0.142355,2.583349
0,0.832238,3.597432
0,-0.662150,-1.167988
0,-1.429402,-3.753840
0,-0.595384,0.686812
0,-1.578137,-3.621790
0,0.242115,1.750595
1,0.773650,1.353629
0,0.625419,1.666243
0,0.536102,2.030821
0,1.083142,-0.570050
0,1.450656,2.267516
0,-0.419106,-3.157185
0,-0.062519,0.146095
0,0.860318,2.400977
0,-0.834835,-3.919914
0,0.734581,5.221591
0,-0.635691,0.200984
0,-0.704777,-1.851622
0,-0.151696,-2.712699
0,0.074399,-2.757501
1,0.482712,-1.018028
0,0.505249,0.798159
0,0.630992,2.424635
0,-0.133193,-1.195349
1,0.855961,3.224615
0,-0.474430,4.030599
0,0.072308,-3.092276
0,-1.964563,-6.445822
1,-0.515677,-4.274372
0,-0.313032,3.600782
0,0.486597,-0.513159
1,1.136418,1.658060
1,0.024676,0.132223
0,0.747520,0.582264
1,1.923250,3.056317
1,-0.136723,-1.104320
0,-0.381438,0.033876
0,-0.660229,-1.809651
0,-0.922222,-4.449645
0,0.353366,3.893905
0,1.142309,2.724533
0,-0.223029,-0.754397
0,0.091229,1.240580
1,-0.427887,-0.064585
1,0.757539,2.788988
1,-0.236480,0.799377
0,0.767929,-0.359202
0,0.368114,3.055862
0,0.132466,-2.011843
0,-0.303278,2.298707
0,1.713489,4.500504
0,-1.175746,-4.467766
1,-1.261092,-5.615589
0,-0.132416,-1.993811
1,0.553866,0.519600
1,-1.054896,-3.504331
1,0.829316,0.331769
0,1.346510,1.907517
0,-0.291332,-1.670920
0,-1.548583,-7.304922
0,-1.187795,-3.788335
0,1.063819,2.437792
0,0.828306,2.282743
0,-1.003985,-1.698057
0,0.299423,-0.414710
0,-0.919629,-3.458691
0,-2.044322,-6.602563
0,-1.567127,-5.172680
0,-0.375270,-3.262826
0,0.128548,0.474868
0,-0.100818,-2.832770
1,-0.375791,0.918199
1,-2.141604,-4.790497
0,0.398186,-0.185199
0,1.475438,3.293650
0,0.324588,-1.588144
1,0.245205,0.365033
1,0.903689,-0.691483
0,-0.733602,-2.501341
1,-0.844311,0.125904
0,1.073090,1.939492
0,-0.892250,-2.248004
0,0.839894,3.202191
0,-0.928172,-0.742464
1,-0.039919,5.035151
0,-0.136921,-1.124139
0,-1.027096,-4.197130
0,0.280121,1.521507
0,0.429078,2.757856
0,1.080611,0.410447
0,-0.618507,-0.028870
0,-0.635812,3.910874
0,-2.335787,-3.024836
1,-0.230234,0.379063
1,0.602727,-1.589568
0,-2.153549,-4.284797
0,0.537788,0.862377
0,0.620380,-0.817282
0,1.489640,2.409773
0,1.331862,1.791147
1,0.210670,-0.549677
0,0.414508,0.209415
1,0.774650,1.518705
0,-0.478940,4.919078
0,-1.089941,-5.427542
0,-0.922549,-2.966381
1,0.246971,-0.473773
0,0.392899,0.297565
1,-1.501979,-5.514296
1,-0.679222,-3.078079
1,0.269126,-0.643555
0,-1.348936,-3.349142
0,1.293552,6.607209
1,0.491630,-0.940503
0,-0.789314,-1.275576
1,1.062675,4.593928
0,-0.129727,-2.566750
0,-0.745488,-3.200625
0,1.810550,6.276296
0,1.022156,3.662783
0,-1.516842,-1.910410
1,0.392206,0.751157
0,1.794391,5.609173
1,-0.779646,-4.761340
0,-1.288849,-2.602775
0,0.399854,-0.881415
0,0.846174,-0.617449
0,-1.603574,-2.675080
1,-0.552113,-1.323790
1,-0.090470,-3.890684
0,-0.024381,0.333790
1,1.032346,2.324359
0,0.626627,1.168231
0,-2.615718,-2.712895
1,0.755615,1.440943
1,-0.807264,1.247905
0,-0.332484,-1.775764
0,0.901319,1.218782
0,0.929093,5.869574
1,0.279592,1.334907
0,-0.331403,-2.124179
1,0.012310,-1.934754
0,-1.147927,-5.437339
0,-0.908693,-2.082846
0,0.948164,6.626100
0,-2.435713,-4.470644
0,-1.050803,-2.360681
0,1.750798,2.731366
0,0.237842,4.402277
1,-0.497547,-4.627582
1,-0.054021,0.034503
0,1.641828,4.647106
0,-0.512988,-2.382183
1,-0.895435,-4.219493
0,0.110929,-0.298831
0,-1.030363,-1.277053
0,-1.254242,-2.527200
1,0.059843,-2.024299
0,-0.681899,-1.706300
0,0.790208,0.105364
0,0.448189,0.704235
1,0.361895,-1.114706
0,1.231612,1.412492
0,0.567293,4.008117
1,0.576364,1.057437
1,0.261684,-2.501639
1,0.429382,0.201732
0,0.761678,5.796675
1,0.881386,1.573201
0,-1.162662,-2.773165
0,-0.188827,-1.902794
0,0.506735,-2.589387
0,-0.452487,0.119097
0,-0.164624,1.944382
0,0.276548,2.019699
0,-0.595919,-1.084192
1,0.181692,0.604943
1,0.654278,5.758737
0,-0.638680,-4.012725
0,1.194058,5.090373
1,1.420956,6.145060
1,1.168141,1.992199
1,1.279269,4.285729
0,-0.175212,0.628018
0,-0.273387,0.546015
0,-1.852896,-0.035837
0,-0.034768,3.569183
0,-0.245072,-1.490550
0,0.577596,-0.616295
0,-1.875606,-4.563879
0,1.038445,-0.218513
0,-1.719625,-3.857774
1,-0.420499,1.752031
0,-2.003683,-5.557061
0,-0.767676,2.164810
1,1.553686,9.639806
0,0.387689,-0.172500
0,0.179872,1.198484
0,-0.310425,0.882402
0,2.048534,6.886959
0,0.155640,-0.873096
0,-2.317118,-5.615392
1,1.046232,2.462089
1,-1.152774,-5.051911
0,-0.598485,0.091820
0,0.548242,0.911807
0,1.058872,2.638505
1,0.988988,4.820007
0,0.710174,0.086579
0,-0.096191,1.081302
1,0.469587,7.032328
0,0.079928,0.622866
0,2.037158,7.811062
0,-1.177715,-3.432751
0,1.456820,5.325415
0,-0.276741,-1.365153
0,-0.087868,-1.141408
0,0.799284,1.626208
0,1.533637,3.467750
0,1.886875,2.889769
0,-0.814901,-3.555118
0,-0.012399,3.385597
0,-0.624808,-3.460109
0,-0.999001,-0.570594
0,-0.105126,3.053003
0,0.615979,0.104500
0,0.113726,-3.030436
1,0.782813,0.908405
0,1.326177,0.472917
0,0.243032,-2.168328
0,0.359148,-0.390536
1,0.572372,4.261647
1,0.199320,2.299648
0,0.150116,-1.099764
0,-1.380053,-2.814714
0,-2.227168,1.215146
1,0.297525,-2.662499
0,0.232431,0.443026
0,-2.040431,-6.316175
0,0.861732,0.683583
1,0.655896,-1.096954
1,1.777167,4.798755
0,-1.105740,-2.027189
1,-0.790562,0.524283
0,0.549604,2.270890
0,0.289311,2.575586
0,-1.363811,-0.951366
0,0.377610,0.944255
1,-0.193462,0.063101
0,-1.217228,-0.096133
0,2.127414,5.660879
0,0.147555,1.506117
1,-0.832927,-2.957330
0,0.303118,2.038836
0,0.179385,-0.889034
1,-0.137944,-0.531997
1,-0.708080,-2.638292
0,-0.339692,3.840114
0,-0.293608,-1.602653
0,-1.191435,-2.729460
0,-0.687127,0.239036
0,-0.681199,3.077606
0,0.994132,0.588290
1,-0.138637,-0.722655
1,-0.698437,-2.205443
0,1.004036,2.753521
1,1.402023,2.548291
1,-0.266335,-2.640814
0,0.451934,0.834515
0,-0.018130,-1.087341
0,-1.669488,-5.561430
0,-0.643587,-2.295368
0,1.617178,4.613204
0,0.778077,0.269636
0,0.153809,-1.688228
0,0.941554,10.397180
1,0.485469,0.346429
0,-0.870533,-3.917349
0,-0.316411,2.365912
1,1.247097,1.805220
0,0.535177,-1.100260
0,-1.773213,-2.338042
0,1.951009,3.658640
1,-0.094246,1.700610
0,0.685715,0.312370
1,0.037163,-0.221509
0,-1.302351,-5.222039
0,0.541473,1.810387
0,-0.411833,-0.392502
0,-1.834026,-6.327572
0,-0.790929,-2.888249
0,0.507991,-0.414654
0,-0.922777,-3.841914
0,-1.624072,-7.236644
0,0.698443,-0.857531
0,-1.298289,-3.106897
0,0.772904,1.285791
0,0.771066,0.882255
0,-1.102516,0.170571
1,-1.261239,-3.131217
0,-0.098284,0.663622
0,-1.454411,-1.100665
0,2.194001,8.099195
1,1.247338,2.836671
0,-1.552856,-5.235787
0,2.000182,4.738032
0,-1.031452,-0.394089
0,1.692762,4.689490
0,0.279655,2.001313
1,0.640450,0.003734
0,1.085106,4.380094
0,1.199491,4.169340
1,0.750688,1.571998
1,1.813765,3.774707
0,0.825073,2.183985
0,-1.997217,-3.772470
1,-0.073633,0.380695
0,0.010289,2.160876
0,0.702773,-0.374253
1,-0.035332,-2.281479
0,-2.270071,-3.610957
0,-1.236613,-1.750542
0,-2.015442,-5.191988
1,-2.614415,-5.574047
0,0.069816,0.167696
1,-0.065967,-1.090249
0,-0.507871,-2.900669
1,0.913443,1.112856
0,1.270056,2.186209
1,-0.300658,-2.163345
0,1.592246,3.454612
0,0.221677,-0.473447
0,-1.009092,-2.056194
0,-0.134917,0.895951
1,0.496641,0.142507
1,-0.931584,-1.941024
0,-0.548767,-1.856518
0,1.176725,1.278151
0,-1.868353,-2.612075
0,-1.120120,-0.976378
1,1.604636,6.487540
1,-0.901310,-0.015049
0,0.799614,-0.624564
0,-0.836148,-4.428622
0,0.281845,-0.539268
1,-1.847356,-2.526108
0,0.594658,5.241623
0,0.660084,3.367778
1,-1.315498,-4.279162
0,1.464572,3.293523
0,-0.234721,-0.485036
0,2.115105,4.313812
0,0.960322,1.819400
1,-0.349858,-2.979416
0,0.197333,1.482581
0,0.341587,-0.923559
0,-1.358991,-4.191882
0,0.966453,2.671367
1,0.519723,-0.684612
0,0.585249,0.368230
1,1.911443,6.508937
1,0.169602,1.785341
1,1.144585,1.432645
1,-0.868942,-4.795544
0,-0.117176,1.341260
0,0.516249,0.129302
0,-0.798388,0.075787
1,-0.622479,-2.729160
0,1.391145,5.722324
0,0.579993,-0.763428
0,1.704762,4.737032
0,2.204246,4.316426
0,0.176887,5.412962
0,-0.830532,-0.253892
0,0.203602,-0.755345
0,0.673312,0.004235
0,0.449280,1.132486
0,1.660753,3.194600
1,0.619113,-1.380283
0,0.931710,2.000371
1,-0.054444,-0.932029
0,-1.234220,-1.354771
0,0.597592,0.486300
0,-2.101463,-6.700208
1,1.244283,2.537933
0,0.628942,-0.813403
0,0.498864,5.450255
0,-1.152464,-2.863031
0,-0.655587,-1.043079
0,1.397250,2.809347
0,-0.125899,1.085840
0,2.112253,10.176637
1,1.577062,4.317684
0,1.233765,3.122970
0,0.814038,1.886865
1,0.278327,1.596233
0,-0.477108,-3.475371
0,0.864619,0.553931
0,0.896346,6.164201
0,-0.243547,0.566210
0,-0.268459,-3.479721
0,-0.495616,-2.700049
0,1.454935,1.769635
0,-0.255061,3.238568
1,0.296724,-2.359128
0,-2.411279,-4.328718
1,0.821061,3.327234
0,-0.068164,1.767144
1,-0.471341,0.128758
0,-0.625561,-3.010708
0,0.247056,0.493463
1,1.277626,3.164616
1,0.296556,0.080031
0,-1.985989,-4.712815
1,-0.321996,2.949378
1,0.237364,-0.563342
0,0.159853,4.237519
1,-1.962696,-3.305644
0,1.140961,1.321231
0,1.022652,1.786879
1,0.776296,0.949864
0,-0.538060,1.460873
0,-2.419674,-6.384779
0,-1.531720,-6.740956
0,0.365155,1.977989
0,-1.130916,-0.400440
1,1.963186,5.374019
0,-1.531232,-5.090856
0,-0.013743,1.657290
0,0.080389,1.415292
1,0.008979,-0.088923
0,-0.176270,-1.418881
1,-1.786795,-5.322206
1,0.004714,0.949207
0,-1.601858,-5.008168
1,-0.040693,-1.091121
0,1.608532,4.829470
0,1.319415,3.116341
0,-1.664080,-5.304686
0,-0.317259,0.306844
1,1.392526,5.118122
1,0.249956,3.016048
0,-1.984487,-6.985221
0,0.585398,0.731192
1,-1.406797,-1.677750
0,-0.417457,-1.325335
0,-0.707989,-0.587351
0,0.119904,-1.702526
0,-0.590466,-1.721209
0,-0.307736,1.561543
0,-0.554127,-1.075800
0,0.889131,3.227286
1,0.897255,2.652424
0,-1.570214,-1.657151
0,0.045714,1.633055
0,-0.615751,-3.189469
0,-0.324309,0.424463
0,0.112223,-1.767938
0,-1.149636,-4.356385
1,0.650419,-0.845296
1,-1.636978,-0.824389
0,0.386798,-0.123855
0,-0.948098,-3.900900
1,0.767831,1.231542
1,-0.490752,-2.479944
0,-0.168395,-1.716120
0,-2.277686,-5.670673
0,-0.882282,-1.279728
0,-1.025769,-4.116326
0,-0.739821,-2.954926
0,1.278713,5.750360
1,-0.420259,-1.700359
0,0.148818,-0.785725
1,-1.570723,-4.627655
0,0.857782,-0.317611
0,0.016904,4.426971
0,-0.563729,-2.422336
0,-0.670836,-5.575689
1,-0.540978,-1.713293
0,0.169274,-2.455837
1,0.055777,-1.303196
0,-0.201017,-0.140156
0,0.664406,-0.579580
0,-0.955437,-1.240262
0,-0.444415,-4.017311
0,-0.005070,-2.978674
0,0.052839,4.829494
0,-2.572363,-6.283206
0,0.544847,2.465287
1,-1.112700,-5.470738
1,0.549004,3.167068
0,1.003592,0.774340
1,0.600992,2.072986
0,-0.317836,3.503643
0,0.672161,0.176443
0,0.916771,5.886144
0,1.264580,1.594046
0,-0.433971,-3.006158
0,-1.056346,-4.201479
0,-0.207260,-1.989429
1,-2.661571,-4.104040
0,-0.959613,-4.029370
0,-0.454370,-0.639040
1,0.519235,3.168253
0,1.386087,3.421728
0,-0.021674,2.288877
0,1.035735,7.104062
1,-0.138574,0.323282
0,0.189025,-1.470880
0,1.057332,1.761760
0,-0.204564,-2.957398
0,-0.095767,0.049177
0,0.100844,0.431735
0,-0.556484,0.784797
1,-0.716893,-0.750799
0,-0.310543,-2.584466
1,-0.536660,-2.329632
0,0.380798,4.282785
1,0.043333,2.063084
0,-0.742077,-0.600383
0,-1.256281,-4.285830
0,-1.389794,-5.932063
1,0.573622,2.975535
0,-1.424159,-0.203865
0,-0.331345,-0.584906
0,-0.606470,-4.217655
0,-0.331411,-1.707567
1,-0.984433,-3.263401
0,-0.495972,-1.110765
0,-0.894880,1.132913
0,0.848882,3.632742
0,0.764769,0.897582
0,-0.192093,-0.477582
0,-1.392069,-1.032981
1,0.684009,0.214332
1,0.889794,3.768105
0,-0.742533,-1.810005
1,-1.392556,-5.096128
0,1.169681,1.320470
1,-0.538921,-1.153014
0,-1.829899,-4.072161
0,1.326037,3.476890
1,0.143245,-0.335705
0,1.194222,2.439650
1,0.015007,-1.626107
0,-0.267802,-2.337734
0,-0.791660,-0.004650
0,0.867196,-0.191619
0,-0.618145,-3.571882
0,-0.684666,-0.186145
1,-0.262699,-3.403124
0,0.416293,0.283786
0,0.009851,0.641707
0,1.165291,4.360974
0,2.155465,8.163183
0,0.737478,-0.597035
0,-1.182634,-2.916707
0,0.941146,-0.032284
0,1.541965,5.065772
0,-0.631507,-4.570542
0,-0.767705,-1.261760
0,0.178076,0.279594
0,0.917948,3.713403
0,0.376645,-0.714540
0,-0.399102,-2.358889
0,0.265029,-1.031980
0,0.136249,3.045867
1,-0.110826,-3.976790
1,-1.806751,-4.645952
0,0.400525,2.087398
1,-0.274019,3.182047
1,0.995754,0.302149
1,-0.658337,2.755442
1,0.109448,5.453245
1,-1.336065,-4.248346
0,1.067655,1.363205
0,1.112837,3.657618
0,1.920836,5.475868
0,-1.173799,-2.607868
0,-0.147122,1.152431
0,-0.110014,-2.431519
1,1.530464,8.839956
1,-0.221506,-0.534769
0,-0.042867,-0.742826
0,0.210480,-0.737640
0,-0.372689,-3.325554
0,-0.557911,1.835090
0,2.219824,9.884240
0,-1.068525,-4.121652
0,-1.496393,-2.974165
0,1.124417,3.252649
0,0.450607,2.549499
0,-0.749912,-0.448839
0,0.709026,0.749698
0,-0.117842,1.451911
0,1.146955,4.971393
0,-1.181983,-3.021931
0,-0.498265,0.234126
0,0.246482,-0.606898
0,-1.366693,-5.111424
0,-0.090916,-1.041634
0,0.073793,-1.937530
0,-0.718637,-3.797665
1,0.363980,2.820856
0,0.693799,-0.475640
0,-0.834654,2.200805
1,1.326793,1.605800
0,-1.214378,-0.170382
0,-1.119827,-3.503815
0,0.487101,-0.616391
1,-1.374154,-4.969769
0,-1.036366,-2.372072
1,-0.176479,1.877845
0,0.320790,0.750427
1,-0.195616,-3.050724
1,0.272455,3.301841
1,-0.239698,-4.355007
0,-0.066877,-0.689092
0,-0.085706,0.271751
0,-0.963241,-0.055840
1,-0.247048,0.897185
0,-0.331849,-0.472598
0,-0.489287,0.777719
1,-2.271386,-3.437866
1,-0.271134,-0.043118
0,-0.433840,-0.208554
1,0.297762,0.981102
0,-0.012721,-2.333184
0,0.082505,-0.209178
0,1.990477,4.248816
1,0.278975,1.094826
0,1.834644,14.904001
0,-0.390267,-1.731068
1,0.115091,0.226757
1,1.528985,4.454158
0,0.135328,-1.718948
0,0.720077,0.688210
0,0.142894,-1.137015
0,0.776441,2.698082
0,0.076759,1.631561
0,-0.711422,-1.302592
1,0.184977,1.419347
1,-0.733138,-3.601670
1,-0.485448,-0.799511
0,1.234821,1.329397
1,0.125234,-1.472311
1,-1.559790,-3.064864
1,-1.676676,-4.420495
0,0.084006,-1.459596
0,-0.674491,2.050452
1,-0.486320,-1.615384
0,2.214081,20.786983
0,-0.435160,2.214620
0,-0.697479,-2.542100
1,-2.459609,-2.598896
0,-0.174602,-0.516225
0,-0.368873,0.565317
0,0.352236,-0.190766
0,-1.108172,2.784792
0,-0.810639,0.396716
0,-0.078415,1.830184
0,0.931340,4.174435
0,-1.878644,-1.121360
0,1.077277,0.748174
0,-1.803060,-3.382294
1,0.766249,-0.720472
0,-0.107686,-1.665902
1,0.521190,0.207580
1,-0.893244,1.090040
0,0.313259,0.023989
0,0.322497,2.457351
0,0.126022,-1.675589
0,1.085502,4.535892
0,-1.512719,-2.848949
0,0.483897,4.476879
0,-0.799394,3.005708
0,-0.551702,1.027981
0,-0.164829,-0.147844
1,0.545928,5.090497
0,0.379335,-1.231379
1,0.881896,0.333182
0,0.401418,-0.938166
0,-1.237302,0.808594
1,-0.093270,-2.412092
1,0.505576,-0.038595
1,-0.890367,-4.212076
0,0.260478,0.971220
1,0.131237,-0.682503
0,1.145869,2.336154
0,-0.432568,-2.593935
0,0.941679,1.233833
1,0.110468,-1.232617
0,1.930845,6.854534
0,0.443534,-0.420108
0,-0.237952,-0.383296
0,-1.921607,-5.743101
1,-0.217784,-1.635729
1,0.343863,1.487103
0,-1.268191,-2.544006
0,1.202634,4.612379
1,0.792244,0.522003
0,0.971658,0.184327
0,-0.312489,0.978032
1,-1.304978,-2.738223
0,0.638643,0.168957
0,1.869719,10.761934
0,-0.715197,1.394902
0,-1.347611,-4.187219
0,1.227270,3.394101
0,0.652978,5.969134
0,-0.494911,-0.605030
0,-0.011022,-1.206242
0,-0.293445,-1.403675
0,-1.506762,-5.253620
0,-0.522308,0.005486
0,-1.982026,-7.016841
0,1.094731,5.814111
0,0.035821,-1.020700
0,-2.210074,-5.746016
0,1.004152,1.362918
0,-0.226731,-1.729063
0,0.112230,2.764840
0,0.614230,1.080454
1,-0.709642,-1.130526
0,-1.624644,-3.282763
0,0.391996,-1.106076
0,0.230148,-1.171516
1,-0.686225,-0.975717
1,1.121768,2.929571
1,-0.738314,-2.484337
0,0.220604,-1.316683
0,1.604970,3.845082
0,-0.036519,2.320810
0,1.552667,4.364429
0,0.771356,-0.384266
0,-0.549869,-1.081169
1,0.364658,-0.386385
1,0.471735,-0.107438
0,0.082450,1.600203
0,-1.817152,-3.820396
1,-0.473938,-3.403065
0,-0.348908,-0.219656
0,-0.617384,-0.758548
0,0.583091,2.830268
0,1.532035,2.268679
0,0.853925,1.979326
0,-1.503048,-1.265180
0,0.984437,2.961902
0,-1.984445,-4.230632
1,0.721742,2.720839
0,0.034073,3.203752
0,-0.408612,-4.160991
0,-0.394877,0.209415
0,-1.829293,-2.006978
0,-0.707045,-0.981041
1,-1.382115,-3.742225
0,0.644772,2.237298
0,-1.741763,-5.990150
1,0.154633,3.273190
1,-0.575290,-4.228531
0,-0.346157,-2.921412
0,-1.937073,-6.684050
0,-1.675490,-3.432289
0,-1.107185,-2.698332
1,-0.023695,-1.541313
0,0.194067,1.390224
0,-0.490064,-3.894942
1,1.277993,4.957766
1,-0.211095,0.511658
0,-0.703821,-3.519205
1,-0.797190,-3.319737
1,-1.377016,-0.692657
0,1.339094,6.163295
0,-0.580302,-2.722594
0,-0.053791,-0.339706
0,-0.258580,2.108596
1,-0.119266,-1.018603
0,1.743212,3.115253
0,0.475270,0.538598
0,2.532960,48.733803
1,1.616486,3.201734
0,-0.049208,-1.224680
1,-2.940370,-6.349047
0,0.202036,-1.440008
0,-0.013631,1.530460
1,-0.393616,-0.931663
1,-0.294087,1.929947
0,0.324169,-0.002997
0,0.491389,-0.204059
1,0.796897,4.348643
1,-0.621355,0.291820
0,0.760825,0.818381
0,1.380319,1.735359
0,-0.639965,1.446170
0,0.540800,0.914232
0,1.711336,7.118068
0,2.082235,3.278495
1,-1.913110,-3.524790
1,2.101620,7.493394
1,-0.808419,-1.789298
0,0.001856,-0.617659
0,-1.113653,-2.490733
0,0.748226,0.200007
1,-1.345039,-0.392913
1,0.044944,-2.123437
1,0.034890,1.602196
0,-0.944447,-0.315015
1,-0.277434,-2.978119
1,0.190530,-1.642080
1,0.228049,0.264047
1,-1.053126,-3.501894
0,-0.350889,1.306284
1,0.450025,2.039754
0,-0.038940,-3.518272
0,-1.060193,-3.413949
0,0.830698,2.367341
0,-1.512989,-5.140639
0,-2.054505,-7.242334
0,-1.667201,-0.986503
0,0.988620,0.761056
0,0.936743,5.392930
1,0.553442,0.836788
0,0.227415,-0.520168
0,0.107754,1.313858
1,-1.250435,-0.907741
1,-1.761495,-4.808590
1,-0.550878,6.336026
0,-0.327136,-0.477898
0,1.214479,1.641565
0,1.934174,12.421501
1,-1.876364,-1.741448
1,1.856708,7.468517
0,-1.461616,-1.755350
1,-1.787557,-3.640902
0,0.226261,0.398997
0,1.482522,2.626778
0,0.166645,-1.825563
0,0.029488,-2.184704
0,0.057874,0.220782
0,0.873234,4.627215
1,-0.097282,-0.595445
0,0.473082,-0.188647
1,-1.653465,-1.558617
1,1.570630,3.043189
1,-0.335312,3.586846
0,-0.528332,-2.895249
0,-1.867803,-4.039039
0,2.240743,6.273259
1,0.226296,-1.681256
0,1.303334,2.722566
0,-1.340100,-2.787796
0,-1.136870,-2.450938
0,-2.544478,-4.160882
0,-0.001617,-0.756918
1,-0.779269,-3.847400
0,-0.487983,-2.670068
0,-1.873472,-5.160850
1,1.009544,0.366998
0,1.088569,2.737862
0,-1.584532,-4.795996
0,-0.373018,0.218919
0,-0.318641,-3.218670
1,-0.118729,-2.253228
1,-0.220273,-2.479907
1,-0.556356,-1.163768
0,1.483395,2.549359
0,0.569737,1.368402
0,-1.343541,-5.802647
0,-0.050450,-0.584047
0,-2.369221,-1.447647
0,-0.218750,-2.496316
1,0.292919,-0.101833
0,-1.499548,-5.541564
0,-0.745451,-2.730211
0,1.001389,1.574624
0,0.275840,-0.976380
0,1.163925,0.081852
0,-2.734366,-6.539958
0,-1.037567,-3.040087
0,1.083434,1.690866
0,0.838143,3.693351
0,-0.477508,-0.499503
0,1.025130,3.435812
1,0.851304,2.538204
1,-0.428947,-0.009970
1,-0.846635,-1.964052
0,-0.809461,-2.709781
0,-0.336576,-2.619234
0,0.560802,-0.878338
0,1.303590,6.890639
0,-0.376486,-2.241140
0,-0.027865,2.479119
0,-1.599588,-4.431230
0,1.904807,7.664275
0,1.368181,2.912020
0,-0.945643,3.734869
0,-0.015649,-0.395446
1,-0.207691,0.095600
0,0.069355,-2.013993
1,-1.743927,-7.102033
0,0.054162,0.825413
0,-0.265781,-2.816960
0,1.684957,4.931136
0,-0.922948,-2.093055
0,2.356611,7.154148
0,0.972144,6.081330
0,-0.384872,-3.336561
0,-0.896650,-1.888894
0,0.203169,1.735086
0,0.738927,3.816250
1,1.510733,4.094811
1,-1.339199,-2.971994
0,-0.463659,1.040982
1,-1.350237,-6.313743
1,1.408563,4.560353
1,1.740477,4.172904
1,-0.114513,-2.701229
0,1.154172,3.664414
0,-0.417677,-0.759214
0,0.099035,-1.590589
0,-0.726013,-3.160460
0,-1.766763,0.019603
0,-0.854667,-1.166583
1,0.300224,-1.175852
0,0.570689,2.662504
1,-1.209307,-3.269195
0,-1.814185,-5.213274
0,-0.014047,1.638064
0,0.000000,-1.881364
0,-0.560467,-1.447112
0,-0.014398,0.093487
0,0.410942,0.505755
0,0.473005,5.689253
0,-0.353849,-2.249961
0,0.754044,0.518117
0,-1.135866,-5.036693
0,1.250124,7.524299
1,0.906981,3.861610
0,-0.117614,-1.545519
0,-0.243721,-2.623729
1,0.283900,2.343910
1,1.067666,3.128751
0,0.866548,1.891329
0,-0.743540,-1.100464
0,0.729295,1.413780
0,-1.660846,-6.763645
1,-0.822108,-3.895383
1,-0.329057,-3.215683
0,-0.909186,-1.404723
1,0.349486,-1.159852
0,1.024302,1.003885
1,-1.266516,-4.294539
0,-0.539903,1.650670
1,0.985470,2.293768
1,-0.341723,-3.610519
1,-0.498098,-2.612446
0,-0.436178,-2.021840
0,-1.020691,-3.365346
1,-0.677600,-2.032660
0,0.334541,-1.055323
0,-0.310117,1.718751
0,-0.111291,1.826013
0,0.639408,1.013602
0,-1.351312,-3.300574
0,-0.947850,-2.061074
1,-1.592073,1.155582
0,0.125634,-1.843501
0,1.478283,9.007766
0,1.685964,2.691364
0,-0.797713,-2.325638
0,-1.232868,-2.756705
0,-1.068132,-3.342768
0,-1.023321,2.837646
0,1.897699,2.666151
0,-2.638424,-7.640549
0,-0.044292,-2.734943
0,2.210555,10.466248
0,-0.686640,-1.939085
0,0.494781,1.021867
0,0.982277,1.760565
0,0.354873,-0.911876
0,1.165473,2.544636
0,0.638690,-0.607957
0,-1.356287,-4.067023
0,0.096371,-0.689292
0,0.180413,5.052369
1,0.516577,3.063536
1,0.948559,2.133160
0,1.804060,3.842977
0,1.543237,2.650175
0,0.035406,4.562767
1,0.264325,0.838204
1,-0.069132,-1.877748
0,0.941308,4.043647
1,-0.925284,-2.604717
1,-0.812558,-0.165251
0,0.740908,-0.994223
0,0.741409,1.834523
1,-3.029502,-7.825609
0,1.687437,3.735117
1,0.846882,5.461876
1,0.413353,-2.099311
0,1.667948,7.037932
0,-1.068205,-0.611983
1,0.767852,0.844211
0,2.110779,3.115539
0,-0.946920,-0.464598
0,-0.236123,-0.304434
0,1.347046,2.134387
1,0.086984,1.227385
0,-1.172982,-0.208242
0,0.550121,-0.251038
0,-1.179305,-4.381014
0,-1.179216,-4.668226
0,0.405433,1.084309
1,-2.003545,-6.599388
1,0.041719,-0.357998
1,1.046591,2.874184
0,-0.543160,-2.792110
0,0.003266,-1.831908
0,0.382824,-0.351253
1,-0.433111,-3.027044
0,0.933709,1.198032
0,-0.747510,-2.344445
0,0.962775,1.318493
0,-0.952181,-4.652739
0,2.115817,9.098699
0,-0.479313,-1.662594
0,-0.230116,1.698085
0,-0.277662,-0.744979
0,-1.804642,-3.439696
1,0.277468,0.732970
0,1.138080,3.561700
0,-1.128940,-5.136966
0,0.388074,2.060632
1,-0.132407,0.294858
0,0.260691,0.619719
0,1.444773,1.498413
0,-0.431843,0.774861
0,0.035676,2.110876
0,-0.001270,1.789759
0,-0.633412,-2.739021
1,-0.038772,-2.282837
0,0.494669,0.856811
0,-1.592171,-5.597626
1,0.959080,2.565237
0,0.567639,4.649134
0,-1.056172,-2.412768
0,-1.196436,-3.469552
0,1.047230,1.605359
0,-1.367911,-3.013265
0,-1.114821,-1.524106
0,0.396545,0.739488
0,0.994457,6.313702
0,-1.614213,-4.223062
0,-1.259503,-3.276416
0,0.108182,2.105923
0,-0.281462,-2.162389
0,-1.282731,-2.702600
0,0.402767,1.182846
1,-0.370534,-3.417355
0,-0.032931,2.788351
1,0.040021,-0.723686
1,0.282994,2.684281
0,1.598025,2.869633
1,-1.245784,-1.907274
1,0.756690,1.778407
0,0.376755,-0.830682
0,-1.348128,-3.344450
0,-0.369190,1.284959
0,1.198123,4.822676
1,-0.616795,-3.220157
0,-0.756751,-3.461689
0,-0.073489,0.511441
0,0.304700,0.540494
0,1.414673,2.354402
1,-0.496042,-1.778125
0,-1.057096,-4.505725
0,-1.051714,1.934973
1,-0.350982,-1.731388
0,0.404761,-1.623435
1,0.809183,1.881673
1,1.630069,7.913692
1,-2.046382,-4.995268
0,2.227489,6.812685
0,1.150750,3.124890
0,0.052569,-0.677530
1,0.544158,-0.689983
0,0.070434,4.409263
0,-2.705171,-4.224331
0,-0.070499,-1.748866
0,1.981089,4.524839
0,0.903130,4.307635
0,-0.541047,-1.310818
0,-0.064863,-1.434427
0,0.639839,0.352039
0,-0.146336,0.006704
1,-0.784671,1.491750
0,0.794523,0.654326
0,0.115073,1.266630
0,1.711800,3.129277
0,1.343757,0.506140
0,-0.325079,-3.480520
1,-0.390235,-1.657719
1,0.282071,-1.032217
0,-2.213417,-3.015820
0,-1.093574,-2.747494
1,-0.959166,-0.126044
0,0.175222,-0.336701
1,-0.165977,-2.089807
0,0.699777,1.848182
0,-0.494466,-2.900752
0,0.484711,-1.682463
0,1.599834,2.502110
0,-0.615044,1.921914
0,-0.955200,-1.134822
1,0.737649,0.259266
1,0.176294,-0.926842
0,-0.215289,-0.860736
0,0.191361,-0.969270
0,0.814295,2.467116
0,-1.052087,-1.750707
0,2.323722,6.265224
0,0.227525,-1.974050
1,0.078012,-1.493406
1,-0.059490,0.476891
0,0.466687,-1.603354
0,-0.614988,-1.258224
0,0.709003,7.269998
0,0.512603,-0.235944
0,1.260125,5.444124
0,0.001306,3.079397
0,-1.001305,-2.697563
0,-1.134564,-1.972323
0,1.547057,4.234774
1,-0.749748,-1.140739
0,-0.985006,-1.743928
0,0.245365,0.606450
0,-0.255398,-0.436294
0,0.507966,-0.254143
0,-0.695586,-2.202596
0,-1.086830,-2.114838
0,0.965511,2.437353
0,-1.362922,-1.835879
0,-2.260503,-7.370737
0,0.436513,2.753505
0,-1.312906,-0.205740
0,-1.000636,-2.132468
0,1.506673,4.193938
0,-1.733369,-0.537867
0,-0.360706,-1.172647
0,-0.329763,-2.382518
1,-0.496047,-3.801432
0,2.013856,3.595284
0,-0.757636,-0.530518
0,-0.398373,-0.531144
0,1.629442,5.691238
0,-0.705741,0.057839
0,0.016292,0.215432
0,0.542999,1.654283
0,0.139630,1.971823
0,-0.380603,0.083231
0,-0.408122,-3.122863
0,0.532175,-1.317884
0,1.609662,5.408621
1,1.057505,2.438030
0,0.045736,-1.447326
0,-0.381943,0.289301
0,0.060617,-0.634170
0,-0.521220,-1.209855
0,-1.610790,-5.600920
0,-1.107765,-3.002342
0,0.877601,0.814133
0,-0.341468,-1.776183
1,1.528710,6.024188
0,-0.720883,-0.242941
0,0.248053,-0.054727
0,1.480098,6.597986
0,-0.045307,-1.823708
1,-0.463752,-2.922558
0,-1.930236,-1.058334
0,-0.510029,-0.111578
0,-0.900307,-2.633777
0,0.591963,0.823551
0,0.246515,6.614867
0,-2.101795,-6.767267
0,0.427711,2.895346
0,1.957589,5.155116
0,0.867104,1.245672
0,-1.271317,-4.188794
0,0.204257,1.593065
0,0.265337,2.554028
0,-1.050419,-3.436086
1,-1.185680,-2.429836
1,-2.885906,-2.545962
0,-0.408214,-1.061183
1,-1.034615,-1.504199
0,0.498278,-0.587036
0,0.764055,0.546549
0,-1.223327,-2.830555
0,-2.308420,-5.751156
1,-1.822957,-6.414667
1,0.051845,0.796885
0,0.337060,1.368939
0,-1.116110,-1.575145
0,0.863816,0.298862
1,-0.275745,-2.655835
0,-0.952695,-4.435436
0,0.582800,0.913912
0,-1.150785,-1.999728
1,0.692273,-2.189271
0,1.750487,6.411783
1,0.994218,0.840896
0,0.802347,-0.369906
1,-0.781520,-1.720908
0,-0.116811,0.718750
0,1.294620,3.793750
1,-0.436160,-2.716571
0,1.040425,2.462078
0,-1.074976,-2.052020
1,-0.379911,0.004478
0,-1.605088,-3.175062
0,0.890912,2.813660
0,-0.619808,-1.243036
0,1.367805,3.869296
0,-0.510703,-1.546874
0,-0.553352,1.320325
0,1.391173,2.286047
0,0.481442,1.082844
0,1.636275,5.036867
0,0.537217,-0.424088
1,0.309965,-0.414524
0,-0.925227,1.995973
0,-1.237519,-2.854901
1,-3.022011,-5.260031
0,-1.484326,-5.004597
0,0.318502,2.510418
0,-1.376005,-2.898895
0,-0.709860,0.567443
0,-0.116323,-2.566020
0,0.272880,0.601702
0,-0.492818,-1.120296
0,2.117631,4.269205
0,-1.602288,-2.121214
0,-0.296842,-1.289828
0,-0.690156,-0.844507
0,-0.914554,-0.238244
0,0.703861,0.348869
0,-1.415289,-3.149819
0,-1.319721,-1.670485
1,-1.680015,-5.652377
0,-0.473915,-2.990376
0,0.343921,0.639867
0,2.050417,5.299070
0,-0.017349,-0.485846
1,0.299863,-0.516097
1,-0.920146,-3.819081
0,1.173072,1.355332
0,-1.964189,-5.319912
0,-0.245978,-1.495856
0,1.218020,2.408038
0,0.278533,-0.581731
0,0.156460,1.487742
0,1.111212,5.915144
0,1.931306,9.714854
0,-2.408089,-4.158272
0,0.159695,-0.244033
0,0.421982,2.214312
0,2.076040,6.287120
0,-0.012247,-0.415148
0,2.247047,5.017381
0,-0.178251,0.717870
0,0.407227,-0.329724
1,0.367438,0.119041
0,0.063704,-1.311710
0,0.571697,-1.982885
1,-0.198021,0.303875
0,-1.762240,-1.711911
0,0.862207,1.960598
0,-2.084407,-6.345864
0,0.439470,-1.135426
1,0.099237,1.140864
0,-0.830127,0.201359
0,0.161142,0.751023
1,1.461483,3.546118
0,-0.093071,-1.785570
0,-0.640497,0.324580
0,0.845872,0.962243
0,0.417850,1.360118
0,-2.037193,-5.055056
0,-0.075457,1.304451
0,0.001920,-3.671391
0,-2.243983,-5.114448
1,-0.646116,1.165376
0,-1.863460,-4.053853
0,0.593973,-0.524851
1,0.054867,3.395762
0,0.035892,-2.116967
0,2.277189,6.046588
1,-1.273421,-1.602182
0,0.603894,-0.501660
0,-1.728459,-3.882061
0,-0.203755,0.459216
0,1.144524,1.280602
0,-0.927840,-0.633355
1,-1.649918,-3.908608
0,0.379012,4.666781
0,-0.492383,1.221408
0,0.129570,2.565420
0,-0.752252,-0.392639
0,0.633809,0.697110
1,-2.063422,-1.008609
0,0.862879,-0.295158
1,-1.849377,-5.209569
0,1.070401,1.870585
0,0.305952,4.010103
0,-0.810627,-5.044656
0,0.783954,1.475637
0,-0.658519,-2.299145
0,-1.915905,-6.740489
1,0.069406,-0.531614
0,-0.894900,-3.670287
0,0.961260,6.782431
1,0.319433,-0.150036
0,0.955408,0.719529
1,-0.516252,-2.242699
1,-0.260385,1.388315
0,-0.482507,-1.695488
0,-0.925673,0.146739
0,-1.211151,-4.822058
0,0.547826,-0.290403
0,-1.227420,-3.284580
1,-0.143031,0.570371
0,-0.600834,-0.220801
0,0.325159,-1.036038
0,-0.027012,-2.147995
1,0.817471,4.237086
0,-1.053978,-2.281032
0,1.492876,3.954836
0,-0.715680,-2.367943
0,-1.400020,-3.992382
0,1.705771,4.097175
0,-0.919951,-1.395767
0,-0.022382,-2.286336
1,-0.352464,-0.314018
0,1.079830,1.465140
0,0.970687,3.917622
1,1.432938,6.296096
0,-1.338696,-2.542297
0,0.690883,1.333432
0,0.163314,3.946089
1,-0.741838,-3.584066
0,0.561682,3.392019
0,2.135879,8.080814
0,-0.549949,-0.166671
0,-0.383017,0.456389
1,0.792062,0.970161
1,-1.006777,-4.659270
0,-1.318145,-3.362811
0,1.779028,5.298133
0,-0.244887,-1.576283
0,-1.273018,-4.027647
0,-0.106775,1.636126
0,-0.786438,2.204521
0,-1.298691,-5.747066
1,1.329173,2.100318
0,-1.038864,-1.827158
1,1.025880,1.943253
0,-0.099036,-1.541067
0,2.183827,5.861495
0,0.954958,-0.242431
0,-0.132249,-1.963529
0,0.067074,0.346359
0,-0.283082,-1.225097
0,-1.647767,-3.149285
1,-1.153841,-2.715766
0,2.206932,6.080582
0,0.232849,-2.420163
1,-0.800152,0.809007
0,-0.450489,1.078074
0,-0.824653,2.424115
0,0.172635,0.612549
0,0.346825,-1.453377
0,-1.868609,-1.244923
1,1.389265,3.796880
0,0.422727,-1.094637
0,0.674673,2.121118
0,-1.141847,-0.465309
0,-0.146524,4.903581
1,0.294989,-0.841605
0,0.334803,0.400686
0,-1.883915,-6.985141
0,1.926455,5.285516
0,-1.283991,-0.318814
0,0.446303,2.082292
1,-0.297106,0.167298
1,1.153696,1.574938
0,0.669362,5.091249
0,1.217218,5.496580
1,-0.864191,3.022910
1,0.302950,-1.025898
0,0.173663,1.200280
0,0.702847,4.232355
0,1.377300,3.718236
0,1.590726,7.115903
0,-1.727515,-7.245962
0,-0.572653,-2.115881
0,-0.258845,1.817861
1,1.980332,3.153277
1,0.635128,0.398774
0,-1.293888,-2.387992
0,1.168244,2.196243
1,-1.901248,-0.674175
0,-2.087035,-3.237021
0,-1.631049,-3.431336
0,-1.913341,-6.685748
0,-1.558181,-6.247748
0,-0.161330,-0.866176
1,0.368492,4.644774
0,0.570328,0.494511
0,0.016544,5.212963
0,0.303993,-0.007186
0,-0.486558,3.298145
0,-0.776014,-1.991762
1,1.886351,3.291117
1,2.038178,4.321416
1,2.361950,6.965205
0,2.035102,3.598524
0,-0.226596,-3.376492
0,-1.156340,0.799856
1,-0.837867,-2.030795
0,-1.350321,-2.517561
1,-0.162932,-0.962698
0,0.444459,2.647889
0,1.127131,1.587448
1,-0.562876,-0.185602
0,-0.128098,-3.398778
1,0.713969,-0.161101
0,0.251358,2.157261
0,0.411295,0.116783
1,-0.541301,1.420432
0,-0.708361,-4.192085
1,1.003265,3.649027
0,-1.420579,-5.364099
0,-0.005317,5.097344
1,-1.127935,-5.106111
0,0.687188,8.274839
0,0.654210,0.029230
0,0.370135,-0.714417
0,-0.645325,-3.386512
1,0.882457,0.775256
0,1.108587,3.236600
0,-0.302978,-0.145192
0,-0.642055,-0.285672
0,-0.147488,1.583839
1,0.779453,1.005464
0,1.763417,6.702967
1,-1.706778,-4.646052
0,-0.267867,6.712058
1,2.026777,3.942646
1,0.559048,2.764167
0,1.150437,5.687188
0,-0.295360,-1.364686
0,-1.036543,-4.205962
0,1.096632,2.233439
1,0.463598,-0.888543
0,-1.968094,-4.212150
0,0.507117,3.087249
0,-1.725820,-4.846744
0,0.171317,0.455435
1,-0.484468,0.852687
0,-0.409916,-2.588154
0,-1.033774,-1.763166
0,-0.182307,0.510015
0,-0.699035,-3.617424
0,-0.827242,2.330982
0,-0.158872,1.227936
0,-0.034084,-2.195577
0,-1.117827,-1.311494
0,-2.081315,-3.830639
0,-0.523562,-1.410002
0,-1.956082,-3.692176
0,0.022433,0.582377
0,0.924328,1.829080
0,-0.210279,-2.072372
0,0.672660,2.405321
0,1.003703,0.819658
0,0.625727,-1.006878
0,1.041567,2.474768
0,-0.483626,1.854704
0,-0.701746,3.046447
0,0.076568,2.113469
1,0.431371,6.188846
0,1.398395,3.599525
0,-1.859081,-4.797507
0,-0.257654,-3.302198
0,0.473134,-0.713818
1,-0.679983,1.322385
1,-0.099473,1.577562
0,-0.531299,-2.272755
0,-1.253263,-4.665332
0,-0.601470,-0.840110
0,0.268373,3.515305
0,0.853065,2.713952
1,0.141579,-0.385480
0,-0.332153,0.575801
0,-0.953815,-2.941800
0,-1.143369,0.955304
1,-1.104433,-1.185066
0,-1.125973,-1.419025
0,-1.165736,-2.678019
0,-0.059500,3.413284
0,0.939223,1.376613
1,1.644339,3.039314
0,-0.381137,-1.488355
0,0.958676,1.794854
1,0.193793,-1.793873
0,-0.478412,-1.732774
0,-0.414377,-1.127627
1,-0.361705,-3.795594
0,0.192948,1.946783
1,-0.050825,-1.021123
0,-0.798664,0.712234
0,-0.169543,3.993562
0,1.818196,4.006660
1,0.550913,2.664728
0,-0.297538,-1.584250
1,0.236694,2.676337
0,0.261216,0.744082
1,1.003784,1.136703
0,-0.737063,-1.979246
0,-0.719660,-2.259516
0,-0.540721,-2.021065
0,-0.606469,-1.123222
1,0.440138,-2.227383
0,-0.224076,-0.601807
0,-0.533411,-2.453201
0,1.378051,8.656164
1,-1.480157,-1.110550
1,0.063121,-2.116204
1,1.147123,4.653618
0,1.680943,2.314190
0,0.192376,-0.822857
0,1.938698,4.468344
0,-0.997907,-0.112928
0,-0.372874,-0.725943
0,0.537983,2.788148
0,0.221378,0.118464
0,0.106889,-0.416639
0,-0.650544,-3.500184
0,-1.412032,-2.699349
1,0.210271,2.082747
1,0.888297,2.002838
0,-2.367889,-4.959939
0,1.653810,3.554946
0,0.325109,3.439587
1,0.775454,2.191385
0,-1.246086,-3.314449
0,-1.067342,-3.657241
0,0.812992,0.431533
1,-1.384876,1.012769
0,0.320803,0.322250
1,-1.550807,-3.543655
0,0.896836,2.605796
0,-0.360655,-2.506148
1,-0.016103,-0.200929
0,1.718973,7.179229
0,0.763912,0.393934
1,0.623488,0.129479
0,-0.908779,-0.056139
0,1.573331,1.954713
0,-0.101762,-1.018645
1,0.090153,-1.480941
1,-0.435701,-1.324355
0,1.140849,4.039683
0,-0.309021,-1.764342
0,0.966785,-0.051563
0,-0.574937,-1.853363
0,0.479984,2.509609
0,0.160140,-0.999602
1,-0.325150,-1.453026
0,-0.452184,-1.649941
0,-1.147284,-0.180676
0,0.591922,6.915133
0,-1.622382,-1.506919
0,0.433809,1.509628
0,0.700702,3.516806
0,1.667563,8.026401
0,-0.041324,2.121012
0,-1.346714,-1.416513
0,0.430925,2.408314
1,1.715734,7.061814
0,-1.520950,-0.879277
0,-1.498942,-5.287230
0,0.195327,-1.835702
0,-0.861540,-1.184629
1,0.678559,2.437027
1,1.653150,3.182750
0,0.627769,0.934191
1,-0.025790,-0.866425
0,-0.362805,-1.244275
1,-0.784400,-2.259715
0,0.177824,1.766909
0,-1.205122,-2.840530
0,1.195257,1.910572
0,-0.012124,-0.768054
0,-1.718543,-5.888993
1,0.476189,-2.297681
0,-1.394947,-5.064139
0,2.325788,11.514675
0,-0.564850,-1.684040
1,0.014508,-0.402318
0,-0.131488,-0.920480
0,0.125265,-1.014229
0,-0.284909,4.388759
0,0.824285,3.206280
1,-1.416496,-4.513663
0,-0.113509,2.886780
1,0.572558,-0.561540
0,0.682617,1.526714
0,-1.185675,-1.730429
0,0.546937,-1.199016
0,0.347178,-1.239081
0,-0.240695,-1.906508
0,0.620109,2.232794
0,-0.372334,2.734922
0,-0.682531,3.171854
0,-1.160024,-4.399668
1,0.084220,4.071257
0,0.284511,4.234547
0,1.267873,5.012021
0,2.099560,8.964240
0,-0.062007,3.752887
1,1.908042,8.938144
0,1.120024,1.356499
1,1.330435,2.952492
1,0.924272,5.641782
0,-0.504880,-0.892959
1,0.335623,-0.368750
0,0.251418,0.654955
0,0.690491,3.741553
0,1.738850,9.372575
0,-0.060833,-1.671659
0,-0.839682,-4.032656
0,0.137121,-2.308803
0,-0.432803,-0.275952
0,-0.051371,-0.947132
0,1.899350,4.358119
1,0.496049,-0.551106
0,1.549349,6.327277
0,-0.564938,-3.258702
0,-0.094637,-2.307515
0,-1.479507,-3.126047
0,-0.279171,5.709307
0,2.532960,48.733803
0,-0.083900,-2.720883
0,0.363822,1.203414
0,-1.064759,-2.616346
1,0.131654,1.561845
1,1.153916,0.340324
0,-0.993606,-3.686765
1,-0.393061,-3.314178
0,-0.370340,-0.278373
0,0.281289,-0.811616
0,-0.064166,1.506436
1,-0.273587,-1.103791
0,1.351283,3.225342
0,-1.393249,-4.250170
0,-0.773148,-1.842768
1,0.248641,-0.380757
0,0.587855,0.534066
1,0.105406,0.672946
0,0.226784,-0.883341
0,-1.731082,-5.826436
1,-0.795132,-2.161038
0,1.738603,2.231981
1,-0.177632,-2.140861
1,0.968569,5.056305
1,-0.934149,1.529019
0,0.409117,4.014839
0,0.527672,0.214470
0,2.195311,6.504273
0,-2.295479,-5.746811
0,-2.009162,-6.189629
0,0.079735,-0.720916
0,0.587218,-0.029226
0,0.815483,4.650243
1,0.113668,-2.159710
0,0.003492,1.168782
1,0.658596,0.313113
0,-0.536002,-0.586196
1,-0.240023,-1.039720
0,0.906222,2.689847
1,0.298256,-1.762577
0,-0.401884,0.139564
0,0.014812,-1.157078
0,0.824496,1.702161
0,-1.434605,-6.335623
0,-0.577043,-1.103392
0,-0.387563,-1.860948
0,-0.439583,2.782902
1,0.012051,2.123797
0,0.019845,-0.377925
0,-1.694802,-5.738390
0,-0.207351,-1.246073
0,0.358347,6.087493
0,-0.133629,-1.325563
0,0.381336,-0.484284
0,-1.469232,-2.957829
0,-1.190689,-3.568705
1,-0.896622,-2.037953
0,-0.213538,2.677430
0,0.256999,6.416807
0,1.528915,6.227450
0,-1.175603,-4.711360
0,-1.458883,-3.599844
0,0.788536,0.927597
0,-0.379437,-0.434116
0,-0.521857,0.609971
0,-0.535863,3.271826
0,-2.139035,-6.177480
0,0.072264,9.687911
0,-0.224911,-0.274668
0,-0.235220,-2.161033
0,-0.388694,-1.580934
0,-0.523354,0.442776
0,1.791508,5.849357
0,0.368099,-0.503662
1,2.140112,6.152766
0,-2.613157,-3.075608
0,-0.917038,-1.159685
0,-0.652540,-1.402878
0,-0.841543,-2.564492
0,0.390793,-0.939083
0,-0.148438,-2.066601
0,-1.632325,-4.913071
0,0.350295,0.872112
1,1.175881,0.922579
0,1.966802,5.553031
0,0.600055,0.513691
0,1.555426,5.647125
1,-1.944182,-6.314903
0,-1.045756,-1.573076
0,-0.529727,-2.052715
0,1.630756,5.807228
0,1.557673,9.172172
0,-1.201623,-5.279113
0,-0.984756,1.875716
0,1.288859,3.936388
0,-0.057834,3.000722
0,-0.898187,1.383610
0,-2.281333,-4.532692
1,0.365733,-2.269451
0,0.100897,-0.425404
0,-0.158865,2.872513
0,1.660027,10.623609
0,-1.333491,-3.155328
0,-1.439564,-3.914932
0,-1.767272,-2.905430
0,0.747089,3.067120
1,0.295807,2.524079
1,0.105127,3.113269
0,-2.091013,-4.895561
0,-1.175081,-4.310835
1,-2.107824,-3.388996
0,0.639505,-1.199369
0,0.929428,0.710346
0,0.453783,5.061586
0,1.360266,2.708215
0,2.284024,8.988891
1,0.617049,0.225050
0,0.551951,1.239356
0,1.440259,1.629688
0,-1.713400,-5.234810
1,-0.304409,3.246533
0,-0.330291,-0.378817
0,-0.281033,-1.886507
0,1.936715,5.622503
0,-0.374267,-0.081747
0,0.804132,-0.613019
0,-1.029785,-0.848302
1,1.041038,1.218554
0,2.045397,6.499552
0,-0.076696,-0.860280
0,-0.046086,-0.860303
0,1.627797,3.028106
0,1.620490,7.203627
1,-0.150301,0.258560
0,1.241875,3.088378
1,-0.665250,-1.644893
1,0.447577,-1.336485
1,-1.541750,-1.514012
0,0.084726,-1.429867
0,-0.351747,-5.048437
0,-0.160732,0.852991
0,1.182071,0.712201
1,1.166582,1.438100
0,-0.932284,0.345107
0,-0.385867,-3.123405
0,-0.936678,-3.523031
0,0.637588,2.969124
0,1.277292,6.289247
0,1.590215,8.383435
0,-0.387158,-0.795793
0,1.313741,2.120105
0,-0.336873,-1.085622
0,0.136816,3.608283
0,-0.681529,-0.899831
1,0.019309,-0.079765
0,-1.889525,-2.504411
0,0.069196,-2.582862
0,-0.549032,-3.012091
0,0.098782,-0.802790
0,2.251464,10.797501
1,0.991341,1.370639
0,0.131652,0.899715
1,-0.854925,-1.305146
0,0.013003,2.497346
0,-1.893162,-3.928343
0,0.642643,0.412341
0,-0.099092,0.262607
0,-0.566125,-0.479176
1,-0.298208,-1.688857
0,-0.818288,-4.459350
0,-1.028337,1.741442
0,1.120463,6.024101
0,-1.048929,1.616868
0,2.047929,5.840634
0,-0.352278,-2.272027
0,2.007448,6.286059
0,-0.146091,-1.908396
0,-0.246778,-1.824755
0,-0.099234,-1.804308
0,-0.136867,-1.142206
0,-1.018462,-0.530075
0,-1.859280,-2.834195
1,-0.480043,-2.280496
0,-0.077425,-1.413042
0,1.446257,3.003431
1,-1.403794,-3.544235
0,-0.884656,-1.390472
0,1.356840,2.181918
0,2.209131,9.618717
1,0.416150,-0.735071
0,-1.470495,-3.203984
0,0.156234,-1.010076
1,-0.325192,-1.131985
0,0.420044,2.901822
1,1.099134,1.875357
0,-1.537412,-4.113142
0,0.785174,1.080855
0,0.589641,0.168285
0,-0.604145,-2.181389
0,-0.859883,-4.394120
0,0.006415,1.020976
1,-0.512245,-3.112101
0,-0.468456,-3.085147
0,-0.505566,-1.985159
1,-0.678250,-0.439108
0,-0.227182,8.078238
1,0.672250,3.521419
0,-1.859658,-3.029122
0,-1.043706,-3.170805
1,1.779740,3.083557
0,0.708236,-0.511017
0,-0.196833,-1.343880
0,-0.699082,-2.298899
0,-1.191143,-4.450987
0,-1.273128,0.156475
0,-0.498826,-0.984548
0,0.153678,2.146544
0,0.893365,3.746784
1,0.367200,-1.026076
1,0.162325,-1.140038
0,-2.516573,-5.416558
1,-0.815971,-0.265739
0,0.148041,1.326366
0,-0.321281,-2.681602
0,-0.408656,-3.025662
0,1.109055,2.937080
1,0.205311,-1.521260
0,0.557856,2.639627
0,0.384269,0.505340
0,-0.276523,3.701616
0,-1.433869,-2.243686
1,2.048029,8.125057
1,0.832847,-0.761748
0,-0.386892,-1.112160
0,-0.470615,-2.096265
0,-0.742930,-1.230792
1,0.328660,1.383871
0,-0.351460,-3.172622
0,0.840428,0.608753
0,-0.053298,1.619132
0,-0.450044,-1.463588
0,0.515243,3.302686
0,0.816091,0.141814
1,0.832935,0.887714
0,-0.645371,-1.298328
1,1.178964,0.979670
0,-0.005162,2.192713
0,-0.085802,-0.194529
1,0.034445,-1.709970
0,-0.433537,-1.798285
1,-0.963998,-2.196046
0,-0.907853,0.738558
0,-0.337956,-0.230558
0,-1.383235,-5.016440
1,-0.401692,-1.195748
1,0.770710,0.435810
0,0.713474,1.108616
0,0.108834,2.616156
1,0.452657,-0.622197
0,1.256903,3.532598
1,-0.550308,-3.241533
1,0.250959,-0.203558
1,0.564403,1.460677
0,0.488585,1.299197
0,0.780957,-1.069684
0,-1.757288,-2.692655
0,-0.839393,-4.891744
0,-0.371583,-0.307906
1,0.489923,-0.331299
0,1.718254,3.146646
0,-1.070351,-4.404671
0,0.581976,5.728497
0,-1.336540,-0.396028
1,1.002786,10.273575
1,0.602543,-0.581758
1,-1.766444,-4.478937
0,-1.639473,-4.926320
0,-0.193698,0.917207
0,1.866811,4.586457
0,-1.672936,-4.457598
0,-0.239574,-1.964379
0,0.404733,-0.619328
0,1.561054,6.519947
0,-1.210550,-5.741876
1,-0.424496,-2.396650
1,1.161367,2.141168
0,-0.321089,-2.733292
0,-1.572354,-2.566650
0,0.286674,-1.660687
1,-1.047357,-1.285701
1,0.415246,-2.760053
0,-0.450427,-1.864337
0,-0.617098,1.188743
1,1.747828,6.039886
0,0.648394,-0.511388
0,0.608998,-0.600894
0,0.933728,1.344319
0,-0.380643,-0.635570
0,0.875650,1.655612
0,-1.346569,-0.267348
0,1.925397,5.731575
0,-0.042510,0.204939
0,1.012540,2.229169
0,-0.882078,-3.150314
0,0.376912,2.290669
0,0.069454,-3.138310
0,0.853859,4.091988
0,0.054724,0.297799
1,1.165240,1.944666
0,-0.412788,3.979455
0,0.437410,-0.369568
0,-0.454064,1.869942
0,1.727192,3.069811
0,-0.910841,-1.119499
0,0.336320,0.483419
0,1.349535,4.595669
0,-0.999429,-3.630611
0,1.479706,3.090785
1,-0.687106,-2.398941
0,-0.808106,-4.011501
0,0.051792,-2.413409
0,0.054719,-1.649229
0,0.606763,5.200026
1,0.360404,-1.219746
1,0.643855,1.823420
1,-1.555962,-4.156995
0,-2.423450,-4.872528
0,-1.391563,-5.065392
1,0.013596,0.524010
0,0.654642,0.640902
0,-0.262158,-1.602409
0,0.210009,-0.225089
1,0.937591,1.755299
1,-0.420599,-1.511234
0,-0.445330,-2.610755
1,0.261360,4.490173
0,-0.053529,-0.097321
0,0.826633,3.247344
0,0.923853,3.689381
0,0.215941,1.941122
0,0.202284,-1.598637
0,-0.915725,1.443883
0,-0.689136,-0.859527
0,-0.556844,0.103672
1,-1.502608,-3.882645
0,0.562442,-0.021298
0,0.017419,-2.540596
0,-0.638400,1.974462
0,-0.907030,-3.821560
0,0.464065,3.389501
0,0.689378,0.608231
0,0.629294,-0.607708
1,0.137447,-1.260927
0,0.781757,1.390562
0,-0.346988,-2.518964
0,-0.194290,-3.480001
1,-0.180586,-0.578750
0,-2.338240,-6.207666
0,-0.223386,5.922859
0,1.014364,1.690331
1,-0.458165,-2.352531
1,0.545245,-0.010946
0,-0.052347,-1.561328
0,1.999866,3.605683
0,-2.313510,-3.654700
1,0.345347,-1.742814
0,1.752233,2.043048
0,0.663282,0.669644
0,0.693712,5.553953
0,1.055401,1.191622
0,-0.093257,3.477163
0,-1.870696,-2.318223
0,2.291508,6.474824
0,-0.603529,0.220264
0,-0.266263,4.513134
0,-0.957583,-4.063865
1,-1.698389,-5.166187
0,2.326862,7.690024
1,0.027615,-1.984505
0,-0.174575,-1.944157
0,1.338443,5.610722
0,-0.575572,-3.146368
0,-1.592581,-4.123604
0,-0.303875,1.982423
0,2.216582,3.277226
1,-0.555655,-1.989331
1,-1.682996,-2.587626
0,0.772747,4.013396
0,0.736139,3.327270
0,0.442722,-1.271237
0,-2.372395,-4.435526
0,-0.688970,-1.734886
1,0.334320,-1.408707
0,1.703068,2.320491
0,-0.506081,-0.475562
1,0.127445,-1.665513
1,0.535456,1.050489
0,2.455062,3.718073
1,-1.331559,-1.877539
0,1.316726,12.063579
1,0.961133,1.243783
1,0.489480,1.404343
0,-0.689777,-3.581805
0,0.079370,-0.465274
1,0.465289,-0.181565
0,-0.262813,-1.834970
0,1.282746,4.526112
0,0.244308,-1.283346
1,-0.412111,-2.982932
0,1.394118,2.828799
0,-1.202314,-2.974591
1,1.094362,1.536823
1,1.084440,9.885328
0,1.852739,4.755309
0,-0.600941,-0.356547
0,-2.496488,-4.367226
0,-0.600681,-3.354289
0,-1.750657,-5.510698
0,-0.230732,-2.886504
0,1.335265,4.559834
1,0.569445,0.027452
0,-0.152797,-1.360074
0,-0.833811,-3.431414
0,0.774278,2.325374
0,1.351858,1.643004
1,-0.231353,-2.987455
0,-0.292049,0.154588
0,0.938773,1.297458
0,0.296918,2.641444
0,0.466233,-0.993358
0,0.358660,-0.935789
0,-0.270134,0.420628
0,-0.803628,-1.993929
0,0.851348,1.683726
0,0.326606,5.187996
0,-0.036540,1.814336
0,0.065890,-2.545176
1,0.688248,0.506919
1,-1.279503,-1.852286
0,0.587545,0.008176
0,-1.217306,-2.827497
0,0.924554,0.286100
1,-0.394896,-2.753892
0,0.934571,2.259009
0,-0.638218,-0.847490
0,0.262554,-0.070803
0,-1.385178,-2.107077
0,-0.196128,0.130404
0,0.617469,1.493252
0,-0.494862,4.748161
0,-0.506946,-0.093644
0,-0.485226,1.254609
1,-0.622275,-2.699307
0,1.226494,1.449328
0,-0.384283,-0.050582
0,0.593344,3.998659
1,0.542304,-1.487955
1,-1.680461,-4.934857
0,0.856488,-1.127867
0,1.801718,6.494747
0,0.377828,-1.218985
1,-2.090711,-3.640742
0,-0.278387,0.327220
0,0.089568,-1.181534
1,0.813772,0.600350
0,-0.463602,1.450443
0,0.106667,-2.238378
1,0.447564,-0.761583
0,-0.713197,-0.771173
1,0.270021,1.235901
0,-1.529786,0.929871
0,-0.217042,-1.943704
0,0.583101,0.331494
1,-0.963396,-3.404562
0,-3.023437,-3.935965
1,1.014446,1.687709
1,-0.483211,-2.851342
0,-1.960820,-6.616255
1,-2.877683,-3.949497
0,0.784952,8.180391
0,-1.494768,-4.051644
0,0.029642,-1.336847
0,0.341050,-0.997848
0,-0.826912,4.249823
0,-0.856477,-3.398995
1,-2.398817,-6.863897
0,-0.992285,-1.618315
0,0.537219,0.042391
0,0.322861,-0.598099
0,-0.031508,-2.580172
0,-0.603864,-2.012548
0,-1.180021,-5.194809
0,1.791875,7.573822
0,0.087590,-1.774323
0,1.800495,4.504588
1,-0.067532,-3.308958
1,1.038194,4.696973
1,-1.656624,-0.783808
1,0.432245,1.286135
0,0.016932,0.333491
0,-0.278819,0.043383
0,-1.089448,-1.025489
0,2.414392,5.961823
1,-0.931418,-2.984217
0,-0.713212,-0.040460
0,-0.134697,2.457632
0,0.536487,2.297426
0,-0.555444,-2.825559
1,0.146999,-0.916710
1,0.579557,0.919171
0,1.404667,1.920041
1,1.353224,8.191826
0,-0.506724,-4.232739
0,-0.240179,-0.799085
0,-0.130748,0.395397
1,0.621722,3.824450
1,0.191253,3.155096
1,0.460700,2.708028
1,1.519086,4.652444
0,1.439365,5.903128
0,0.395157,-1.740443
0,-0.484121,-0.095008
1,-0.644380,-1.930303
1,0.586341,0.951802
0,-1.067310,-2.663862
0,-1.057390,-2.044916
0,-0.408711,-2.186495
1,-0.111314,-1.460293
0,0.995429,1.861363
0,1.203931,1.523747
0,-1.338442,-6.089573
0,-0.143346,-1.934084
0,1.694015,5.117754
0,-0.722195,-2.832835
0,-0.411713,-1.198167
0,-0.615617,0.100742
0,-1.291239,-1.043611
0,1.354437,6.295024
0,1.099283,7.416510
0,1.839121,5.451979
0,0.919982,2.305701
1,-0.983140,0.059872
0,1.513856,4.110323
0,-2.797137,-3.919097
0,-0.257734,0.437041
0,0.899424,1.330721
1,-0.850818,3.638054
0,-0.790778,-0.309884
0,0.645819,3.901926
0,1.122571,1.850967
0,1.082671,1.375298
0,0.157757,1.542386
0,1.546160,6.740415
0,0.639617,-1.825594
0,0.842000,2.927820
0,0.546094,3.341350
1,-0.075303,-1.191605
0,-0.079354,6.264070
0,1.066105,1.710627
0,-0.033268,0.466765
0,0.973777,4.643874
0,0.075487,-0.224033
0,-0.284890,2.052618
0,0.151687,0.616070
0,0.075783,-0.069375
0,2.053172,8.307394
0,-0.629445,2.785593
0,-0.182896,1.150762
0,-0.616078,-1.276736
1,-0.198420,-1.443279
0,0.626257,2.499855
0,-2.188505,-4.568324
0,-1.749161,0.353868
0,0.205941,3.157043
0,0.505391,-1.026330
0,-1.623571,0.264981
0,-0.501969,-0.532623
0,0.826619,0.191777
0,-0.258722,0.762782
1,-0.357258,-4.488235
1,-0.312245,2.298520
0,0.387446,-1.431221
0,-0.137167,-1.093554
0,-0.102259,1.950625
0,0.500976,4.075012
0,0.690989,5.316852
0,-0.314768,-1.736140
1,1.370732,1.202507
0,0.120782,-1.183565
1,-0.900971,-3.987653
0,-0.051596,1.889481
1,1.342617,2.279207
0,-0.105239,0.719360
0,0.855995,0.617943
0,1.154684,1.848786
0,0.124210,6.277786
0,0.127670,-0.350414
0,-0.503647,-0.587545
0,0.030536,4.113922
0,0.342985,6.170902
0,0.636956,2.524181
1,-1.070059,-5.108506
0,-0.586555,-0.925172
0,-0.347904,1.056429
1,0.615736,3.049441
0,0.180742,1.011870
0,-0.202236,0.979645
1,0.301757,4.074396
0,-0.653560,-0.813339
0,0.023148,-3.755473
0,-0.009036,-1.010083
0,2.070192,7.759685
1,-0.062541,-2.188503
0,-0.036266,-2.330558
0,-0.035762,2.787484
0,0.800227,1.545982
0,-0.164949,5.743617
0,-1.442012,1.855663
0,0.605647,5.713904
0,-0.471472,-1.316976
0,-1.521597,-2.562870
1,-1.146726,-0.670338
1,-2.070354,-4.150240
0,-0.108933,-1.891617
1,-0.562878,-2.750154
0,0.492037,2.059423
1,0.297910,0.659957
0,0.586261,5.910357
0,-0.407272,-4.139315
0,-0.334874,-1.486725
0,-1.013818,-5.450061
0,-1.215676,-2.535019
0,0.043877,-0.558085
0,-0.138396,-0.943017
0,-1.176167,-1.368921
0,0.288946,0.832191
0,0.682018,1.722133
0,2.114969,6.849930
0,0.572351,9.875544
0,-0.601993,-3.881812
0,1.417775,4.123992
0,-0.807326,-1.789730
0,1.637990,8.082994
0,2.053325,5.495096
1,-2.384802,-4.351622
0,-1.704467,-4.728742
0,-0.099144,-3.390923
0,-0.048356,-1.630638
0,-0.482601,-2.833550
0,-0.747900,-2.230950
0,-0.781157,-3.027007
1,0.111195,0.338872
0,0.281399,0.673529
0,0.583045,4.298875
0,0.160755,-1.325464
0,0.101023,-1.582241
0,-0.028115,-0.131077
1,0.268563,-1.982740
0,0.011279,0.742759
0,-0.171325,1.135109
0,-0.735485,3.712336
1,-2.155028,-7.040962
1,-0.067070,-0.515925
0,1.248648,3.667765
1,-0.605000,-3.897286
0,-0.071814,4.362167
1,-0.417861,-4.141566
0,-1.307022,-1.792712
0,-2.516978,-2.566305
0,-0.656586,-2.598994
0,-0.423313,0.677864
0,-1.063228,-3.976787
0,0.049373,-1.837447
0,-0.831223,1.017268
0,1.452957,6.254019
1,-0.420960,-3.238560
0,0.288120,4.297403
0,-0.235621,2.261696
0,-0.871458,0.049805
1,-0.589481,-2.711316
0,0.907429,5.576414
1,0.189720,1.871377
1,1.405010,6.258042
0,1.596663,2.205763
0,1.715019,5.572695
1,0.515633,-1.074075
1,0.321077,-0.333569
1,0.543555,-0.092488
0,-0.191929,3.091891
0,1.207061,5.184049
0,0.860083,-0.719412
0,1.286342,6.954232
0,2.014558,7.372827
0,-1.029429,-3.875144
0,0.403946,3.586436
1,-1.570613,-3.320828
0,1.400036,1.681249
0,1.198567,1.843681
1,-0.408910,-3.384865
0,0.670381,-0.820504
0,1.216996,1.189300
0,2.225324,9.589772
1,1.355288,1.722670
0,-0.882625,-4.109571
0,0.488399,4.030729
0,1.118385,4.084485
1,1.902015,2.704198
1,-0.873655,-0.358577
0,0.914769,4.852335
1,0.945370,0.881075
0,-2.339881,-2.516936
1,-0.379052,-0.401112
0,1.499484,5.342837
1,-0.133998,0.202932
1,-1.151462,-3.807375
0,0.984275,4.306770
0,-1.537526,-0.062535
0,1.007846,1.515971
0,0.165530,0.494665
0,0.499993,1.295072
0,-1.540137,-1.571391
1,0.736205,0.181033
0,0.026588,-0.194503
0,-0.536663,-1.652328
0,-0.981519,-2.315660
1,-0.712116,-3.134813
0,0.206697,1.955487
0,0.236435,-3.726452
0,-0.218484,-1.955599
0,0.639627,2.677374
0,0.559558,0.137087
0,1.821435,30.626977
0,0.562417,3.489215
0,-1.050250,-1.462143
1,-0.578582,-1.920612
0,1.099001,5.884821
0,-0.020972,3.180594
1,-0.434025,1.526117
0,-0.256229,-3.383402
1,0.521353,-0.507725
1,-0.515501,-1.846561
0,0.101962,0.395307
0,-0.621637,-0.098598
1,2.066730,3.127598
0,-1.238381,-1.189610
1,1.224407,5.311308
0,-2.159857,-7.180650
0,0.001970,-0.536188
1,0.692476,-0.760083
0,0.652793,0.012308
1,-0.473181,-1.218937
0,-0.349520,-2.673636
0,0.674376,-0.263054
0,0.092338,1.984199
0,-2.247343,-3.811256
0,-0.075552,-0.861960
0,0.026887,-0.405438
0,-0.344148,-0.180452
0,0.928023,0.731732
1,-1.483944,-3.141519
0,1.131373,2.740649
0,0.961194,4.706532
0,1.540810,5.901522
0,1.039302,-0.124575
1,0.136818,2.117914
0,0.618034,2.674226
1,-0.894295,-2.340010
0,-0.401253,-0.936133
0,0.116102,2.995817
1,0.110755,-1.795246
1,0.426676,0.985803
1,0.061005,-0.156046
0,0.847216,2.097420
0,-1.154859,-3.684253
0,-1.186277,-4.530737
1,0.265723,1.448713
0,1.861283,4.038403
0,-0.384860,5.971371
0,-1.120052,2.292731
0,1.018974,-0.301080
1,0.202820,1.083611
0,-0.164409,-3.658987
0,0.644209,-0.798764
0,0.238968,0.371402
1,0.419318,1.304015
1,0.464742,-1.592068
0,0.434825,-0.101451
0,1.613342,3.441167
0,-1.228170,-4.709969
1,-0.713284,-3.873395
0,-0.975725,-1.062648
0,0.000018,4.068129
1,-1.042666,-1.543113
1,0.970839,2.670805
0,1.414458,9.316303
0,1.687587,4.550128
1,-0.233703,-4.785193
1,1.963221,3.742804
0,0.456913,-2.023148
0,0.378091,0.134290
0,-1.154647,-4.059593
0,0.364935,3.221995
0,-3.403271,-10.260755
1,0.527557,-0.906094
0,-1.086298,-3.282560
1,-0.714253,-1.432467
1,1.483442,3.809549
0,-0.516451,-2.422473
0,0.185120,2.077242
0,-0.075498,-0.919559
0,-0.065037,-3.392983
0,-0.475857,1.081929
1,0.756042,-0.021070
0,0.111183,2.546851
0,-1.243448,-0.325996
0,-0.492997,-2.173604
1,-1.830157,-6.152647
1,-0.051271,0.663658
0,-0.276900,-2.053547
0,-0.134231,-1.312846
0,-0.326805,-1.459884
1,0.443780,0.354167
1,-0.352056,-0.423887
0,-0.555553,-1.505141
1,-0.670818,-3.068750
0,0.077998,3.095521
0,-0.351523,1.083747
0,0.991079,2.504479
0,-1.218191,-2.954904
0,0.693480,1.017576
1,0.221193,2.350823
0,-2.375404,-1.699665
1,-1.052589,-2.013573
1,0.926037,0.841357
0,-0.971240,-0.975210
0,-0.596706,0.948927
0,-0.585469,-2.886316
1,0.201712,-0.452900
0,1.117800,1.769194
0,-0.015298,0.330201
1,-0.025112,-1.756212
1,-0.393424,2.928296
0,-1.695057,-4.188931
1,-1.402335,-4.526964
0,-0.587975,-2.638108
0,1.579966,5.376412
0,-0.846647,-4.625869
0,1.679462,29.678919
1,-1.287094,-3.472037
1,1.592843,0.757511
0,-0.061868,1.584250
0,-0.925684,-3.932009
0,0.236335,2.181866
0,-0.381031,-1.653358
0,0.039626,-2.304280
1,2.176928,7.435536
0,0.605434,-0.362533
0,-1.191255,-5.094137
1,0.441749,-0.700010
0,1.219128,0.472127
1,-0.136074,-0.667828
0,0.002634,-0.614070
0,-1.501071,-2.419578
0,-1.784154,-7.080641
1,0.572918,0.747095
0,0.074469,-0.554440
1,0.160518,2.287133
1,-0.631372,-3.258534
0,1.268777,0.482026
1,0.085645,0.398092
0,-1.675183,-1.963366
0,0.025677,-1.195823
0,-1.600975,-4.694687
0,-1.057636,-1.534746
1,-0.541500,0.005129
1,-0.230638,-0.986288
0,0.398157,-0.405014
0,0.548380,2.060033
0,-0.977498,1.290571
0,0.514816,3.492743
0,2.127013,6.322296
0,1.263508,2.458575
1,-0.115715,1.199781
0,0.874811,5.852007
0,-0.750613,-0.692946
0,-2.183718,-6.650305
0,-0.644829,-2.807570
0,0.626405,0.679059
1,-0.078153,-0.869849
0,0.963896,5.136937
0,0.407388,-0.102808
1,0.786148,-0.228715
1,-1.035725,-3.331951
0,0.821560,5.181986
0,0.474307,3.647044
1,0.538740,0.848828
0,-1.805527,-6.002808
1,1.007040,2.222295
1,0.828864,-0.859958
0,0.158690,4.445226
0,-0.921119,0.034548
0,-0.354321,-0.696959
0,0.435560,0.010031
0,-1.249190,-3.553904
0,-1.420457,-5.203791
0,-1.005650,-2.091751
1,-0.469170,0.743449
0,-1.728843,-5.093182
0,1.700696,4.233878
0,1.094057,1.499541
0,0.043280,-1.254955
0,-0.361082,-1.449122
1,0.754076,0.027163
0,0.406678,0.429313
0,1.038650,2.227369
0,-0.369228,0.765781
1,-0.010812,-2.647364
0,-0.340526,6.803213
0,1.024376,5.214892
0,1.225125,2.906960
0,-0.589939,0.114433
1,0.436086,3.134616
0,1.558972,3.562709
0,0.357351,1.383662
0,0.323074,-0.702264
0,1.295541,3.949109
0,-0.390095,3.740921
0,0.926707,0.821780
0,-1.542113,-1.212931
0,0.122252,0.784205
0,0.853115,-0.913468
0,-0.725394,-0.360960
0,-1.325600,-4.388460
1,-1.586343,-6.080890
0,0.312312,-1.565895
0,0.626077,0.673959
1,-0.221530,0.436116
0,-1.039421,-3.395047
0,-1.332470,-0.156388
0,0.457857,1.944766
0,0.295822,-0.066083
0,1.824482,3.878056
0,-0.644530,1.174485
0,-0.633826,-0.346190
0,0.540054,1.362656
0,0.560331,-1.240411
0,-0.216849,0.486080
0,0.512616,-0.105340
1,-1.275789,-3.077347
1,-0.003535,-0.875299
0,0.717354,-1.506155
0,-0.421105,7.289903
0,2.118175,7.840443
0,-0.251789,-1.829476
0,0.273689,3.308423
1,-1.401220,-1.314552
1,-0.174902,1.637479
1,0.313619,-1.183059
0,0.096951,1.199628
0,1.284656,2.848516
0,-0.695628,-3.582098
0,0.358760,0.718931
0,-0.518287,-3.062678
0,-1.129539,-4.394608
1,0.176738,-0.754891
1,-0.642976,-0.978704
0,0.676972,1.741761
0,-0.471286,-1.688732
1,-0.770997,-1.753244
0,-0.383804,0.404540
0,0.698363,0.101201
0,0.726412,1.826425
0,-1.328088,-3.543809
0,0.006313,-0.105514
0,1.860150,6.022648
0,1.725356,3.609435
1,0.440350,1.100919
1,2.013227,2.992644
0,0.363262,0.612721
1,-0.038136,-2.238879
0,-0.412794,-3.067759
1,-2.686718,-1.561942
1,-0.121275,-1.761097
1,0.197058,-1.949243
0,-0.486118,1.176543
0,1.979098,5.643311
1,1.152985,4.707380
0,-2.017530,-6.640376
0,0.644216,0.770668
0,0.679330,2.632899
1,-0.795211,-3.190893
0,0.130371,3.263436
1,0.115162,2.305185
1,0.295916,2.762931
0,-1.357123,2.021485
1,-0.834784,0.958624
0,0.047164,0.816659
0,-1.314317,-5.791886
0,0.784542,5.904508
1,1.544893,5.573731
1,-0.147094,0.104171
0,-0.095080,-0.174808
0,0.027678,0.943785
1,1.021296,2.277055
0,0.380361,-0.376532
1,0.453742,-0.193136
1,-1.639586,-5.516652
0,1.074047,1.827266
1,-0.953200,-3.051881
0,-0.014830,-1.024929
0,0.075461,3.860840
0,-1.373114,-2.087295
0,-0.693225,-0.642713
0,0.643092,0.270119
0,-2.012070,-4.059921
1,1.091181,3.911959
0,1.966132,2.007402
0,0.072362,-2.824817
1,0.009051,0.738223
0,-1.800301,-2.550100
0,0.653389,1.147550
1,1.078061,1.304182
0,1.435642,4.144824
0,-1.384389,-2.609762
0,-0.676453,-3.070766
1,-2.797846,-8.042646
0,0.862821,2.341767
0,0.569399,1.993038
0,-0.392490,-0.704866
1,-1.234696,-3.483865
0,0.430696,2.486948
0,0.704942,-1.338773
0,0.142702,-1.285469
1,1.345445,1.773658
0,-0.283538,-1.878912
0,-0.320858,-0.276373
0,0.011697,-1.057450
0,-1.207682,-2.147033
0,-1.916263,-5.311003
1,2.103028,3.742825
0,0.456574,2.946152
0,-0.076224,1.926774
0,1.325607,1.059417
0,-1.684057,-6.223228
0,-0.665398,0.351447
1,-1.285955,-1.735196
1,-1.173531,-4.047234
0,-2.667467,-4.108807
0,-1.665421,-4.875920
0,-0.415558,-1.693274
0,0.881931,-0.299190
0,-0.908667,-4.639195
0,0.576787,0.418387
1,0.261729,1.489305
0,0.322743,-1.491713
0,0.333681,1.556367
0,-1.242153,-4.407137
1,-1.700087,-5.182566
0,0.439657,-0.444241
0,0.180201,1.334777
0,0.043517,-0.480006
0,2.532960,48.733803
0,0.453877,-0.493501
0,-0.713981,-1.583598
0,0.557798,-0.854046
0,0.417094,2.045036
0,-0.341481,-2.735764
0,-0.300836,0.104413
0,-0.286017,1.927997
1,-0.267691,-0.739151
0,0.594968,1.188285
0,0.328321,-0.615172
0,-1.154135,-2.946903
0,1.778303,3.896909
1,-0.269345,0.692075
0,0.099271,-1.028392
0,-0.057249,1.315204
0,-0.034778,-1.038490
0,2.110038,5.403036
0,0.270801,2.331837
0,0.068582,2.873603
0,0.059440,-2.311517
0,-1.350780,-1.722544
0,0.649370,2.585780
0,-0.277580,-3.323768
0,-0.368298,-0.794618
0,-0.626302,-0.553611
1,-0.416255,-2.400295
0,1.452974,3.171170
0,0.610710,1.750650
0,-0.900488,-3.299905
1,0.677869,3.306764
0,-1.124796,-3.455600
1,1.848008,2.697880
0,0.953477,0.914647
0,0.698517,0.173156
1,-0.643310,-1.924898
0,-0.940385,0.349571
1,1.645942,5.066626
0,-1.813396,-5.436453
0,2.295464,10.068750
0,-2.360159,-3.814030
0,-0.275660,0.704542
0,-2.037224,-6.339201
1,-1.340388,-5.546815
0,0.220608,-0.559332
0,1.197263,0.482272
1,0.464399,1.030426
0,-0.751457,-4.945922
0,2.012545,5.900080
1,-0.786659,-2.744027
0,0.696465,0.498714
1,0.450715,3.645719
0,-1.072280,-4.817281
0,0.015204,-2.307607
0,-1.159346,-2.814896
1,0.781117,4.479072
0,1.274761,3.909456
0,-0.864700,-2.404479
0,0.239513,0.290101
0,0.142838,-1.527608
0,1.042204,1.838081
1,-0.190454,-1.228109
1,-1.397644,-6.635546
0,0.078721,-0.570973
0,-0.239482,-0.261352
0,-0.666589,-2.897084
0,-0.599066,-2.727906
0,-0.159340,-1.680372
0,0.258599,1.456074
0,-0.060767,0.531259
1,-0.070375,-0.996165
0,0.351331,1.723288
1,-0.837007,-0.732259
0,0.466208,-1.044161
0,-0.260387,5.421463
0,1.746244,4.716915
0,0.807617,1.375474
1,1.666844,4.023084
0,0.042970,0.252949
0,0.448806,0.025911
0,0.318123,-1.153942
0,-0.520561,-3.894201
0,-1.063329,-2.615080
1,-0.804550,-4.755839
0,0.506799,-1.125179
1,-1.042769,-3.612475
0,1.822226,7.808231
0,-0.555437,0.229676
0,0.003814,-0.932011
1,-0.937119,-1.903214
0,-0.173391,-2.928746
1,-0.517935,1.834987
0,0.949692,0.588129
0,2.167564,5.096549
0,-0.942819,0.908028
0,-1.554487,-2.939156
0,-0.789778,-0.238421
0,2.243118,7.455467
1,0.816743,0.861638
0,-0.034037,-1.730829
1,-0.704668,0.770916
0,1.615529,7.243395
0,0.021222,3.091282
0,-1.205519,2.030166
0,1.567282,3.054421
0,-2.357951,-4.173345
0,0.912148,0.698774
0,-0.168697,1.035210
1,-0.234609,1.373005
0,-0.865965,-2.558250
0,0.112328,-1.535411
0,0.606162,-0.276345
0,-1.540247,-1.828764
0,-0.780253,-1.577441
0,-0.560922,-2.302835
0,1.445441,4.756987
0,0.159000,-2.298364
0,0.459471,-1.256148
1,0.344043,-2.628419
0,0.115799,1.469647
1,-0.408416,-3.277258
0,-0.600951,-1.950349
0,-0.570656,6.775695
1,0.047438,-0.703601
0,-1.723232,-1.964148
1,-0.287094,-1.616577
0,-0.660624,-1.620589
0,-0.165643,-1.566682
0,-2.932932,-6.731545
0,0.087477,-1.608762
0,0.044417,-1.559979
0,-1.207039,-3.972310
1,1.049006,9.728195
0,0.227740,3.761616
0,0.705787,0.774415
0,-0.452179,-0.786649
0,0.159487,-1.863075
0,-0.341322,-2.355481
0,1.219193,6.496719
0,-0.599810,-2.151030
0,-0.773018,2.482977
0,-0.998156,-2.114266
0,0.259364,3.766000
1,-0.141977,-2.065130
0,-0.203981,1.475074
0,-0.119096,-0.671981
0,-1.833739,-6.379550
1,1.074280,5.315025
0,-0.337406,0.843920
0,-0.708947,-1.216833
1,-1.393052,-2.120836
0,-0.353074,-2.320538
1,0.150482,-1.294788
0,0.948524,0.168508
0,0.460589,-1.439414
1,0.319208,2.602846
0,-1.140684,-2.359788
0,-0.103191,-2.174844
0,0.072294,-0.997953
0,0.476644,2.349028
1,-1.092031,-4.801828
0,0.007876,0.698862
0,0.015243,-1.074801
0,-0.199846,0.389717
0,-0.143773,-0.311246
0,-0.516719,0.604518
0,-1.207326,-0.661290
0,1.320160,4.562418
0,0.666154,-1.102284
0,0.306072,1.554048
0,-0.804026,-2.854263
0,-1.687027,-4.316565
0,-0.559141,4.306319
0,1.318351,2.590625
0,0.767050,0.648500
0,-0.666032,-1.009929
1,0.017464,-1.282423
0,1.996677,5.851004
0,-0.810106,0.230288
0,0.916005,0.335724
1,-0.030060,0.945069
0,-0.775183,2.495591
0,0.872969,4.962280
0,-0.344929,-1.156724
0,-1.207599,-3.835719
1,-1.278691,6.238330
0,0.221096,-0.840430
0,-1.072596,-1.802525
0,1.477600,3.707239
1,-0.219377,-1.749496
1,-0.104568,-2.392907
0,0.733284,0.583894
0,-0.422583,-1.780118
1,-0.369916,-0.426723
0,0.647143,5.101937
0,-2.273922,-4.044726
0,0.248550,-1.521786
0,0.473919,0.083220
0,0.646195,-1.703655
0,-0.580186,-1.628142
0,0.849000,-0.369757
1,-2.096402,-8.366047
0,0.352053,1.663774
0,-0.517611,-2.542915
1,1.256849,3.497475
0,-0.595593,4.079056
0,0.037271,-2.903857
0,-0.714824,-3.765430
0,1.302847,5.435971
0,-1.355494,-1.175140
0,0.940324,5.129890
0,1.089715,2.024965
0,0.336501,-0.993634
0,0.199704,1.032928
0,-0.070943,-2.112593
0,-0.163255,-2.011344
1,1.106545,2.467579
1,0.074223,0.699993
1,-0.912562,-4.009337
0,0.186480,-1.477647
1,1.085551,1.439502
1,-0.962833,-5.790311
0,-1.528410,-3.465470
0,0.747587,1.777863
1,0.124446,-1.857900
0,-1.776482,-6.300830
0,0.356037,-0.576900
0,0.388303,0.772489
1,-1.730282,-3.115756
1,-0.779297,-2.423555
0,0.484506,-0.029009
1,-0.423131,-1.786764
0,0.397547,1.384371
0,0.293666,2.503802
0,2.032568,47.252115
1,-1.917296,-4.316378
0,1.070131,2.738946
0,0.183635,-1.720929
0,1.443001,1.782843
0,1.719586,4.392635
0,0.157786,2.280989
0,-0.477677,-2.696340
1,-0.430897,-2.874516
0,-0.094449,-2.605191
0,0.800962,0.931864
0,0.266427,0.762226
0,-0.124699,-2.547258
1,-1.190121,-6.158775
0,-0.139397,-1.404349
0,0.943617,2.450602
0,0.760663,5.173753
0,1.375878,5.407432
1,1.259054,11.632147
0,0.299014,0.084904
0,-0.039863,1.573895
1,-1.480190,-6.209055
0,0.117795,1.712815
0,0.312467,-0.391245
0,-0.368083,-3.517647
0,-0.868702,-0.148232
0,1.517066,4.928061
0,1.007611,2.919870
1,0.570301,-0.399680
0,-1.319355,-1.684838
0,2.008875,9.656174
1,-0.202790,-2.846789
0,-0.505656,-1.500924
0,-0.655170,-3.040091
1,2.089500,5.113044
0,-0.016934,-1.917640
0,-0.972063,-1.813416
0,-1.244297,-5.021917
0,-0.513612,-3.202072
0,1.473986,1.542563
0,-1.953843,-5.973979
1,-1.534651,-1.520928
0,0.980166,2.094244
0,0.765336,1.227193
0,1.969421,3.086467
0,1.224280,6.642023
0,2.096379,9.899006
1,0.302890,0.495881
0,0.122073,-1.647812
0,0.799750,3.933400
1,1.666651,5.250631
0,0.054599,-1.704475
0,-0.410558,-2.353239
1,0.258264,-0.765504
1,0.965794,3.191838
1,1.329982,5.743368
0,-0.728601,-4.105601
1,0.503790,0.743697
0,-0.388007,3.156023
0,0.639143,3.088295
0,-0.254102,4.822605
0,-2.023281,-5.220962
1,-0.758341,2.059578
0,-0.690271,4.658749
1,-1.390712,1.366164
1,-0.603421,2.718877
0,-0.555328,-3.606834
0,0.486541,3.896921
0,1.683477,5.415810
0,0.272753,-0.323155
0,0.477136,1.447668
1,-0.794247,-3.320892
0,0.019772,0.433501
0,0.815015,0.431468
0,0.638081,0.235181
0,0.642564,4.781820
0,0.964715,4.297097
1,0.514312,-0.182714
0,0.301158,-2.741205
0,-1.138568,-2.945088
0,0.761937,3.973272
0,-1.409312,-2.266938
0,0.501190,3.856588
0,-0.460226,1.506463
0,0.975402,0.811560
0,0.559711,0.213892
1,0.163188,-1.066297
0,0.720706,2.142950
0,0.634474,4.756467
0,-0.526674,-3.808283
0,-1.614307,-3.367279
0,0.115121,-0.509842
0,-1.749035,-2.944208
0,-0.632901,0.845750
0,1.318618,3.031374
0,-1.273748,-5.541511
0,0.870376,5.579575
0,1.668441,1.853382
0,0.611173,3.745741
0,0.066746,0.073783
0,-1.589483,-6.104006
0,1.127318,3.703807
1,1.842720,5.068952
0,1.221384,1.401825
0,-1.269927,-3.109455
0,-0.557954,-2.325948
0,0.213494,-1.445167
0,-0.651632,-3.074401
0,0.341163,1.604717
0,0.849057,5.414175
0,0.924082,1.622396
0,-0.318396,-2.188724
1,-0.049618,-2.547892
0,-0.520589,0.699021
0,0.151044,4.318005
1,1.376188,2.338281
0,-0.243069,-2.165758
0,0.848460,3.251745
0,0.096004,-0.645420
1,1.423694,2.674392
0,-1.873463,-1.819016
1,-0.557898,-3.249124
0,0.148108,-0.467992
0,0.889251,1.709770
0,-2.385912,-2.561326
0,-1.232335,-3.637155
1,0.145880,0.959801
1,0.169362,-1.111325
0,-0.524735,-1.235378
0,-1.368826,-3.428587
0,1.505331,5.370221
1,-0.031615,-1.830323
0,1.613040,6.043317
1,0.509490,-0.202849
0,-0.438125,1.711405
0,-0.573100,1.174710
1,0.236441,-0.921887
0,0.821955,-0.256251
1,-0.516271,-2.619520
0,-0.615672,-2.733201
0,-1.927006,-3.322194
0,-0.195166,1.676990
0,0.326649,-2.793856
0,-2.635496,1.182967
0,1.261525,1.352688
0,-1.674370,-4.476527
0,-0.214689,-2.129857
0,1.349751,3.849923
0,1.514028,3.597032
0,-1.000870,-3.901157
0,1.329042,7.535431
0,-1.397183,-0.067497
1,-1.176183,-4.613937
1,0.246438,-2.270785
1,0.220137,-1.209782
0,-0.600281,0.706421
0,-0.497674,-0.389650
0,1.395089,4.410500
0,-1.318881,0.620944
1,-0.081959,3.858815
0,-2.306497,-2.059427
0,0.532012,-0.028222
1,-0.013185,0.715001
0,-1.407930,-5.160616
0,-0.634187,0.879183
0,1.227547,3.066723
0,-0.425749,-2.307056
1,0.337495,-0.954761
0,1.481474,4.209974
1,1.464689,3.580969
0,0.602025,1.011057
0,-0.624179,1.165160
0,-0.202497,9.088858
1,0.033902,-2.308498
1,-0.217874,-0.965775
0,-1.311132,-6.184695
0,0.730548,1.669048
1,-0.113251,-1.924197
0,2.113485,3.773804
0,1.079659,2.352459
0,-0.467736,3.328819
0,1.327420,2.535580
1,0.117165,-0.369492
0,0.611813,-0.366383
0,1.775386,3.949167
0,-0.021783,-1.460900
0,-0.626068,-1.862230
0,-0.235351,-2.864060
0,-0.128925,1.084717
1,0.071426,-1.151646
1,-0.597364,-1.433881
1,0.549865,1.248060
0,0.766943,1.533564
0,-1.302419,-2.912537
1,2.115162,4.838326
1,-0.521335,-2.365231
0,0.609303,2.764822
1,1.704450,3.570471
0,-0.235833,-0.835191
1,1.827210,6.011353
1,-0.013229,-0.556239
0,-0.612935,-0.303404
0,-0.088999,0.051790
0,0.881295,1.037532
0,-0.728428,-4.159385
0,-0.404093,3.055095
0,-0.153322,-0.990597
0,-1.066449,-2.504726
0,2.036019,6.787282
1,0.380206,0.001897
0,0.805391,3.686036
0,0.336387,-1.725333
0,-1.626447,-5.250946
0,0.397239,0.000861
1,-0.585175,-3.193708
1,-0.214864,-1.574786
1,-0.880704,0.211265
0,0.197688,1.262096
0,0.300413,-0.086652
0,0.982693,-0.485467
0,-2.750563,-3.876172
0,-1.347098,-2.608589
0,-1.630844,-3.619112
0,-0.030472,0.704301
0,0.545122,0.006080
0,-0.156459,-1.766155
0,0.378093,-0.569988
0,-0.010837,-1.449354
1,0.230942,-1.679770
1,0.924025,0.134733
0,-0.370556,-0.634322
1,-0.349408,-1.338332
1,1.742228,8.294864
0,0.154306,1.561314
1,-2.187799,-4.384947
0,-0.451485,-3.331522
0,0.365731,2.778578
0,0.221161,-0.510552
1,-0.739415,-5.214931
0,-1.845117,-6.072831
1,-0.832771,-2.647369
0,0.296206,0.339759
0,0.472188,1.592176
0,-0.389926,2.554575
0,2.028465,6.261624
0,-1.572028,-2.540482
0,-0.009104,4.273426
0,0.996713,-0.486407
0,1.744817,2.508243
0,-0.588781,-2.518344
1,0.169161,-1.899934
0,-0.305266,0.591896
0,1.628475,5.679613
0,0.496419,-0.630485
0,-0.166980,1.417410
1,-0.165528,-1.527368
0,0.793312,-0.139032
1,-0.587378,-3.005714
0,-1.023095,2.072234
0,-1.076813,-2.632628
0,0.254425,1.558610
1,-1.436307,-2.993280
0,0.463022,4.969450
0,0.304831,0.203570
1,2.356458,3.915050
0,1.209590,3.002943
1,-0.346732,-1.787248
0,-0.958287,-3.254676
1,-0.048629,2.327133
0,-1.334537,-3.527577
0,-0.047654,-3.067805
0,1.044322,2.154540
1,-0.203988,-1.112308
1,0.060491,-1.717791
1,-0.035993,-0.325045
0,0.106869,0.019754
0,-0.174007,-2.583411
1,-1.074913,-3.557372
1,0.471236,5.884426
0,-1.285138,-3.530026
1,-0.955355,-1.181669
0,-0.350431,-1.365064
0,-0.017730,-2.309264
0,0.260069,0.289042
1,0.333357,5.398967
1,0.380578,1.829525
0,0.376999,1.018360
0,0.970551,0.853453
0,0.249480,0.392620
1,-1.371250,-4.726627
0,1.294574,0.967543
0,1.207733,5.707955
0,0.713780,3.933596
1,-0.397542,-1.542279
1,0.571968,1.207433
0,-0.585756,0.060538
0,0.213174,-1.557216
1,-0.976512,-3.433603
0,0.848565,5.034679
0,0.259238,-1.474912
1,1.844957,3.469419
0,-0.506976,4.182351
0,1.653553,4.461086
1,0.331118,-0.026195
0,-0.440102,-2.382039
0,0.395342,2.845522
0,1.034323,-0.327755
0,-0.921441,-2.040553
1,0.272434,0.535552
1,0.228707,1.134613
0,-0.043988,-1.664824
0,-0.881489,-4.909563
0,-0.114754,0.386626
1,1.390490,2.905071
0,-1.151982,-2.927280
0,-0.486989,-2.087752
1,-0.765964,-4.217269
0,2.076096,5.661980
1,0.108424,-0.171840
0,-0.332884,-2.913574
0,1.609357,5.945020
0,-0.391455,-3.505691
1,1.547785,4.788736
1,-1.364319,-2.952647
1,-1.872615,-3.743413
0,-1.931903,-5.095026
0,-1.258525,-2.979683
0,0.091453,1.889967
0,1.445889,4.195802
0,1.085833,1.772690
0,-1.724470,-2.800433
0,0.787894,1.536223
0,0.646506,-0.954218
0,0.783055,1.200390
0,-0.436827,-0.524576
0,1.061921,4.752606
0,-1.079976,-4.085094
0,-0.324414,1.866477
1,0.521583,-1.492429
0,0.354963,1.153459
1,-0.172476,-0.979963
0,-0.202406,-1.551222
0,-0.222077,0.760122
1,-0.088906,-1.539570
1,1.500803,4.047317
0,-0.996598,-4.445354
0,0.800369,4.461699
0,0.071954,-1.796094
1,1.088586,2.163753
1,-0.406835,-2.681590
1,0.059251,1.677846
0,-0.900104,-3.494452
0,-1.401070,-5.301047
0,0.821802,2.709220
0,-0.114305,-0.529826
1,-2.476602,-6.061563
1,-0.396528,-1.757616
1,0.254672,3.256578
0,-1.580312,-5.211977
0,-0.207457,-2.397857
0,-0.785794,0.540974
1,2.326225,9.204729
1,0.496721,3.210687
0,0.147313,-1.198546
0,0.932390,-0.564017
1,0.677894,3.121159
0,1.360414,2.294045
0,0.574117,2.378933
1,0.290953,-1.711572
0,0.463389,0.618306
0,0.496320,1.384897
1,1.890024,8.269427
1,0.194964,-1.742414
0,0.674463,0.364551
0,-0.691746,-1.403187
0,-1.579581,-1.378134
0,-1.129167,-2.650007
0,0.372747,4.478775
0,0.872958,1.801306
0,0.268934,-0.619040
0,0.421860,-0.863898
0,1.277834,3.141270
1,0.090612,1.097817
0,-0.066186,2.476474
0,-0.804539,1.553397
0,-0.750593,-1.164104
1,-1.783073,-6.421752
0,0.117631,-1.231954
0,1.707538,10.937418
0,0.044931,-3.185649
0,0.367233,6.077090
0,-2.339513,-4.433938
1,-1.044026,-4.480857
1,-2.075397,-6.312900
0,-0.211144,-2.746424
0,-0.114395,-3.200938
0,-0.512910,-1.681179
0,-0.116182,0.638754
0,-0.418964,-1.426163
1,-0.826684,-4.516597
0,1.010707,2.872277
0,2.045995,8.977956
1,-0.496959,-4.253548
0,-0.899347,-3.832816
1,-1.039960,-3.950330
0,-1.171557,-2.494402
0,-0.308954,-3.099343
0,0.435983,-1.023572
1,-1.422188,-1.367928
0,1.759026,8.226189
1,-0.247962,-1.145738
1,0.487979,0.199684
0,0.251358,0.683994
0,0.316485,-1.462994
0,1.095406,1.092962
0,-0.746921,1.046337
1,-0.710979,-1.543241
0,-1.128357,-1.504574
1,0.404773,-1.054543
0,-0.988505,0.758301
0,0.473421,1.132554
1,0.362270,1.225453
0,1.798960,5.908741
0,0.388496,-2.372318
1,1.283159,3.537988
0,0.057711,-0.476099
0,1.959360,8.333414
1,-1.565217,-5.128627
1,-0.768100,-2.888384
1,1.036440,6.526955
0,-0.093947,0.392005
0,0.476491,-1.316605
1,1.673746,7.003034
1,0.090196,-0.725074
0,0.866945,1.109018
0,-0.381386,-2.646399
0,-1.279316,-5.143112
0,-0.261721,-0.942604
1,1.192384,1.247413
0,-1.058774,-3.944010
0,-2.721103,-4.317103
0,-0.717060,-2.009749
1,1.225744,6.493268
0,-0.152530,-1.787077
0,0.209410,-1.855272
0,2.099922,10.875279
1,-1.039862,-2.275903
1,-1.203460,-2.935995
0,-1.228145,-1.919433
0,-1.899357,-4.802873
0,-0.688254,-3.244479
1,-1.491332,-1.603431
0,-2.045916,-6.749720
0,-0.562641,1.543054
0,1.541053,6.368951
0,1.481137,3.626413
0,1.070522,2.600250
0,1.983242,5.721715
1,-0.270582,-0.232572
0,-0.228783,0.255247
1,2.207711,28.717835
0,1.322651,4.801671
0,-0.488686,5.998250
0,0.498957,2.723407
1,1.619190,4.530165
0,1.012397,2.651139
0,-0.568217,2.758476
0,0.297218,-0.939332
0,-0.508504,-1.619334
0,0.692091,-1.007784
0,1.826254,4.765202
1,-0.010213,-2.093950
0,1.878768,7.799472
0,1.118538,3.014666
0,-1.595788,-1.180869
0,0.035779,-1.438053
0,0.211025,1.477288
0,-1.019697,-2.187600
0,-0.116889,-1.743576
0,0.245835,1.646027
0,-0.814841,-0.809681
0,0.413734,7.934375
0,1.041350,3.070099
0,-0.164227,1.838469
0,1.003970,1.974966
0,-0.293847,-1.620820
0,-0.046658,-3.082967
0,-0.632455,-2.323454
0,0.315793,0.385098
1,-0.250955,-1.453498
1,0.099783,-0.250174
0,0.429981,-1.878412
0,-1.969200,-1.642433
1,-0.017435,-0.069452
0,0.018473,-1.704205
0,-0.821022,-3.573911
0,1.750806,4.463124
1,-0.322234,0.775652
1,2.532960,48.733803
1,0.387922,-0.873890
0,0.528386,-0.075538
0,1.055465,3.108516
0,-1.694442,-2.191886
0,-1.445928,-4.200726
0,-1.134274,-3.029950
0,1.014944,1.610227
0,-2.465963,-3.469309
1,-0.438808,3.309410
1,-0.866295,-2.202092
0,-1.189510,5.812403
0,0.966477,1.149395
0,-1.577711,-0.320962
1,1.474231,6.922429
0,-1.149447,0.460386
0,1.318535,4.526746
0,2.248958,6.752623
0,0.631314,2.571302
0,-1.138701,4.400890
0,-1.349901,-2.132058
1,0.277248,2.267050
0,0.915376,3.057127
0,1.785347,9.261028
1,-0.455584,1.287765
0,-0.764232,-2.678544
0,1.839431,5.626624
0,0.376342,2.588798
1,-0.096631,1.794525
1,-0.114967,2.175060
0,0.168975,1.611077
1,0.482499,0.697391
1,0.290274,-1.587002
0,-1.101085,-2.540968
0,-2.210749,-5.218177
0,-0.541878,-2.658621
0,0.661804,1.900938
0,0.532682,-0.816662
1,0.546067,1.779425
0,-0.467774,-1.568432
0,2.089150,4.107809
0,2.077744,6.341174
0,-0.485917,-3.106024
1,-0.727466,-4.111693
0,-1.120089,-4.861874
0,-0.615390,-2.879299
0,0.617385,1.719424
0,0.413762,1.540522
0,2.532960,5.906928
0,-0.397034,-1.263903
1,-0.677488,-0.321325
1,1.121922,3.459232
0,1.463954,5.092090
0,0.809593,1.245217
1,-0.953501,-5.106624
1,0.643309,5.377701
0,-0.452554,-2.877614
1,1.253523,7.297797
0,-1.387143,-4.130704
1,-0.301023,2.634197
0,0.424136,2.575900
0,-0.564510,-0.898090
1,-2.331740,-7.119011
0,1.649758,11.274425
0,-0.553879,2.304959
1,0.184709,-2.828030
1,-1.204937,-2.768338
1,0.556200,1.091160
0,-0.185875,-1.995637
0,-1.630182,-5.594630
0,0.049914,-2.210898
0,-1.827729,-5.549305
0,-2.168646,-8.438989
0,1.762888,4.225724
1,0.135868,0.710777
0,0.710674,2.533428
0,0.270647,-0.183980
0,-0.618191,-1.056695
0,0.504124,3.747203
1,0.764815,0.410344
1,0.368257,3.102273
0,0.070147,-2.134491
0,2.066183,10.433119
0,-1.356242,-3.002805
0,0.651009,-0.799350
0,-0.764101,-1.911183
1,0.817863,0.746495
0,-0.920590,-2.725614
0,-0.880366,-2.129223
0,1.385870,2.433439
0,-0.393558,-1.121679
0,-0.827390,-3.115511
0,0.384804,1.870793
0,0.764202,4.819864
0,-1.349714,-4.615591
0,-1.538906,-3.786191
0,-0.319582,0.161879
1,-1.058923,1.326832
1,-0.235743,-2.907101
1,-1.343531,1.134337
0,-0.741005,-2.596618
0,0.089420,9.625234
1,-0.445372,-2.415542
1,-1.062607,0.586577
0,0.238167,2.802296