y,rr,eta,pt
0,2.056579,8.805419,-0.342277
0,1.919362,6.099314,-0.046940
0,3.200497,19.942874,0.412715
0,0.741346,0.383817,-0.795676
0,-0.265298,0.196124,1.000042
0,-1.000317,-3.178732,0.070832
0,-1.237765,0.474742,2.100379
0,0.878441,0.554785,-0.939622
0,2.629557,12.664020,3.136961
0,0.293644,0.076235,-1.104773
0,0.212201,0.353073,-0.757425
0,0.059614,-1.917682,-1.084115
0,1.121196,1.772588,-0.561333
0,0.653497,2.887516,0.152124
0,0.102453,-0.968030,-0.508954
0,1.491129,4.693104,-0.200799
0,1.085813,4.804666,1.604386
0,1.890675,6.376796,-0.752730
0,1.529335,5.792229,0.486651
0,-0.148765,-1.732828,-0.557600
0,-1.235139,-2.011543,1.327650
0,2.747639,12.340903,2.687503
0,1.723648,7.879136,0.606312
0,-0.775955,1.609021,2.954518
0,-0.044747,-0.302174,0.233360
0,-1.280458,-4.547586,-0.340463
0,-1.513996,-0.360100,3.003780
0,0.949345,6.311992,1.003084
0,-0.735317,-1.764967,-0.410501
0,-0.010611,-1.777052,-0.852475
0,0.975293,3.543286,0.942990
0,-0.328734,1.527661,1.090073
0,0.152477,0.452946,0.378595
0,2.208052,8.632905,1.153938
0,-0.825477,0.939606,1.633382
0,-1.387057,-1.180247,2.193464
0,-1.199637,-3.867954,-0.024796
1,0.977025,3.706274,1.052456
0,2.080580,4.714695,-0.360743
0,-0.179229,-2.842787,-1.267359
0,-0.577231,0.651755,0.959338
0,2.316919,12.530105,3.642340
0,0.372998,-0.674907,-0.823649
0,0.506833,1.334607,0.310815
0,-0.436530,-1.744679,-0.015339
1,0.084356,2.288449,1.778970
0,0.177234,-1.501094,-1.020853
0,-0.340083,-1.843349,-0.268106
0,-0.595051,-2.842207,-0.471539
0,2.355173,9.426145,1.421392
0,3.079016,11.187185,1.255308
0,0.052446,-0.405022,-0.023726
0,-0.824604,2.221955,3.471696
0,-1.474647,-3.468277,0.777820
0,2.936820,12.339894,-0.533080
0,-1.172643,-4.023947,-0.184371
0,-1.480494,-3.337515,-0.073183
0,-1.907532,-4.837804,0.658240
0,3.149518,11.430818,1.289027
0,0.640712,1.383576,-0.864064
0,0.303031,-0.900424,-0.845855
0,-0.329885,-1.315099,0.077907
0,0.393305,-0.465278,-0.717443
1,-0.082896,1.432471,1.506615
0,-0.312680,-2.590551,-0.837548
0,1.097613,2.829945,0.215414
0,-0.417983,-3.516602,-1.276894
0,1.362379,3.271065,0.014177
0,-1.379772,-3.511857,0.566181
0,1.918960,4.595240,0.818428
0,-1.815634,-1.545389,0.855288
0,0.974999,2.880474,-0.467746
0,1.024969,0.860551,-1.008341
0,-1.016929,-0.494004,0.054959
0,-0.288841,-0.872724,0.305493
0,2.020498,5.715434,0.446643
1,-1.104876,-2.054101,1.049024
0,-0.179708,-1.490786,-0.330931
0,1.783674,6.469506,1.421437
0,0.946847,3.941647,0.320381
0,0.302378,0.681870,0.250255
0,0.188117,-0.271289,-1.143380
0,-0.463266,-1.451034,0.238989
0,-0.978453,-0.588556,0.868601
0,0.155225,-1.211012,-0.778030
0,-0.304646,-1.119673,0.164851
0,2.702280,18.088054,3.892984
0,1.197661,1.898662,-0.620363
0,1.310873,3.295403,0.129544
0,1.217095,1.148465,-1.176634
0,2.533923,11.679571,2.638712
0,2.958467,14.335177,3.664143
0,-1.202112,-4.878666,-0.719420
0,0.809085,3.970176,1.556313
0,-0.640065,-2.433134,-0.102376
0,-3.225308,-6.609913,1.952791
0,-0.087442,-0.354435,-0.673801
0,2.373586,9.657162,0.593354
0,1.117239,5.316655,1.898540
0,0.327875,-0.518241,-0.628930
0,0.723847,5.111067,2.508798
0,-0.376320,-0.540848,0.702471
0,2.237712,13.556334,5.456615
0,0.053037,1.649960,1.397080
0,-0.627583,-3.388911,-0.787597
0,0.408982,3.516091,1.054793
0,-1.486484,-3.218232,0.020813
0,-0.419424,-1.599834,0.052163
0,0.353236,-0.194685,-0.453560
0,2.898796,13.190981,3.939235
0,-0.006509,-1.312254,-0.538707
0,-0.537302,-3.789972,-1.237807
0,2.423378,8.658370,1.712332
0,-0.554916,-3.501549,-1.004542
0,1.620607,4.912641,-0.296568
0,1.786961,4.635937,0.146419
0,0.570434,2.368019,0.904217
0,-1.272224,-6.733189,-0.915864
0,3.096712,10.947464,2.008253
0,-0.077403,-2.572007,-1.274775
0,-0.636216,-1.776105,0.344891
0,2.062973,5.303772,0.080546
0,1.011515,3.630580,-0.018563
0,1.989839,7.853745,1.984886
0,-0.499311,-2.928180,-0.714165
0,0.067739,-2.145913,-1.257580
0,0.175952,0.019385,0.033690
0,-0.590881,4.398001,1.672312
0,-0.172289,1.268530,1.564174
0,0.681685,2.013657,0.446208
0,2.245172,7.921711,0.590825
0,2.858407,11.050225,2.535207
0,-0.673933,-2.625677,-0.170819
1,-2.035840,-0.611620,3.827968
0,-0.507276,-2.380784,-0.320161
0,0.541621,1.790004,0.559379
0,2.366667,8.366752,1.619030
0,-1.097302,-1.871917,0.207930
0,0.606950,1.086754,-0.052199
0,0.756120,4.315830,0.944135
0,-0.595978,-3.855372,-0.218151
0,-0.308179,1.329190,0.913421
0,1.647312,3.429463,-0.421262
0,1.033901,2.605498,0.181983
0,-0.572383,-1.815251,0.195698
0,0.149120,-1.177807,-0.743377
0,-0.445974,-2.468316,-0.497993
0,0.599339,1.399723,0.178918
0,-0.349262,0.573160,1.421544
0,-2.495594,-6.440703,0.674016
0,0.614368,4.636681,2.389968
0,0.241147,0.850993,0.484407
0,-0.832704,-1.843007,-0.278211
0,0.164783,-0.811919,-0.520163
0,-0.324156,1.525717,1.079969
0,0.234172,-0.145415,-0.191712
0,-0.636741,-3.137649,-0.596219
0,0.632610,2.058850,0.571354
0,-0.281144,-3.084933,-1.239959
0,0.938937,6.153373,-0.039430
0,-0.433678,-2.884445,-0.809452
0,0.286977,-0.362231,-0.442746
0,-0.614850,-2.080125,0.093654
0,2.900694,10.958738,1.438345
0,-0.534051,-1.773592,0.151200
0,2.883896,10.805220,2.316919
0,0.392941,-0.684407,-0.868371
0,1.272876,2.272896,-0.505293
0,-0.729950,-3.173764,-0.442912
0,0.823064,1.123360,-0.440271
0,0.760754,-0.254708,-1.274626
0,-0.678330,-1.024844,0.945282
0,0.620706,0.395224,-0.557013
0,-0.900645,-2.035656,0.671118
0,0.356515,0.433894,-0.977557
0,-0.219663,-2.207122,-0.750168
0,0.905970,1.592919,-0.273951
0,0.900283,0.199725,-1.227087
0,0.455407,-1.603240,-1.623644
0,0.167429,-1.026649,-0.673807
0,0.101197,1.238753,0.067755
0,1.087757,2.037402,-0.314129
0,-0.708232,-1.998348,0.328869
0,-0.350583,-1.366701,0.081793
0,-0.882795,-0.989521,1.360842
0,-0.733351,-2.190996,0.243616
0,-0.287837,-2.533635,-0.845687
0,2.232509,5.855790,0.138209
0,1.166941,4.062471,-0.017030
0,1.536015,3.861216,0.090384
0,2.666853,6.684544,-0.119186
0,-1.049463,-1.066052,1.626702
0,-0.515177,-1.633379,-0.740551
0,2.505474,7.814783,0.971576
0,-0.800766,-2.939474,-0.145333
0,0.437425,0.814225,0.083508
0,0.358797,-0.482456,-0.663319
0,-0.942987,-1.167380,1.352913
0,-0.247576,-0.706020,0.341908
0,0.657562,0.561986,-0.512124
0,2.319213,5.935466,0.027487
0,0.332830,-0.712414,-0.772765
0,1.864912,19.839079,6.706387
0,-0.313797,-0.487806,0.619574
0,-1.294743,-1.347366,2.853907
0,-0.488589,-1.517089,0.241723
0,-0.374026,-1.354456,-0.817557
0,0.431743,1.069320,0.270889
0,0.960288,2.760850,0.430290
0,1.905153,10.935700,4.279426
0,0.310430,0.212060,-0.090232
0,0.207186,0.859081,0.554966
0,0.427769,2.500981,1.269121
0,-0.146011,-2.061767,-0.790478
0,-0.724847,1.535874,2.806140
0,1.132096,5.587552,1.104899
0,0.555303,-0.268169,-0.890938
0,-0.122371,-2.455760,-1.108319
0,-1.022766,-2.574597,0.531803
0,-0.016833,-2.536463,-1.366043
0,-0.997405,-2.706536,0.391994
0,-0.699166,-3.337181,-0.614873
0,-0.686845,-2.254571,0.110665
0,-1.282622,-4.097320,-0.024765
0,-0.327756,1.066533,1.721794
0,1.251062,6.122585,2.200212
0,0.845814,1.915783,0.064525
0,0.125971,-1.445894,-0.884596
0,-0.556250,-2.223078,-0.117357
0,0.299481,1.788870,1.021779
0,0.979316,4.290942,1.452633
0,1.082032,2.747060,0.187866
1,-1.121218,-4.129830,-0.356007
0,0.923422,0.367168,-1.155488
0,-0.441446,-1.448363,0.199098
0,1.727565,12.980636,1.270776
0,-2.022318,-5.395073,0.492214
0,-0.587035,-2.100507,0.026345
0,1.353521,3.348065,0.084401
0,-0.975715,0.056754,2.262552
0,0.745025,1.285581,-0.178742
0,0.322553,0.612558,-0.788966
0,-0.683373,-3.710448,-0.903364
0,-2.747105,-8.312133,-0.139800
0,-0.438424,-2.986710,-0.871135
0,-1.638679,-4.558644,0.337120
0,-0.971227,-3.206944,-0.004336
0,-0.176700,-2.616513,-1.115626
0,-0.212533,-2.408619,-0.903232
0,0.478859,-1.319859,-1.472421
0,0.306503,-1.347314,-1.161721
0,-1.506591,-5.152767,-0.326649
0,-0.986818,-1.707675,0.110234
0,-0.672509,0.427312,0.986292
0,-0.155670,-0.529872,-0.664680
0,0.962424,3.897657,1.212814
0,0.393746,0.186384,-0.267370
0,-0.576574,-3.826049,-1.187648
0,2.444931,8.743096,0.777061
0,-0.839915,-1.897855,-0.302369
0,-0.893356,-3.547730,-0.389099
0,-0.343078,-1.965783,-0.347096
0,-0.425787,-3.381127,-1.168225
0,0.080874,-1.507809,-0.841174
0,2.801129,10.055092,1.956195
0,0.985224,1.517814,-0.477522
0,0.384571,-0.955984,-1.040278
0,-0.237910,-1.728451,-0.384049
0,-0.693087,-3.017517,-0.405311
0,-0.129950,-2.255836,-0.955485
0,0.930577,0.592196,-1.013466
0,0.237603,-2.430598,-1.779497
0,1.998992,9.093923,2.825512
0,-0.772370,-1.416909,0.853881
0,1.991707,8.157445,1.238789
0,2.392667,9.515242,0.458652
0,-0.522758,-2.726613,-0.529841
0,0.461083,-1.204581,-1.358651
0,0.334869,4.749398,0.144608
0,-0.797384,-1.737006,0.680240
0,1.141033,2.158264,-0.332410
0,-0.053977,-1.298161,-0.438154
0,0.093413,-0.725161,-0.323609
0,-0.828002,-2.718833,0.059439
0,-0.060612,1.468887,1.489184
0,-0.523284,-1.789511,-0.833080
0,-0.856328,-3.712796,-0.574145
0,1.022624,1.181220,-0.781970
0,-0.243340,-2.541525,-0.936266
0,1.521919,6.388212,0.913225
0,2.526116,7.009727,0.375036
0,-0.683125,-0.389897,1.393803
0,-1.257330,-5.033478,-0.720916
0,0.605202,1.062703,-0.065497
0,2.132093,4.123471,-0.868376
0,0.957326,4.494700,0.683018
0,-0.750489,-3.383216,-0.548551
0,-1.839047,-3.587038,0.440031
0,-0.659960,-3.974895,-1.131134
0,1.226466,4.072432,0.828667
0,0.965417,2.297009,0.099527
0,-0.384057,-1.661529,-0.058181
0,-0.889060,-4.279715,-0.903810
0,-1.579621,-4.614856,0.185254
0,0.941769,1.670096,-0.289028
0,0.225295,0.617247,0.352990
0,-0.521768,-1.951439,0.004642
0,1.751268,3.755154,-0.394758
0,0.912453,1.126702,-0.608949
0,-0.579406,-3.075729,-0.663050
0,-0.914494,-1.143738,1.314767
0,2.538058,12.329051,4.032875
0,-0.155572,-0.155701,0.546705
0,0.291867,-1.501550,-1.240447
0,0.781829,1.650700,0.003498
0,-0.848719,0.307253,2.192954
0,0.021085,1.662088,1.466593
0,0.978564,4.725336,1.754647
0,-0.839031,2.640900,3.789180
0,1.285250,3.444228,-0.671132
0,-0.490280,-2.041471,-0.117886
0,0.370145,0.900094,0.271624
0,-0.047696,-2.236763,-1.099631
1,-0.662399,-1.455319,-0.335726
0,-0.294517,-2.011635,-0.471714
0,-0.673496,-3.292659,-0.633171
0,0.251894,1.077035,0.620257
0,1.169124,6.799773,1.872858
0,0.549195,-0.100830,-0.763463
0,-0.718399,2.022601,1.225259
0,-0.270686,-2.347790,-0.749901
0,-0.396764,-3.539902,-1.333606
0,-0.026778,-2.216026,-1.125294
0,0.186804,3.249071,0.342362
0,-0.328007,-1.983653,-0.388288
0,-0.616358,-2.472458,-0.174934
0,-0.719118,-4.446932,-1.344595
0,2.378344,10.756934,3.250569
0,0.605135,0.794646,-0.250850
0,-0.850049,-1.397471,1.015922
0,1.998918,10.524046,2.862555
0,0.082107,3.236825,1.486830
0,0.136400,0.786142,-0.312766
0,0.154696,-0.755083,-0.461541
0,1.455093,4.276465,0.532509
0,0.352959,-0.098041,-0.386157
0,0.353900,0.201376,-0.180777
0,3.056943,13.206834,1.742352
0,-0.761495,-1.881248,-0.440886
0,-0.964875,-3.428266,-0.169629
0,0.260156,-0.238790,-0.306027
0,0.452075,0.675151,-0.040747
0,-0.398402,0.419746,1.409391
0,-0.318293,-2.370417,-0.674491
0,1.350747,3.369227,0.104352
0,0.137014,0.531457,0.462499
0,-0.568059,-1.950935,0.093542
0,-0.669752,-3.531656,-0.805704
0,0.123201,-0.149038,-0.934612
0,-0.222579,-1.739543,-0.421050
0,-0.139692,0.426290,0.919036
0,0.590936,-0.282246,-0.968839
0,2.786203,12.762208,1.952588
0,0.723174,1.335947,-0.102094
0,-0.212250,-2.538681,-0.993768
0,-0.233995,-1.706809,-0.376562
0,1.710868,4.219461,0.003796
0,2.002700,5.360527,0.235112
0,1.902087,6.617496,1.297328
1,2.804024,8.416290,0.816695
0,1.805075,4.335923,-0.095825
0,1.445507,4.052829,0.396102
0,0.968106,4.067890,1.319737
0,2.029272,4.767358,-0.226157
0,-0.741436,-2.076795,0.338104
0,-0.487804,0.119453,1.372619
0,2.112123,12.926968,3.356030
0,2.667248,18.188467,7.840147
0,-0.811245,-3.631707,-0.604275
0,-0.950499,-2.492558,0.450332
0,-0.088418,-0.297626,0.320043
0,-0.079338,-2.725422,-1.377227
0,-0.631332,-1.570790,-0.475054
0,1.044658,2.575666,0.140764
0,-0.787952,-3.136570,-0.306225
0,0.806672,0.424633,-0.892395
0,-0.234809,-1.343413,-0.123555
0,0.257574,-1.909865,-1.457380
0,-1.319846,-1.840374,1.608125
0,0.450961,-0.557164,-0.891313
0,0.928307,0.399619,-1.142378
0,-0.116022,-0.293878,0.375441
0,0.327947,0.518842,0.088538
0,1.747021,8.809478,2.158016
0,0.840509,1.423058,-0.266265
0,-1.053060,-3.321351,0.073039
1,-1.949100,-1.919670,2.756947
0,-0.186925,-1.922507,-0.615853
0,-0.431058,-1.665623,0.028894
0,0.027398,-0.976478,-0.371228
0,0.442861,-0.666587,-0.951531
0,-0.667932,-3.788726,-0.987065
0,-0.845328,0.079078,2.028583
0,-1.376526,-5.533051,-0.838585
0,-0.893256,0.341187,1.348962
1,-1.091366,-2.829844,0.486409
0,0.623601,1.756674,0.379498
0,-0.203420,-2.209157,-0.782647
0,0.103480,-1.495417,-0.875842
0,0.458299,-1.206892,-1.354925
0,0.815991,1.743859,-0.950056
0,-1.108601,-4.654026,-0.742856
0,1.357280,2.677134,-0.387036
0,0.055300,-1.009010,-0.447111
0,-1.869201,-5.747123,-0.044281
0,0.474416,0.799921,0.002850
0,-0.302861,-1.467725,-0.079396
0,0.519143,0.177339,-0.513500
0,-0.466832,-2.952963,-0.793442
0,0.198743,-0.084322,-0.081666
0,-1.728600,-3.474920,1.259006
0,0.332723,0.615441,0.146242
0,0.276504,-0.845684,-0.757237
0,-1.003620,-4.208133,-0.635140
0,0.046112,-1.718830,-0.920694
0,2.661883,5.865946,-0.676105
0,-0.681943,-2.921689,-0.360321
0,0.451734,1.174647,0.305529
0,1.597344,3.925080,0.017261
0,1.162540,1.573433,-0.778222
0,-0.087194,-1.622658,-0.599148
0,-0.110483,-0.731880,0.061772
0,1.429948,4.122822,0.474295
0,-0.701636,-1.923086,0.368328
0,1.808762,3.751488,-0.507274
0,0.453197,0.240447,-0.343685
1,0.598685,0.302260,-0.579217
0,2.629835,8.353529,1.106471
0,1.667731,4.053006,-0.028864
0,-0.760840,-0.393324,0.587425
0,0.206794,-0.472656,-0.365775
0,0.153476,-2.031063,-1.342116
0,-0.818438,-1.481243,0.897489
0,-0.387443,-1.121722,0.321815
0,1.959382,10.715609,0.212730
0,1.232850,6.171579,1.316283
0,-0.146718,-2.803385,-1.302284
0,-0.569711,-2.354092,-0.182262
0,0.587314,1.946734,-0.372245
0,1.732072,4.364050,0.063285
0,1.692524,4.824910,-0.494843
0,-0.490547,-0.116871,1.214343
0,-0.341077,-2.567320,-0.767154
0,0.165909,6.234465,1.495395
0,-0.985879,-2.046974,0.826330
0,-0.674491,-1.728389,0.451122
0,1.068291,6.017782,2.477313
0,-0.127359,-1.187045,-0.220896
0,-0.355934,-1.098543,0.277579
0,1.240377,3.661445,0.517676
0,-0.084624,-0.828320,-1.007093
0,-1.120413,-1.797710,1.256154
0,0.675312,0.938814,-0.285333
0,-0.443766,-2.171540,-0.296864
0,0.527592,0.300787,-0.444243
0,-1.000488,-2.497111,0.542803
0,0.202526,-0.620348,-0.459805
1,0.995859,4.038880,-0.658761
0,-1.574798,-4.622981,0.170404
0,-0.202219,-2.289185,-0.840318
0,0.270341,-0.464536,-0.481712
0,2.889164,11.898366,2.110571
0,0.342119,-0.005687,-0.301516
0,1.216358,2.003204,-0.583792
0,-1.106397,1.308880,3.378935
0,-0.612113,-1.893288,-0.734967
0,-0.791380,-1.335424,0.946628
0,0.400191,-1.272281,-1.289018
0,-0.313175,0.380205,0.266333
0,-1.888298,-4.714790,0.706568
0,-0.545338,-2.490791,-0.323472
0,1.368465,4.561821,0.895670
0,1.614820,4.245928,0.205840
0,0.121758,-1.860106,-1.163150
0,0.018640,1.534795,0.430523
0,-0.175056,-1.276833,-0.191786
0,2.982057,15.106571,1.294778
1,-1.645756,-1.365931,2.559841
0,-0.780373,-3.139077,-0.322457
0,-0.605260,-3.062657,-0.604549
0,0.106183,-1.553981,-0.921535
0,-0.665474,-2.268178,0.060370
0,-0.364186,0.326668,1.279534
0,-0.142124,-2.200601,-0.893979
0,0.315462,-1.855701,-1.530635
0,-1.429633,-3.700469,0.531050
0,-1.001936,-2.283600,0.693312
0,0.980689,4.560766,0.684042
1,-1.494874,4.269453,4.265267
0,-0.119240,-1.495434,-0.449814
0,-1.048113,-4.197105,-0.542398
0,1.544715,7.067034,1.339326
0,-1.241140,-3.505443,0.305432
0,-0.307761,0.241648,1.112770
0,-0.333006,-0.650419,0.543800
0,0.884379,4.937472,2.081599
0,0.085085,-2.443067,-1.496376
0,0.050854,-1.714855,-0.927013
0,0.530318,-0.601347,-1.073685
0,-0.825485,-1.938730,0.594414
0,-0.161747,-1.402770,-0.304387
0,-0.041858,-2.001394,-0.947936
0,0.084423,-0.766207,-0.334814
0,-0.010276,-2.084039,-1.065534
0,-0.201302,-0.874460,0.136840
0,-0.453557,-3.036319,-0.876514
0,-0.525819,-3.591418,-1.122385
0,0.499369,-0.297917,-0.804526
0,0.754860,4.727537,2.184091
0,0.591918,-0.045341,-0.806791
0,-0.069047,-1.081942,-0.259715
0,-0.659613,0.159811,1.729196
1,-0.719670,-2.769070,-0.182549
0,2.922933,8.628091,-0.216877
0,-0.163538,-1.911766,-0.653158
0,-0.842548,-2.228803,0.426337
0,0.088615,0.872398,0.790994
0,-0.191250,-1.621986,-0.399636
0,1.518536,3.406091,-0.191100
0,0.705115,2.274161,-0.371024
0,-0.324009,-2.244511,-0.576436
1,-0.496941,-0.046207,1.275469
0,1.128777,1.414515,-0.823600
0,-0.423023,3.228405,1.494590
0,0.730733,1.468023,-0.025163
0,2.800184,7.151324,-0.051247
1,-0.074043,-1.469116,-0.518062
0,-0.250397,0.506899,0.233911
0,0.291540,-0.656155,-0.654854
0,-0.861307,-4.352445,-1.007224
0,0.702803,1.496736,0.048131
0,-1.834075,-4.271652,0.909472
0,0.890610,0.545382,-0.969406
0,2.017914,6.010227,0.655566
0,0.011250,-1.588494,-0.763820
0,1.398244,2.132513,-0.842243
0,0.502458,-1.135667,-1.390113
0,1.838313,6.981802,1.671400
0,-0.738039,-4.020064,-1.013032
0,-0.858418,-0.572060,1.603071
0,-0.692055,-0.662391,1.222334
0,-1.462590,-2.801022,1.216461
0,0.480950,-0.651800,-1.014160
0,-2.395092,-6.673424,0.320738
0,-0.363916,-0.305876,-1.064005
0,2.036377,7.427729,1.601084
0,-0.201386,-2.341748,-0.878283
0,0.280041,-0.986744,-0.861608
0,-0.783780,-3.778358,-0.758287
0,0.976769,0.803492,-0.955621
0,-1.458544,-5.036103,-0.337834
0,0.926539,0.971527,-0.743267
0,0.164863,3.600599,1.580239
0,-0.547835,-3.073815,-0.722117
0,-0.123536,-1.046525,-0.130977
0,-0.821574,-1.604940,0.817896
0,-0.294966,-2.570505,-0.857563
0,-0.529676,-3.086323,-0.765508
0,-1.131614,-4.273140,-0.435283
0,-0.705451,1.993195,1.180144
0,0.225062,-0.693977,-0.553860
0,-0.350811,-2.800008,-0.909541
0,-1.006871,-0.277951,1.137884
0,-0.545029,-2.721350,-0.483599
0,-0.389093,-2.186299,-0.411660
0,0.276501,0.533570,-0.755529
0,0.984206,4.585615,1.647176
0,-2.019798,-5.278970,0.567730
0,-1.478087,-0.228311,3.026282
0,-0.529864,-2.917622,-0.648416
0,0.929736,-1.313619,-1.377911
0,-0.726252,-4.421263,-1.313187
0,2.042831,4.808866,-0.223374
0,-1.525041,-4.455315,0.191241
0,3.020262,10.190026,1.630385
0,2.225821,10.098405,1.181326
0,0.829463,0.207108,-1.086508
0,0.266599,0.873152,0.451053
0,-1.038651,-5.052580,-1.152441
0,0.030153,-0.849338,-0.288523
0,0.878392,1.043457,-0.601394
0,-0.076356,-0.880733,-0.106508
0,1.863724,6.212997,-0.814516
0,-0.731392,-1.811965,0.502138
0,2.463900,7.258664,0.666298
0,0.713772,0.080492,-0.952815
0,-0.920278,-3.059831,0.000000
0,0.169835,-1.281915,-0.855039
0,-0.020021,1.927538,1.728900
0,-2.135419,-6.206667,0.146985
0,-1.484730,-2.644681,1.366992
0,0.396270,-0.570676,-0.796045
0,0.922063,3.200533,0.807647
0,2.117947,5.963625,-0.520698
0,-0.473504,-3.533914,-1.182668
0,-0.244673,0.466407,1.147611
0,1.142764,1.819700,-0.569989
0,-0.080324,0.464832,-0.120528
0,0.000000,-1.000504,-0.335443
0,-1.319033,-4.642996,-0.332693
0,-0.179724,0.409579,0.031380
0,1.873760,6.289896,0.172165
0,2.913930,15.376928,5.422841
0,-0.457611,-2.630935,-0.588255
0,0.290573,0.805673,0.358500
0,0.452864,-0.620760,-0.938956
0,1.602020,6.958395,2.107204
0,0.671946,-0.885540,-1.541249
0,0.272375,-0.559048,-0.551001
0,-0.094812,-0.019513,0.524714
0,-0.330728,-1.596245,-0.115019
0,1.754340,5.135687,0.554620
0,0.963541,2.494208,0.239567
1,1.338980,5.394919,1.528529
0,1.923725,5.458626,0.454062
0,-1.443237,-2.208303,1.589571
0,0.305917,-1.328416,-1.147525
0,-0.153663,-2.648115,-1.181561
0,-0.398073,-1.481496,0.093204
0,-0.822143,-1.641713,-1.111796
0,-0.241872,-0.329641,0.591432
0,0.886318,0.459198,-1.020831
0,2.310649,7.594775,1.192019
0,-0.018085,-1.022097,-0.315791
0,0.298931,-2.186978,-0.775570
0,-0.515452,-2.926804,-0.682339
0,-0.716442,-1.677487,0.566592
0,-0.166777,-1.646961,-0.463731
0,0.309725,-0.630421,-0.671834
0,-0.385843,-0.786016,0.551045
1,0.136733,4.169238,2.027517
0,0.439784,-0.557720,-0.870317
0,-0.005478,-0.326409,0.141473
0,-0.166042,-2.338294,-0.943501
0,-0.469410,-3.614018,-1.245927
0,-0.605445,-2.398976,-0.144964
0,-0.915235,-3.757471,-0.492377
0,-0.035988,-0.235752,0.262565
0,1.992930,5.153014,0.110214
0,2.348814,7.278392,-0.052572
0,-0.604123,-0.261596,0.378791
0,-0.265997,-1.477488,-0.156670
0,1.334228,8.384982,2.653913
0,-0.475548,-2.711959,-0.610009
0,-0.526821,-2.988843,-0.703518
0,1.412575,7.990806,2.231296
0,0.360105,-0.730138,-0.837203
0,0.450599,0.436493,-0.203064
0,0.690762,1.622305,0.158050
0,-0.384257,-1.425778,0.105329
0,-0.378954,-0.622520,-0.301671
0,-0.126358,-1.774291,-0.629153
0,-0.305751,-3.354601,-1.379483
0,0.948641,2.916677,-0.392274
0,0.811808,1.136018,-0.409980
0,-0.287227,-1.972733,-0.458741
0,0.557470,3.156986,-0.430396
0,0.363814,-0.967370,-1.008450
0,2.533126,11.864474,2.768179
1,-0.103193,2.804533,2.494833
0,-1.702063,1.295299,3.556309
0,1.178104,4.572730,0.314688
0,-0.276578,-0.525319,0.522421
0,0.084519,-0.500285,-0.150994
0,1.688967,9.062313,2.444013
0,1.891587,6.536183,1.261149
0,1.684211,4.218409,0.054061
0,-0.041642,-1.809158,-0.815332
0,-1.091223,-4.181052,-0.448827
0,0.053043,-0.406000,-0.025544
0,0.078441,-2.170982,-0.342731
0,-1.671172,-1.429820,1.611584
0,2.964894,9.064285,0.957345
0,-0.101157,-0.993410,-0.137033
0,-1.051863,-2.328471,0.757768
1,1.957512,6.599005,1.178511
0,-0.288521,-0.645513,0.462098
0,-0.045198,-1.802521,-0.803936
0,2.748690,12.324767,0.768993
0,-1.070932,-3.052123,0.293517
0,-0.151219,-2.690265,-1.215402
0,-0.984986,-1.062281,1.505974
0,-0.607032,-2.235943,-0.029118
0,0.055328,0.238179,0.415823
0,-1.221263,-4.916937,-0.709267
0,-0.888214,-2.350214,-0.522986
0,0.022973,-1.076347,-0.431867
0,0.419642,0.334229,-0.214607
0,0.441013,1.122114,0.289687
0,-1.335653,-3.840975,0.254055
0,-1.393871,2.977910,3.178381
0,2.621882,7.814851,-0.203721
0,0.407448,0.472703,-0.095464
0,-0.075039,2.121731,1.015848
0,-0.304402,-2.058168,-0.485003
0,-0.050219,-2.578284,-1.331118
0,1.935386,8.177576,1.360454
0,1.462669,12.431883,2.350452
0,-0.254961,0.410929,0.176234
0,-1.579935,-3.816797,0.738068
0,2.333391,6.475427,0.373990
0,1.437746,3.415205,-0.030254
0,-0.295656,-0.638386,0.480679
0,2.912065,7.273779,-0.180530
0,-0.314100,0.723008,-0.447366
0,3.078511,9.872112,0.346315
0,-0.369482,-2.569375,-0.714241
0,0.792984,2.673750,-0.262613
0,0.689446,0.262562,-0.780301
0,0.962503,17.344299,4.801002
0,-0.433520,-2.273487,-0.387004
0,0.119533,0.417212,-0.535781
0,-0.420932,-1.214012,-0.630652
0,1.424396,5.874021,-0.208685
0,-0.231750,-2.576383,-0.982554
0,-0.599557,-3.659064,-1.028139
0,1.213421,4.905176,0.477166
0,-0.591040,-1.730881,0.289766
0,0.001996,-1.656808,-0.793388
0,-0.092827,-1.528538,-0.523247
0,2.187947,4.989049,-0.376286
0,1.413525,6.014179,1.814427
0,-0.553061,-1.006864,-0.234571
0,1.243919,2.355159,-0.392979
0,-0.112891,-2.626452,-1.244564
0,0.091543,-0.608889,-0.239578
0,-0.332828,-1.861245,-0.294367
1,-2.403196,-3.297154,2.672435
0,-0.073917,-1.085683,-0.252986
0,1.818402,5.736399,0.847736
0,0.133721,-1.197746,-0.727717
0,-0.931381,-3.852638,-0.527340
0,2.152625,5.133365,-0.208861
0,-0.383138,24.320914,2.675816
0,-0.126228,-1.066995,-0.139992
0,0.546993,-0.210201,-0.834931
0,0.435726,3.208830,1.743695
0,-0.370379,-2.084989,-0.377356
0,-1.177375,-3.389935,0.263383
0,0.845787,4.050188,1.541469
0,0.435796,2.627433,1.341265
0,0.221612,0.820981,0.501008
0,1.624417,10.899420,4.791336
0,0.066030,-1.546516,-0.839561
0,-0.005691,-0.525481,0.004134
0,0.788673,3.243782,1.092733
0,0.047687,0.626368,-0.253623
0,-0.185470,0.786364,1.255756
0,-0.306741,-2.633525,-0.878645
0,0.055851,0.314442,0.467592
1,-0.961939,-4.092118,-0.634595
0,2.840692,11.738873,2.092933
0,-0.074566,-1.338289,-0.426535
0,0.131118,-0.475418,-0.222925
0,-0.530626,-2.491530,-0.352126
0,-0.110804,-0.135141,0.475296
0,2.901791,11.803962,1.068427
0,0.032207,-1.495982,-0.739894
0,-0.290345,-2.497912,-0.816172
0,-1.189044,-2.173552,1.127374
0,-0.408904,-1.822671,-0.122152
0,-1.087314,-0.115446,1.404207
0,-1.355906,-4.405714,-0.097973
0,0.223835,-0.330543,-0.300036
0,-0.657944,-3.477539,-0.790846
0,1.843683,10.656301,2.298347
0,-0.001881,-1.760315,-0.857593
0,0.124917,2.445612,1.810130
0,0.195732,-0.845504,-0.602603
0,-0.058072,-2.123645,-1.001510
0,2.702307,11.489436,3.137718
0,0.331973,5.698897,3.665154
0,-0.798924,-4.216183,-1.032269
0,2.092587,7.845432,1.782589
0,-0.783152,-3.185363,-0.349169
1,0.869049,3.668933,1.233164
0,3.023091,10.351533,-0.168607
0,0.608961,2.968071,1.245724
0,-0.072353,-0.766581,-0.035177
0,-0.054242,-0.730908,-0.045139
0,2.028744,3.893818,-0.829590
0,-0.408479,-2.682757,-0.718098
0,-0.105372,1.176737,1.372654
0,-1.471526,-3.692566,0.616655
0,-0.074299,-0.677780,0.029991
0,0.885682,1.798759,-0.092713
0,0.588529,2.297732,0.820969
0,0.155782,0.878915,-0.285648
0,-0.827742,-3.543769,-0.511869
0,0.098350,0.799667,0.722045
0,0.040878,-2.442231,-1.411235
0,-0.172023,-1.275378,-0.196581
0,-0.559878,-1.482725,-0.550800
0,2.944285,12.742266,2.589065
0,1.596866,4.530325,-0.515698
0,-0.351420,-1.349382,0.095379
0,0.316948,-1.771163,-1.474981
1,-0.367604,1.041731,0.828188
0,0.691116,0.624317,-0.533180
0,-1.835902,-3.461540,1.473521
0,2.413167,8.786272,0.867699
0,-0.780809,-2.788173,-0.078816
0,-2.624009,10.909527,7.209069
0,3.176315,8.679115,0.286405
0,-0.412007,-0.132241,1.053469
0,-1.258185,-2.575753,0.028665
0,0.045761,0.336835,0.502388
0,0.385374,0.504654,-0.031130
0,3.028404,8.970755,0.771142
0,2.137672,10.495664,0.672160
0,2.172959,7.376119,1.304108
0,0.399820,-0.395466,-0.681599
0,0.220087,0.787906,0.481040
0,1.624540,5.248030,0.880648
0,0.238978,-1.107627,-0.866704
0,0.477975,4.012853,2.219218
0,0.318883,-1.436973,-1.247442
0,1.566855,4.214730,0.276004
0,-0.197010,-1.140012,-0.055117
0,1.611408,2.870241,-0.739534
1,-0.168557,0.828862,1.252809
0,1.791140,4.744166,0.213313
1,-1.780320,-2.579829,1.024628
0,1.274210,5.255793,0.603491
0,-0.316580,-2.240290,-0.587726
0,0.818247,2.493551,0.517042
0,-0.350042,-1.871869,-0.268791
0,-0.522885,-2.037668,-0.052886
0,-0.543017,-3.055151,-0.718419
0,-0.773913,-3.977798,-0.915163
0,-0.147564,-2.400974,-1.022220
0,-1.297085,-4.953198,-0.589319
0,-0.202475,-0.594396,0.332874
0,1.193893,7.352269,0.302440
0,-0.200619,1.991705,2.118764
0,-0.135365,-2.492471,-1.108865
0,-0.250970,-2.115964,-0.627204
0,-1.406792,-3.413858,0.685677
0,-1.012007,-3.671907,-0.248056
0,0.133707,0.223374,0.255648
0,2.039569,3.566996,-1.076440
0,-0.179823,-1.104961,-1.016409
0,-0.403261,0.400414,0.452640
0,-0.064871,-3.361424,-0.892312
0,-1.020310,-2.648590,0.475906
0,3.003445,13.455286,2.969269
0,0.059344,-1.220049,-0.600874
0,-0.214769,-2.645673,-1.062982
0,-0.160346,1.348093,1.596382
0,-1.047616,-2.355873,0.730683
0,-0.102521,3.661975,1.181514
0,-2.182562,-3.023098,1.487351
0,2.502049,12.867753,3.521842
0,2.371267,17.894842,7.250484
0,3.066220,12.772089,2.376454
0,-0.680433,-2.936701,-0.373598
0,-0.652733,-2.222318,0.067731
0,-1.304942,-3.500184,0.431117
0,-0.020292,-1.439395,-0.600315
0,-0.091640,-1.171431,-0.278419
0,1.840895,7.194614,0.861048
0,0.124984,-0.156986,0.009145
0,2.063612,11.296648,0.415397
0,2.448501,8.137258,1.303694
0,-0.845978,0.997758,2.665503
0,-0.611451,-3.264253,-0.732199
0,-0.912564,0.028215,1.169337
0,-0.076957,-0.605581,0.085032
0,-0.220892,-0.779370,0.240110
0,-0.679502,-3.200397,-0.557841
0,0.884601,4.422977,1.725174
0,-0.077935,-0.232328,0.345173
0,-2.318990,-5.659435,-0.075879
0,-0.642332,-1.668323,-0.521498
0,0.494399,0.182164,-0.462829
0,0.394391,4.822858,2.939582
0,-0.355719,-2.043206,-0.376488
0,1.956724,4.338319,-0.384253
0,0.627318,-0.543872,-1.219465
0,-0.269103,0.619170,1.300046
0,-1.187964,-3.384882,0.287134
0,0.859833,3.868926,1.389178
0,-0.035458,-1.155856,-0.375111
0,0.040865,-1.449979,-0.724627
0,-0.972275,-1.770372,0.991699
0,-1.206772,-0.272925,0.571080
0,0.066316,2.158061,1.723259
0,1.194766,1.327086,-1.010326
0,2.081268,7.217994,1.370087
0,-0.609607,-2.956619,-0.522860
0,0.658195,1.022053,-0.194993
0,0.632989,1.721900,0.337479
0,1.200249,2.647257,-0.107327
0,-0.305106,-1.385441,-0.018167
0,-0.382412,-2.649196,-0.744738
0,-0.417222,1.094626,0.007035
1,1.935695,8.754580,2.711785
0,0.205394,-1.279212,-0.921188
0,-0.185608,-1.850260,-0.568382
0,-0.139745,0.584813,1.028828
0,1.443245,6.670969,2.212040
0,0.351906,-1.549278,-1.388320
0,0.694819,0.165728,-0.857582
0,-0.341544,-3.211943,-1.212304
0,-0.925623,1.985844,2.548889
0,0.516322,2.904071,1.378647
0,3.043933,11.259341,1.372346
0,1.078678,16.774653,3.231939
0,0.955411,1.985262,-0.097045
0,1.153173,1.481335,-0.824031
0,-0.398296,-0.148334,1.016107
0,0.104300,2.761210,2.067945
0,2.272551,5.439708,-0.226293
0,-1.265169,-2.093021,1.328715
0,-0.756283,-4.241996,-1.131699
0,-0.072857,-2.106528,-0.961384
0,0.025807,0.898856,0.929445
0,-1.388418,-2.942468,0.976706
0,0.926434,0.282276,-1.219990
0,2.066857,9.766595,3.161147
0,-0.284390,-2.785977,-1.026888
0,-0.799992,-2.200564,0.364473
0,-0.550145,-3.126505,-0.754156
0,-0.522318,-2.709373,-0.518753
0,-0.257724,-0.099536,0.780974
0,-0.271246,-1.153673,0.077435
0,-0.761175,-3.469728,-0.587973
0,0.175563,-1.035966,-0.695812
0,-1.346287,-3.722365,0.356469
0,2.858423,7.114991,-0.187792
0,-0.553464,-1.951835,0.065001
0,1.795685,5.256019,1.511462
0,-0.084132,-2.797708,-1.418076
0,-1.075236,-3.541089,-0.036587
0,0.416327,0.005871,-0.435472
0,0.356689,0.657324,0.129380
0,1.793734,4.946023,0.348026
0,0.029216,0.743259,0.815260
0,-0.533851,1.755438,2.592715
0,-1.419765,-2.311219,1.473459
0,-1.016437,-0.578314,0.948347
0,1.435618,4.194188,0.512832
0,1.322926,2.369205,-0.534392
0,-0.115329,1.692724,1.748736
0,0.769469,1.846839,1.115526
0,-1.173537,-4.425786,-0.460712
0,-1.259615,-4.294581,-0.205267
0,-0.759375,0.192389,1.942571
0,-0.079791,-0.645110,0.063102
0,-0.317698,0.824783,1.535276
0,-0.488207,5.486393,2.229017
0,0.192060,0.143646,-0.863809
0,-0.364153,-0.797794,0.501403
0,3.138422,10.454781,0.634889
0,-0.702298,1.939646,3.042395
0,0.921429,0.542396,-1.030427
0,-1.102054,-2.023442,1.064841
1,-1.772271,-0.097629,3.679446
0,1.632012,5.733858,0.249853
0,-0.088957,0.080956,0.583033
0,-0.788890,-0.869182,0.311812
0,2.132059,12.029401,2.696828
0,-0.153794,-1.762793,-0.568714
0,0.406944,3.313566,1.871223
0,-1.248186,0.190440,2.876260
0,-1.439757,-3.080976,0.979070
0,2.234609,10.965919,1.764789
0,-0.116114,1.268677,1.456820
0,1.221797,8.451983,2.915342
0,0.003201,-0.613416,-0.073722
0,-0.000560,-1.699743,-0.818207
0,1.117142,3.040436,0.323706
0,0.719012,1.257464,-0.148438
0,0.860061,1.789368,-0.050200
0,1.140603,2.832519,0.134960
0,-0.091993,-0.223615,0.378095
0,-1.635758,-3.585217,0.052424
0,-0.518479,-0.115030,1.269048
0,-0.044729,3.308392,2.731640
0,2.021707,7.576864,1.732338
0,-0.273648,-0.594137,0.469198
0,0.287998,0.828085,0.378935
0,0.485233,3.306395,1.716503
0,-1.008059,-2.746562,0.384679
0,0.869798,1.655024,-0.161785
0,-1.155754,-2.834351,0.606457
0,1.011629,1.044718,-0.855390
0,-0.883286,-3.686550,-0.504418
0,-1.500516,-4.154813,0.352260
0,1.362213,3.531781,0.194898
0,0.072832,-1.454453,-0.788870
0,-0.856059,-1.855185,0.710705
0,-0.221356,-1.731469,-0.417802
0,1.475684,3.586081,0.968081