y,rr,longstring,person_total,eta
1,0.700833,-0.337245,1.007969,2.698289
0,-0.114085,-0.674491,-0.345131,-1.848378
0,1.067897,-1.011736,-1.153312,-0.267948
0,-0.649557,-0.674491,-0.983621,-4.199938
0,1.526731,0.000000,-0.479480,3.186500
0,1.715616,0.000000,-0.688417,3.391202
0,-0.470451,1.011736,-0.701067,-1.218962
0,0.751873,-0.674491,0.535927,1.736509
1,-0.968755,9.780116,1.583354,11.629997
0,0.197283,1.686227,0.160071,2.644945
0,-0.444385,-0.674491,-0.764394,-3.335490
0,-0.094498,-1.011736,-0.055708,-1.798491
1,-0.641945,-0.674491,0.662243,-1.811008
0,-1.882345,0.000000,0.216857,-4.932724
0,0.026245,-1.011736,-0.450595,-2.043713
0,0.697059,-0.674491,-1.035608,-0.671747
0,-0.977305,0.337245,-0.146279,-2.614761
0,1.000850,-1.011736,0.337534,1.698138
1,1.053590,-0.674491,1.841223,4.422236
1,-0.503207,1.686227,1.766208,3.082106
0,0.301475,0.337245,0.321054,1.479282
1,1.080131,-0.674491,1.378033,3.826672
0,-1.253400,0.000000,-0.593094,-4.415521
0,-0.402139,0.337245,0.776027,0.251446
1,0.267331,-0.337245,1.601454,2.392497
1,1.617536,-0.674491,1.456503,5.377476
0,-0.259203,1.348982,0.248011,1.131098
1,0.728771,-1.011736,1.993502,3.353267
1,1.451141,-0.674491,1.907837,5.581787
0,0.063181,0.000000,0.329351,0.434617
0,1.658781,0.674491,-0.903006,3.768372
0,-0.334073,0.337245,-0.113733,-0.846891
0,-1.041763,0.337245,1.172326,-0.889618
0,-0.305546,0.000000,-0.447373,-1.669732
0,-1.113890,-1.011736,1.451914,-2.356356
0,-0.235621,0.000000,-0.160493,-1.069792
0,0.081897,0.337245,-0.097800,0.289006
1,-0.632551,-0.674491,1.351287,-0.794271
0,0.423008,-0.674491,0.421361,0.691726
0,-0.788040,0.337245,0.208381,-1.597972
0,-1.695647,0.337245,0.062339,-4.236533
0,0.460307,-1.011736,-0.252686,-0.597525
1,0.449194,-0.674491,0.294773,0.579616
0,-1.433401,-0.674491,-0.859582,-6.118686
0,-3.130085,6.744908,0.615777,0.683456
0,-0.206059,1.011736,1.499918,2.655881
0,-1.156659,1.011736,1.037764,-0.552628
1,-0.455323,0.674491,2.341335,2.780807
0,-0.623291,0.337245,-1.184974,-3.162346
0,0.893447,-0.674491,1.888188,4.061342
0,-0.562248,0.674491,-1.131720,-2.503354
0,-0.794410,0.000000,-0.248760,-2.691914
0,-0.656138,0.337245,-0.169062,-1.788233
1,1.479663,-1.011736,2.637292,6.288830
0,-0.323011,0.000000,0.008236,-1.060796
0,-0.342817,1.348982,0.021014,0.580709
0,1.167247,-0.674491,-0.422780,1.468207
0,-0.027005,0.000000,0.524411,0.474024
0,0.010087,0.000000,-0.269032,-0.568574
0,-0.292452,0.000000,-0.411436,-1.582982
0,-0.077371,-0.674491,0.125198,-1.073295
0,-0.389276,-1.011736,-0.457823,-3.165882
0,-0.270721,1.686227,0.240210,1.508083
1,-0.235512,0.000000,0.358948,-0.321975
0,0.026627,-0.674491,-1.074122,-2.520981
0,0.725117,-0.337245,-1.103865,-0.275878
0,-0.205772,0.337245,-0.948967,-1.705595
0,-0.779402,4.384190,0.073581,3.259478
0,1.551702,-1.011736,1.635697,5.040183
0,0.858968,-0.337245,-1.339015,-0.256148
1,0.355265,-1.011736,0.578136,0.317059
0,-1.041171,2.360718,-0.183019,-0.324347
1,-0.265626,0.000000,0.162144,-0.685766
0,-1.583265,2.023472,0.540369,-1.152774
0,0.834303,-0.674491,0.023289,1.219323
1,0.082442,1.011736,1.381479,3.257350
0,-1.343528,0.337245,0.231233,-3.051347
0,-0.280387,1.348982,-0.758070,-0.373432
0,0.299677,-1.011736,2.591877,3.066305
0,0.636789,-0.674491,-0.339639,0.168565
0,-0.502584,0.337245,-0.853642,-2.362563
0,0.539214,0.337245,1.768518,4.198422
0,0.930447,0.337245,-0.926070,1.367423
0,-0.320108,0.337245,-0.685059,-1.631722
1,0.835255,-1.011736,0.419965,1.373698
0,1.776974,-1.011736,0.343676,3.783574
0,-0.566021,3.035208,0.826778,3.238219
0,0.751823,0.337245,0.314875,2.675342
0,-0.746945,1.011736,-0.729656,-1.999891
0,1.805172,0.337245,-1.403842,3.020277
1,1.515577,-0.674491,2.118266,6.057020
0,-0.815085,-0.674491,-0.177779,-3.483138
0,-1.172366,0.000000,0.028474,-3.304206
0,1.819577,-0.337245,1.006907,5.690072
0,-0.995083,-0.337245,-0.466354,-3.961001
0,1.009675,-0.674491,-0.087554,1.529032
0,0.655366,-0.337245,-1.126054,-0.494435
0,-0.847196,-1.011736,0.767488,-2.627749
0,1.006123,-0.337245,-0.506969,1.334975
0,0.396924,0.000000,-0.221811,0.534402
0,1.302195,-0.674491,0.177336,2.692902
0,1.748476,-0.337245,0.129467,4.237112
0,1.432476,-0.674491,0.234540,3.123804
0,0.116808,3.035208,1.775817,6.430956
0,0.312169,0.000000,-0.303843,0.189581
0,0.555331,-0.674491,-0.231359,0.106441
0,-0.821119,0.337245,0.382507,-1.435892
0,-0.668363,2.360718,-0.005519,0.928577
0,-0.734096,0.000000,0.315431,-1.718609
0,-0.845927,0.337245,-0.370427,-2.585815
1,-0.109655,4.384190,2.060865,7.911353
1,-1.527441,0.337245,0.939424,-2.524268
0,-0.145313,0.337245,0.370228,0.354622
0,0.670616,-0.337245,-0.741153,0.100279
0,0.389741,-0.337245,2.163728,3.529183
0,0.780932,-0.337245,-1.229613,-0.307502
0,-0.486154,0.337245,-0.973207,-2.490669
0,0.346107,-0.674491,-0.827514,-1.311286
1,-0.475873,-0.674491,1.133050,-0.689129
1,-0.193715,2.023472,0.145238,1.996472
0,1.061536,0.000000,-0.158559,2.403663
0,0.500545,-0.337245,-1.291227,-1.146374
0,1.751863,-0.337245,-1.181953,2.358910
1,-0.149400,0.337245,-0.817917,-1.366171
0,0.575190,0.000000,0.082985,1.450002
0,-1.962676,0.337245,-0.097818,-5.181479
0,0.428773,0.000000,0.019449,0.966815
1,-0.259275,-0.337245,0.483109,-0.625901
0,-0.085578,-1.011736,-0.560188,-2.500622
0,-0.209648,1.348982,-0.409947,0.316821
0,-0.880980,1.348982,-0.383544,-1.441398
0,-1.215719,0.674491,-0.300263,-3.055231
1,-0.259890,-0.337245,-0.229976,-1.653748
0,-0.822715,0.337245,-0.926089,-3.323363
0,-0.422122,-1.011736,-1.000784,-4.035140
1,1.616913,-0.674491,0.589096,4.127525
0,0.645612,0.000000,-0.042341,1.458067
0,-0.456988,2.360718,-0.280724,1.098084
0,0.476262,-0.674491,-0.743503,-0.842144
0,0.729822,-0.337245,-0.549958,0.533841
0,-0.276796,-0.674491,-0.746288,-2.861035
1,-0.955696,1.686227,0.315290,-0.216588
1,-1.158964,1.348982,0.517187,-0.888932
0,-0.497662,2.360718,-1.243583,-0.396394
0,0.241699,-0.337245,0.537497,0.792774
0,-0.939037,-0.337245,-0.750139,-4.219440
0,-1.730041,0.674491,0.565617,-3.185264
1,0.833197,-0.337245,1.591523,3.892234
0,1.876418,0.337245,1.501732,7.392313
0,-0.746727,2.360718,-0.552302,-0.067969
0,-0.836238,-0.674491,-0.929791,-4.621954
0,0.762114,-0.337245,-0.128678,1.226505
1,-0.735110,0.000000,0.599573,-1.312415
0,-1.159230,0.337245,0.916547,-1.572005
0,-1.253461,0.337245,-1.070780,-4.684091
0,-0.294567,-0.337245,-0.719243,-2.450635
0,0.980254,-0.337245,-0.917498,0.674968
0,1.369077,-1.011736,0.859326,3.434276
0,-0.471489,0.674491,0.981352,0.780402
0,0.254667,-0.337245,-0.624695,-0.845039
0,0.150089,0.000000,1.250758,1.993144
1,1.517568,-1.011736,0.576609,3.424719
0,-0.797937,0.674491,-0.446318,-2.147601
0,0.940051,0.337245,1.416382,4.764143
0,0.139177,0.000000,-1.182586,-1.537877
0,0.457732,0.337245,-1.083078,-0.123322
0,0.877060,-0.337245,0.575044,2.546779
1,-1.272349,0.000000,0.051459,-3.538642
0,1.500632,-0.674491,-0.705675,1.953099
1,-1.945430,0.337245,-1.166823,-6.673740
0,-0.683453,0.674491,-0.584605,-2.040297
0,-1.346251,0.337245,-0.336119,-3.875110
1,0.783503,-1.348982,1.124934,1.830723
0,1.631485,-1.011736,-0.271983,2.508309
0,-0.459725,2.360718,-0.007670,1.483715
0,-0.578059,1.011736,-0.727840,-1.545408
0,0.569969,0.000000,-0.860031,0.078938
1,1.817784,-1.348982,1.128512,4.603194
1,0.454380,0.000000,1.108070,2.601961
0,-0.440540,0.337245,-1.262678,-2.785202
0,-0.660002,0.674491,-0.859530,-2.373197
0,0.319279,-0.674491,-0.601169,-1.057334
0,0.317831,0.000000,0.066955,0.738343
0,1.135572,-1.011736,-1.347859,-0.366848
0,0.276803,0.000000,-1.356118,-1.419376
0,-0.946218,-1.011736,-0.773092,-5.109740
1,-0.558444,-0.674491,1.583794,-0.261390
0,-0.881790,0.337245,-0.129252,-2.334697
1,0.629600,0.337245,1.628450,4.238688
0,-0.919572,0.337245,0.827445,-1.059002
1,1.885588,-1.011736,0.740595,4.645388
0,0.988601,-1.011736,-1.032732,-0.306586
0,1.512675,-0.674491,1.867665,5.688614
0,-1.411949,0.674491,0.370409,-2.615100
0,1.120972,0.337245,0.179691,3.468493
0,-1.276224,-0.674491,1.806019,-1.862080
0,-1.670377,0.674491,-0.100183,-3.983779
0,-0.601850,2.360718,-0.303991,0.677007
0,-0.723073,0.674491,-0.316328,-1.760225
1,0.848772,0.337245,1.108847,4.077343
0,0.016453,-0.337245,-0.319525,-1.043235
0,1.387313,3.035208,0.543218,8.056485
0,0.807111,-1.011736,0.750496,1.774063
0,-0.670682,0.674491,-0.502487,-1.887950
1,-1.909187,0.337245,-0.895782,-6.186712
1,-0.556788,1.011736,-1.480808,-2.572089
0,-1.232938,0.337245,-1.120717,-4.701045
0,-0.932763,2.360718,-0.146934,0.017638
1,0.843548,-0.674491,1.558972,3.454059
0,-0.366014,-0.337245,0.466590,-0.935265
0,-1.606830,0.337245,-0.665336,-5.046093
0,1.838326,-1.011736,1.240464,5.238294
0,-0.585748,0.337245,-0.643792,-2.283080
1,0.141588,-1.011736,0.232917,-0.751457
0,-0.388547,0.337245,-0.008667,-0.841443
0,1.540670,-1.011736,0.137703,2.854905
0,-0.025730,-0.337245,-0.381526,-1.245326
0,-0.096402,3.035208,0.720171,4.341313
1,0.165162,0.000000,0.329159,0.707200
0,0.608199,-0.337245,0.112317,1.161506
0,-0.062638,0.337245,-1.266205,-1.779161
1,-1.932707,0.337245,0.338218,-4.473793
0,-1.116305,-0.337245,-0.742399,-4.682600
0,0.861412,-1.348982,-1.122756,-1.195476
0,0.781211,-0.337245,-0.431502,0.841806
1,1.447292,-0.337245,-0.488560,2.541859
0,-0.158873,0.337245,0.475298,0.469547
0,-2.127110,3.372454,0.436694,-1.080976
0,-0.932051,0.337245,-0.730908,-3.335018
0,0.101312,-1.011736,-0.367050,-1.722634
1,-1.114176,0.674491,0.893117,-1.066149
0,1.363426,-1.011736,1.193785,3.900477
1,-1.034827,1.011736,0.323338,-1.254787
0,0.039605,3.035208,0.097604,3.809276
0,-0.259249,-0.674491,-0.051555,-1.814296
0,0.368306,0.000000,1.083226,2.335909
0,0.287861,2.360718,-0.785245,2.364946
0,1.089282,0.674491,0.034888,3.594343
0,-0.664771,-0.337245,0.512754,-1.668186
0,0.633256,0.674491,0.333411,2.803807
0,0.592139,-0.674491,1.147941,2.189876
0,-0.294022,0.337245,0.447822,0.068403
0,-0.106309,0.000000,-0.266384,-0.876196
0,-0.843706,0.337245,-0.669743,-3.010621
0,-1.577173,0.337245,-1.041877,-5.508621
0,-0.836785,0.000000,0.326131,-1.977967
0,0.133759,-0.674491,-0.557732,-1.491200
0,-1.509240,0.337245,-1.039956,-5.324095
0,-0.429997,1.011736,0.264098,0.278246
0,0.493564,-0.674491,-0.914206,-1.041509
0,-0.146106,3.035208,0.589886,4.020831
0,-1.140761,1.011736,-0.637051,-2.920317
0,-0.443497,0.337245,-0.653875,-1.916986
0,0.359222,3.035208,1.521467,6.713523
0,-0.116480,1.348982,-1.223709,-0.604984
0,-1.074626,0.000000,0.198188,-2.798457
0,-1.008837,0.337245,-0.218326,-2.802809
0,1.287207,-0.674491,1.920387,5.161227
0,0.746509,-0.337245,1.302182,3.243900
0,-0.693229,0.337245,-1.045534,-3.148805
0,-1.265839,0.337245,0.195909,-2.894317
0,-0.327321,-0.674491,0.712072,-0.897493
0,0.170397,-0.337245,-1.470207,-2.287288
0,-0.746612,0.674491,-0.600906,-2.232744
0,-0.529054,-0.337245,-0.030613,-2.087021
0,-1.492981,0.674491,0.043478,-3.302396
1,1.869686,-0.674491,1.310894,5.842583
1,-0.175028,-0.674491,0.818412,-0.336984
1,1.607129,0.000000,1.304038,5.968276
0,-0.235541,-0.337245,-1.096645,-2.835822
0,0.463886,0.000000,0.067153,1.129413
0,-0.632542,0.337245,-1.159733,-3.150774
0,-0.709411,0.337245,-0.823759,-2.872945
1,0.557215,3.372454,0.746839,6.547535
0,0.236462,0.674491,-1.329867,-0.651481
0,-0.271586,0.337245,0.333853,-0.035580
0,0.321202,-1.011736,0.423290,0.003083
0,0.422060,-1.011736,0.860398,0.901981
0,0.140186,0.337245,-0.337526,0.099976
0,-1.531475,-0.674491,-1.328128,-7.055378
0,0.599120,-1.011736,1.719573,2.612160
1,-0.431543,0.337245,-0.243404,-1.294293
0,1.146501,-1.011736,1.917338,4.361336
0,-0.868221,0.674491,0.770152,-0.585032
0,-0.023140,0.337245,0.807770,1.311175
0,-0.893249,0.000000,0.884326,-1.325745
1,0.202623,0.674491,0.799023,2.321667
0,1.253275,-0.337245,-0.827714,1.534672
1,1.685741,1.348982,1.783853,8.545220
0,1.622047,-0.674491,-0.649282,2.359114
0,1.651485,-0.674491,1.418497,5.413617
1,0.251015,0.337245,0.174634,1.133558
1,-0.916561,2.360718,-0.292730,-0.148826
0,0.029089,-1.011736,-1.112242,-2.988279
1,1.815788,-1.011736,1.071523,4.934869
0,0.461139,-0.674491,-1.166127,-1.490804
1,-0.734709,0.337245,1.491190,0.390812
0,-0.530525,0.337245,-0.075989,-1.318200
0,0.276643,-1.011736,-0.462825,-1.391347
0,0.186233,0.674491,0.673808,2.097617
1,0.595657,-1.011736,1.065153,1.661119
0,-0.383141,0.337245,-0.325281,-1.282617
0,-0.327496,0.000000,-0.943892,-2.443002
1,0.181945,-0.337245,1.366896,1.826484
0,-0.869689,-0.674491,-0.367731,-3.902595
0,-0.043690,-0.337245,0.287552,-0.330509
0,0.798855,-1.348982,1.514633,2.432615
0,0.646755,-0.337245,-0.656242,0.158631
1,1.235362,3.035208,1.388819,8.866830
0,-0.661911,-1.011736,-1.035645,-4.726888
1,1.435306,-0.674491,2.411076,6.263629
0,0.124795,2.360718,1.722078,5.536936
1,0.770360,0.674491,0.513366,3.429616
0,-0.923855,2.360718,-0.003030,0.248565
0,1.767558,-1.011736,0.903895,4.564592
0,-0.342736,-1.011736,-1.502154,-4.544257
1,0.730831,0.000000,1.000524,3.186867
0,0.130762,-0.337245,-1.304104,-2.154297
0,0.179637,-0.674491,-0.674307,-1.536213
0,-0.448063,-0.674491,-0.704810,-3.259584
0,1.854670,-1.011736,-0.177838,3.240948
0,-0.564479,-1.011736,-0.448486,-3.621218
0,-1.325330,-0.674491,-0.246383,-4.947077
0,-0.727454,1.686227,-0.185147,-0.326085
0,-0.789880,0.337245,1.068496,-0.365102
0,-0.030996,-0.674491,-0.052585,-1.205062
0,-0.677067,0.337245,-0.280298,-2.004310
0,-0.136191,-0.337245,-0.479212,-1.681453
0,-0.525007,-0.674491,-0.281131,-2.855739
0,-0.080120,-0.674491,1.499724,0.897428
0,0.315437,0.000000,0.702721,1.646869
0,-0.703071,2.360718,-0.570700,0.022361
1,1.272967,1.686227,1.594402,7.587191
0,1.373574,0.000000,-0.193845,3.187772
0,-0.700588,0.337245,-0.183021,-1.927252
0,1.186585,-0.674491,1.271991,3.958895
0,1.672471,-0.674491,0.605843,4.300278
0,-0.314676,-0.674491,-0.026067,-1.925916
1,-0.351386,-0.674491,1.584699,0.293917
1,1.511667,0.000000,1.344032,5.770414
1,0.335665,1.686227,1.061272,4.312117
0,0.922900,-0.674491,-0.395672,0.853444
0,-0.530506,0.337245,-0.090076,-1.338422
0,-0.221017,-0.337245,-0.199453,-1.505813
0,-1.531008,0.000000,-0.355567,-4.816461
0,0.024229,2.023472,0.478571,3.059303
0,1.074676,-0.337245,-1.027843,0.768808
0,0.542609,-0.337245,0.565056,1.637549
0,-0.001464,0.337245,0.315468,0.660702
0,0.205538,1.011736,1.475033,3.721339
0,-0.614395,0.000000,-0.662327,-2.805428
0,0.193108,0.674491,-0.779433,0.024652
0,-0.687011,-0.337245,0.635390,-1.551205
0,1.515160,-1.011736,0.426206,3.201834
0,0.365990,-0.337245,-0.347204,-0.147845
0,-1.263755,2.360718,-0.430035,-1.275374
0,-0.526956,0.000000,0.664344,-0.662265
0,1.444422,-1.348982,1.737849,4.481124
0,0.774809,-0.674491,1.665621,3.423619
0,-0.790383,1.011736,-0.962556,-2.451281
0,-0.302187,-1.011736,0.573322,-1.448947
0,1.201267,-1.011736,-0.804801,0.590439
0,0.148470,-0.674491,0.991085,0.777061
0,-0.366661,0.674491,-0.940584,-1.704978
0,0.180926,0.000000,0.281947,0.681436
1,0.453176,-0.337245,1.603842,2.893178
1,0.495145,-0.674491,0.664608,1.234792
0,0.556982,-0.337245,-1.080122,-0.691572
1,1.950257,11.803588,1.291862,21.534784
1,0.743555,-0.674491,-0.044053,0.879605
0,-0.067809,1.011736,-1.403331,-1.152281
1,0.801403,-0.674491,1.403782,3.117962
0,-0.008406,1.011736,-0.450769,0.377490
0,1.192522,-0.337245,-1.267929,0.738607
0,-0.598424,-0.337245,0.390441,-1.666687
0,-0.555016,-0.337245,-0.387930,-2.670698
0,-0.778277,0.337245,-0.973133,-3.272165
0,-0.130730,0.674491,-0.156310,0.054929
0,0.275828,0.000000,0.766091,1.632087
0,1.189372,0.337245,0.056881,3.474768
0,-1.619868,0.337245,-0.995192,-5.555673
1,1.278031,-0.337245,1.012485,4.249139
0,-0.325710,0.337245,-0.260201,-1.035296
0,1.302587,-0.674491,-0.589328,1.590644
1,1.273293,-0.674491,1.200905,4.088589
0,-0.461806,0.000000,-1.067815,-2.980702
0,-1.090113,2.360718,0.044833,-0.127394
0,0.457619,0.337245,0.258318,1.806777
0,-1.405134,2.023472,-0.138591,-1.653259
0,-1.699227,1.348982,0.441203,-2.443808
1,-0.678960,0.337245,-0.254326,-1.971998
0,0.372028,-1.011736,-1.073751,-2.015318
1,0.552654,-1.011736,0.442829,0.650473
1,-0.154713,0.674491,1.066816,1.750961
0,0.685765,0.000000,0.733804,2.682449
1,1.601802,-1.011736,0.925402,4.152045
0,-0.195885,0.000000,-1.229131,-2.501354
1,0.410808,0.337245,1.448397,3.394173
1,1.155423,-0.674491,0.619904,2.937100
1,1.555937,0.674491,1.073930,6.338213
0,0.209401,0.674491,0.867631,2.438535
0,-0.886311,0.337245,-1.094455,-3.735818
0,1.493688,-0.674491,-0.225492,2.625552
0,-1.311681,0.337245,-0.900888,-4.595375
1,1.119019,0.674491,1.692619,6.059551
0,-0.804961,0.337245,-1.173372,-3.631724
0,0.597057,-0.674491,-1.160648,-1.119259
1,1.950257,11.803588,1.291862,21.534784
1,1.383123,-1.011736,1.485485,4.372965
1,1.444895,-1.011736,0.644491,3.327966
0,0.061238,-0.674491,-0.134979,-1.076856
0,0.561287,-0.337245,0.384738,1.428029
0,0.320798,-0.337245,-1.202433,-1.499522
0,-0.668094,0.337245,-0.968987,-2.971393
0,-0.642864,0.337245,-0.700897,-2.518079
1,1.007099,-1.011736,-0.475036,0.545487
0,-0.036134,-0.337245,0.074278,-0.617214
0,-0.936459,-0.674491,-0.828817,-4.744796
0,1.180936,-1.011736,-0.859533,0.457276
1,0.601103,1.011736,1.064852,4.189421
0,1.195116,-0.674491,1.581960,4.427796
0,0.709580,0.000000,0.180788,1.950325
0,-0.223807,1.011736,0.625072,1.349404
0,-0.869503,-1.011736,-0.837941,-4.997805
0,0.412270,0.000000,-1.077998,-0.656677
0,1.803454,0.000000,-0.679312,3.639324
0,-1.081063,0.674491,0.102687,-2.115062
0,-0.578184,0.337245,-0.511390,-2.072303
0,1.766423,-0.337245,0.443334,4.736816
0,0.770761,-1.011736,-0.747454,-0.478895
0,0.675676,-0.674491,-0.558665,-0.042592
0,0.386501,-0.337245,-0.649278,-0.527681
0,-1.163979,0.674491,-0.672282,-3.452169
0,-1.175454,0.674491,-0.717206,-3.547520
0,-0.277485,-1.011736,0.609974,-1.330107
0,0.361366,0.000000,0.264745,1.139465
0,-0.053714,0.337245,0.282738,0.473798
1,1.079236,-1.011736,1.346969,3.360545
1,1.427871,-0.337245,-0.017514,3.167779
0,-0.708132,0.337245,1.187650,0.025096
0,0.484587,-1.011736,0.490864,0.537481
0,1.043885,-0.674491,-1.441824,-0.328367
1,1.486779,2.360718,0.880933,7.970568
0,-1.147296,1.011736,0.278775,-1.619837
0,-0.285711,-0.674491,-0.410907,-2.402239
0,-0.257637,0.000000,0.962919,0.488004
0,0.159999,-0.674491,-0.674491,-1.589020
0,-0.679732,1.011736,0.327052,-0.299347
0,-0.059414,-0.674491,-1.030404,-2.688277
0,0.314605,-0.674491,-0.320611,-0.666087
0,-0.069346,0.337245,-1.415380,-2.011787
0,0.145946,-0.674491,-0.248134,-1.013050
0,1.060634,0.674491,-0.626778,2.565491
1,-1.496764,0.337245,-0.080266,-3.909626
0,-0.257557,-1.348982,-0.696396,-3.575812
0,-0.427881,0.337245,-0.859873,-2.171656
0,1.090703,-1.011736,-0.709404,0.431898
0,-0.732956,0.000000,1.280737,-0.326388
0,0.788417,-0.674491,0.323210,1.528164
0,-1.621110,0.337245,-0.466227,-4.797761
0,0.235152,1.011736,0.853144,2.905615
0,-0.333123,0.337245,-0.359136,-1.197509
0,-0.490405,0.337245,-0.867955,-2.350573
0,-0.242711,0.000000,-1.080884,-2.413298
0,0.255597,2.360718,1.244544,5.199691
0,-0.464187,3.035208,2.052687,5.274891
0,-0.778329,1.348982,-1.073068,-2.159039
0,-0.468971,0.674491,0.256816,-0.255541
0,1.126943,2.023472,1.869568,8.011508
0,0.788169,-0.674491,0.436863,1.691061
0,-0.608398,-0.337245,-0.591479,-3.106453
0,0.679757,-1.011736,-0.503197,-0.370873
1,0.567253,-0.674491,0.953997,1.844184
0,1.305691,-0.337245,-0.808119,1.703116
0,-0.120004,1.011736,0.259781,1.101451
0,-0.480244,1.011736,-0.597255,-1.095768
0,-0.093202,0.337245,-0.500246,-0.758649
0,0.241495,0.674491,-0.467063,0.603649
0,1.590899,-1.011736,-0.924056,1.461319
1,1.526203,-1.011736,0.626425,3.519515
0,-0.282446,0.674491,-1.498471,-2.282507
1,1.243854,0.000000,0.603236,3.987773
0,0.147268,0.337245,0.219523,0.920572
0,1.514446,-1.011736,1.841186,5.236221
0,-0.177492,-0.337245,-1.534972,-3.311304
0,0.003860,0.674491,-0.811966,-0.528519
1,-1.245802,3.372454,0.058046,0.732140
0,0.802483,-0.674491,-0.454940,0.445964
0,-0.597744,0.337245,-1.138580,-3.027227
0,-0.141608,0.000000,-0.903852,-1.888020
1,1.028701,0.337245,0.569091,3.781999
0,-0.814847,0.337245,0.689333,-0.977557
0,-1.589730,0.337245,-1.331420,-5.958900
0,-0.336926,1.348982,0.122361,0.742320
0,0.324099,1.011736,0.966197,3.306296
0,-0.329605,-1.011736,-0.579222,-3.180931
0,1.255732,-0.337245,-0.667634,1.771617
0,1.339627,-0.674491,0.813471,3.708518
0,-0.553763,1.348982,-0.777023,-1.132153
1,0.426802,0.000000,-0.775506,-0.182481
1,1.578198,1.011736,0.372899,5.807949
0,-0.023635,-1.348982,-0.274088,-2.342188
0,-0.382253,0.337245,-0.336612,-1.296548
0,1.137842,0.000000,-0.671927,1.869038
0,0.553739,-1.011736,-0.255367,-0.351397
1,0.708961,0.674491,0.723511,3.567755
0,-0.524342,-1.011736,-0.400853,-3.445278
0,-0.475479,0.337245,0.543977,-0.278728
1,1.838070,0.337245,0.308587,5.572656
0,-0.222528,-1.011736,-0.414023,-2.656699
0,0.824215,-1.011736,-0.685476,-0.246680
0,-1.331272,2.360718,-0.952266,-2.207565
1,1.770836,-1.011736,0.685551,4.259144
0,1.578837,0.337245,-1.303730,2.558766
0,0.329828,1.686227,1.799131,5.358354
0,-1.196837,1.686227,-1.024007,-2.789170
1,-0.846655,2.360718,-0.690527,-0.534254
0,0.739610,0.337245,-0.610966,1.310288
0,0.561410,0.337245,0.030000,1.755909
0,0.320420,-1.348982,1.715182,1.441124
0,-0.924252,0.337245,1.241682,-0.475397
0,-0.004241,0.337245,-0.178375,-0.057419
1,-0.944685,-0.674491,1.797846,-0.986773
0,-1.742172,0.337245,0.678544,-3.474235
0,-0.951882,-1.011736,-0.394804,-4.580501
0,-0.993154,0.674491,-0.183731,-2.292034
0,1.868529,-1.011736,-0.972296,2.134725
0,-0.678100,0.337245,-1.001194,-3.044515
0,-0.404845,1.011736,-0.860989,-1.273569
0,1.708533,-0.337245,-1.096792,2.365531
1,0.914453,-0.674491,1.326985,3.309919
0,0.121707,1.686227,-0.608189,1.337131
0,-0.660486,4.384190,1.311729,5.359470
0,1.192351,-0.674491,1.065763,3.677541
0,-1.957645,0.337245,0.124107,-4.848645
0,1.443428,-0.337245,1.069673,4.773975
0,-0.030495,-0.674491,1.183520,0.575158
0,-1.294403,-0.337245,-1.103688,-5.679049
0,-0.644387,-0.337245,-0.409384,-2.940695
0,-0.962150,1.011736,0.679534,-0.547729
1,1.539360,2.360718,2.384584,10.275158
1,1.539989,0.000000,1.560730,6.158042
0,0.069730,0.000000,0.101194,0.123799
0,0.920911,0.000000,-0.727680,1.208385
0,-0.723229,3.035208,0.038754,1.683547
0,-0.510007,0.674491,-0.460753,-1.397989
0,-0.469068,1.011736,-0.526815,-0.964497
0,-0.645099,0.337245,-1.209061,-3.255360
1,-0.704556,6.070417,1.445652,7.529420
0,0.087689,0.337245,-1.137079,-1.191123
0,1.761078,1.348982,-0.795428,5.034950
0,-1.129179,2.360718,1.992715,2.571276
0,0.784950,0.337245,1.020450,3.779370
1,1.184172,-0.674491,1.333398,4.040808
0,-0.589697,1.011736,-0.356194,-1.041711
1,0.244899,-0.337245,-0.154997,-0.195232
0,-0.842485,-0.674491,-1.184494,-5.005214
0,-0.530816,-1.011736,1.803014,-0.291016
0,0.119824,0.674491,0.732081,2.003793
0,-0.233332,1.348982,0.043951,0.906657
0,-0.425552,0.337245,-1.255454,-2.734704
1,0.632720,-1.011736,1.264942,2.047801
0,-0.061186,0.337245,0.537794,0.820856
0,0.252405,-1.011736,0.404631,-0.207844
0,1.449838,-0.674491,0.145138,3.041600
0,0.457242,-0.337245,0.834027,1.796217
1,0.327456,0.000000,1.001455,2.108934
0,-1.136293,0.337245,-0.560748,-3.636611
0,1.227030,0.000000,-0.199242,2.787913
0,-0.499490,-0.337245,-0.131410,-2.152975
0,-1.542563,0.674491,1.389604,-1.497848
0,-0.049513,0.000000,-0.761429,-1.436648
0,0.870673,-1.011736,1.992457,3.731437
1,1.545147,0.674491,1.366213,6.729968
0,-1.182344,1.686227,1.549941,0.953777
0,-1.774324,9.442871,0.366372,7.304230
0,-0.070035,1.011736,-0.132636,0.670421
1,0.342365,-1.011736,0.779440,0.572242
0,-0.389106,-0.337245,-0.596251,-2.526584
1,0.623363,0.000000,1.792060,4.038425
0,-0.434121,2.360718,0.699631,2.570095
0,-1.464092,0.337245,-1.322219,-5.609503
0,-1.390707,2.697963,-1.044710,-2.080600
0,-0.610176,0.674491,0.231451,-0.669852
0,0.394568,0.000000,1.468052,2.959981
0,0.206061,-0.674491,-1.092554,-2.067413
0,0.324771,0.000000,-0.214494,0.351878
1,0.653277,-0.337245,0.565123,1.933749
0,0.855461,-0.674491,-0.315243,0.788751
0,-1.181236,0.337245,-0.252071,-3.312643
0,-0.894839,3.035208,0.753578,2.253091
0,-0.651827,0.337245,-0.547330,-2.321063
0,-0.487606,-0.337245,-0.480697,-2.623838
1,1.353816,-1.011736,1.139133,3.796116
0,-0.194602,-0.674491,-0.674035,-2.537136
0,0.224430,0.337245,-1.310548,-1.074897
0,-0.390212,0.337245,0.492193,-0.125109
0,-0.459288,-0.337245,-1.199916,-3.583098
0,0.379698,-1.011736,-0.749906,-1.528751
0,-0.639032,-0.674491,0.251060,-2.394949
0,-1.568459,0.000000,0.038232,-4.349950
0,0.706084,-0.674491,-0.846993,-0.376164
0,0.424716,-0.337245,-0.068038,0.411030
1,1.174050,-1.011736,1.290912,3.533558
1,-0.730462,0.337245,0.508509,-1.012001
0,0.454500,-0.674491,-0.365310,-0.356112
0,-0.288595,0.337245,-1.024754,-2.036260
0,-1.086666,1.011736,-0.372200,-2.394434
0,-1.691781,0.337245,0.114103,-4.151698
0,0.648424,1.011736,-0.285901,2.372164
0,-0.559620,0.337245,1.385295,0.706886
0,-0.559679,0.337245,-0.871018,-2.540330
0,-0.346874,-1.011736,-1.384045,-4.385358
1,0.732382,1.011736,0.452063,3.658808
0,-0.201716,3.035208,0.541616,3.802574
0,-1.406380,1.011736,-0.076235,-2.823937
0,0.657335,2.697963,0.155127,5.125827
0,-0.007861,0.337245,0.217900,0.503175
0,-0.697370,-0.674491,-0.394046,-3.479409
0,1.354001,1.011736,-0.840368,3.462074
1,1.705774,-0.337245,0.790988,5.074852
0,-0.616137,0.337245,-1.395026,-3.445492
1,1.360033,1.011736,1.126873,6.309269
0,-0.105867,-0.674491,-1.092724,-2.902253
0,0.756220,1.011736,-1.168438,1.390525
0,-1.038647,0.337245,-0.655484,-3.511682
0,-0.247153,0.674491,0.835850,1.171244
1,1.511492,-0.337245,0.854906,4.647015
1,0.959054,0.000000,1.206061,4.093288
0,0.830775,-0.674491,-0.995854,-0.256767
1,1.034571,0.000000,1.745850,5.072150
0,1.488466,-1.011736,1.244750,4.308377
0,-0.238681,-1.011736,-0.858115,-3.339011
0,-0.797805,0.337245,-0.389113,-2.483951
0,1.917346,2.360718,0.334153,8.335722
1,1.117350,-0.674491,1.316631,3.837892
0,1.731143,-0.674491,-0.944075,2.226773
1,1.789360,-1.348982,1.331119,4.818716
1,1.373816,-0.337245,1.335568,4.970370
0,-0.482464,-0.674491,0.066920,-2.241030
0,0.141264,0.337245,-0.842591,-0.623978
0,-2.054837,0.337245,-0.285764,-5.698536
0,0.309405,0.674491,2.005844,4.344110
0,-0.222243,-1.011736,-0.472556,-2.740171
0,-0.393244,0.674491,-0.060461,-0.509517
1,1.253861,-1.011736,1.583523,4.168197
0,-0.837668,0.000000,-0.134676,-2.643475
0,-0.330340,-0.337245,0.321039,-1.049278
0,1.737183,-1.348982,-0.508468,2.031762
1,0.168695,0.337245,0.358101,1.177331
0,1.483249,-1.011736,2.775580,6.497436
0,1.055123,0.000000,-1.023152,1.142270
0,0.192489,1.011736,0.457544,2.222156
1,0.286841,0.337245,-0.497225,0.262543
0,0.049420,1.011736,-1.480342,-0.949449
1,0.700715,-0.337245,1.901512,3.983872
0,0.087044,-0.674491,-0.906140,-2.117586
1,-1.001246,0.337245,0.521938,-1.717184
0,-0.500664,0.337245,-0.487050,-1.829862
0,0.028902,-0.674491,0.537501,-0.195607
0,-0.887483,0.674491,0.089617,-1.615927
0,-0.141014,1.348982,0.328877,1.563701
0,-1.285092,-0.674491,0.055889,-4.404417
1,-0.388245,0.674491,1.875126,2.289361
0,0.290103,-0.674491,-0.449497,-0.917125
0,-0.600082,0.337245,-0.163009,-1.629538
0,-0.337003,1.011736,-1.098198,-1.433422
0,0.133423,-0.674491,-0.345094,-1.186092
0,-0.585525,-1.011736,0.703693,-2.019428
0,-1.223923,-0.674491,0.071065,-4.218914
0,-0.282492,4.046945,-0.146118,3.853814
0,0.438663,-0.674491,-1.384444,-1.865120
0,0.172342,1.686227,1.607567,4.661305
0,-0.640928,-1.348982,-0.581161,-4.435724
0,0.074448,-0.337245,-0.280355,-0.831692
1,1.699552,-1.011736,2.196253,6.242467
0,1.056151,-1.011736,-0.758714,0.268489
0,-0.726631,0.337245,-0.808526,-2.897095
0,-1.193079,0.337245,-0.354478,-3.491704
0,0.231023,-0.337245,0.179355,0.248807
0,-1.613824,0.674491,0.943484,-2.330524
0,-0.307205,0.337245,0.138229,-0.412404
0,0.283497,0.000000,-0.171734,0.302983
0,0.458984,0.674491,0.105270,2.009208
1,1.122628,-0.674491,-1.012220,0.500564
1,1.064099,-0.674491,0.799127,2.950672
0,-1.819063,1.686227,0.835479,-1.778009
1,1.034368,0.337245,-0.493981,2.267295
0,1.573111,-1.011736,0.772326,3.854987
0,-0.198742,2.360718,-0.955205,0.818403
0,-1.062736,1.011736,-1.106245,-3.386772
1,-0.162630,0.337245,0.704454,0.789274
0,-0.164210,-0.337245,-0.681250,-2.047175
0,-0.599808,1.011736,-0.382701,-1.106909
0,1.024979,-1.011736,0.417128,1.877240
0,0.158851,2.023472,1.654108,5.111214
0,-0.517374,1.686227,-0.149204,0.287730
0,-1.281775,-0.337245,0.120073,-3.884148
0,-0.791301,-1.011736,1.322154,-1.679976
0,-0.370001,1.011736,0.013430,0.078033
0,-0.399316,4.721435,-0.156794,4.363930
0,-1.052334,1.011736,-0.498286,-2.484027
0,-1.997513,0.337245,-0.085747,-5.257316
0,-1.552439,1.686227,-0.418527,-2.869272
0,0.808131,-0.337245,0.159001,1.763625
1,0.486521,0.337245,0.154339,1.734473
0,-0.122037,1.011736,0.076900,0.832826
0,0.433788,0.337245,0.351038,1.876450
1,-0.529493,0.000000,1.788086,0.948125
0,0.850103,0.000000,-0.937639,0.716780
0,-0.653132,-0.674491,-0.172955,-3.042875
0,-1.378203,0.337245,0.063072,-3.386127
0,-0.380927,1.011736,0.123520,0.207232
0,-0.974980,0.674491,-0.908457,-3.286363
0,-1.171985,0.337245,-1.044018,-4.427583
0,0.609850,-0.674491,0.246917,0.940597
0,-0.006582,1.011736,-1.271239,-0.798369
1,1.373063,0.674491,0.058772,4.388000
0,-0.075650,0.674491,0.161268,0.659327
0,-0.823168,0.000000,0.771527,-1.300564
0,0.624804,1.686227,-0.005647,3.550336
1,0.868809,-0.337245,0.814562,2.869395
0,1.806346,-0.674491,0.967847,5.179432
0,-0.866575,0.337245,-1.449111,-4.193398
0,-0.234401,-1.011736,0.695445,-1.091830
0,0.491801,-0.674491,0.654746,1.211653
0,0.519146,0.000000,0.079063,1.294407
0,1.001294,0.000000,-0.263946,2.090817
0,0.411612,-1.011736,-1.103225,-1.951825
1,-0.548597,-1.011736,-0.162954,-3.167816
1,1.245821,-0.674491,0.501479,3.008543
0,-1.089944,0.337245,-0.582504,-3.543908
1,0.157438,-1.011736,-0.137357,-1.241910
0,0.398525,0.337245,-0.805677,0.117472
0,-0.752770,-1.011736,-0.645627,-4.408715
0,0.064969,-0.674491,-0.686473,-1.860526
0,-0.161454,-1.011736,-0.417009,-2.497586
0,0.418913,1.011736,1.440017,4.241853
0,-0.280433,0.000000,-0.247746,-1.315259
0,-1.019968,-0.674491,-0.687810,-4.765309
0,0.165690,-1.011736,-0.634067,-1.934648
1,1.440839,-0.674491,0.866390,4.055475
0,0.175287,-1.348982,0.846184,-0.197769
0,-0.467140,-0.674491,-0.790350,-3.433727
0,0.026391,0.337245,-0.511343,-0.454635
0,-0.313369,2.360718,0.052288,1.961591
0,-0.810065,0.337245,-0.815897,-3.130941
1,-0.234979,2.023472,0.991856,3.104435
1,0.318800,-1.011736,1.665149,1.783814
0,-0.184942,0.337245,-0.117869,-0.453828
0,-0.170294,0.337245,0.524952,0.510445
0,0.555024,-1.011736,1.021412,1.489455
0,0.399275,-0.674491,0.000000,0.021846
0,0.168909,1.348982,0.285003,2.329790
1,-0.570206,2.360718,-0.891838,-0.084296
0,-2.049373,0.337245,-1.382183,-7.261776
0,-2.144612,2.360718,-0.268403,-3.399591
0,1.520232,0.337245,-0.019191,4.250541
0,0.323834,-0.674491,-0.882278,-1.449691
0,-0.780568,2.697963,-0.391857,0.491410
0,1.205525,1.011736,0.329405,4.748231
1,1.353606,-0.674491,0.560419,3.381751
0,-1.526401,1.011736,0.391905,-2.471367
1,-0.490949,-1.011736,1.475729,-0.655343
0,1.950257,1.686227,-0.394890,6.536558
1,-1.353349,1.011736,1.370129,-0.600584
0,-0.163782,0.000000,-0.706344,-1.663116
0,-0.014956,1.011736,-0.922207,-0.318483
0,-0.221582,0.674491,1.262385,1.853488
0,-0.088448,-0.337245,-0.591482,-1.715281
0,1.779117,1.011736,0.410930,6.400258
1,1.040063,-0.337245,1.545079,4.378887
1,1.554527,2.360718,0.174897,7.135779
0,-1.003171,1.348982,-1.481343,-3.348176
0,-0.659986,0.337245,-0.230694,-1.887223
0,-1.412908,0.337245,-0.628051,-4.473579
0,1.611295,0.000000,1.468147,6.215591
0,-0.329050,0.337245,-0.795135,-1.814059
0,0.253754,2.360718,1.807393,6.004755
0,-1.323841,3.035208,0.648757,0.954405
0,-2.211330,3.035208,0.436226,-1.726015
0,-0.755597,2.360718,-0.988439,-0.719346
0,1.854553,-0.674491,0.413874,4.511194
0,0.625986,2.023472,-0.974719,2.577935
0,-0.588597,0.000000,-0.879887,-3.049495
1,1.675185,-1.011736,1.663254,5.410231
0,1.420354,0.000000,-0.728027,2.544195
0,-0.099768,-0.674491,1.221040,0.443805
0,0.354533,0.674491,-0.793596,0.436181
0,-0.482657,1.011736,-0.432006,-0.864415
0,0.455698,0.674491,0.315925,2.303569
0,1.607735,-0.674491,-0.376695,2.713099
0,-1.063863,0.000000,-0.747361,-4.130398
1,1.683455,-0.337245,1.283544,5.723973
0,0.512436,0.000000,0.632929,2.073523
0,0.356728,-0.674491,1.258404,1.718975
0,1.620897,-1.011736,-0.226137,2.545955
0,-0.383359,0.337245,-0.323194,-1.280197
0,-0.228923,1.686227,-0.032066,1.228084
1,1.533300,-0.674491,1.628705,5.399911
0,-1.159781,3.035208,0.761574,1.555717
0,-0.055789,0.000000,-0.841203,-1.568243
0,-0.495643,0.674491,-0.377752,-1.240112
0,1.021286,-0.674491,-0.051608,1.611828
0,0.271661,0.674491,-0.846123,0.138856
0,-0.002213,-1.011736,-0.050533,-1.544126
0,1.403961,-0.674491,0.103368,2.858739
1,-0.350339,0.337245,0.614661,0.157818
1,1.950257,11.803588,1.291862,21.534784
0,-0.549436,2.360718,-1.142380,-0.389277
0,-0.629649,-0.674491,-0.067654,-2.828503
0,-0.639138,1.011736,-1.209620,-2.402158
0,0.079342,-0.674491,-1.611981,-3.153971
0,0.621970,-0.674491,-0.686967,-0.370925
0,0.032648,-1.011736,-0.281894,-1.783803
0,-0.575860,1.011736,-0.067837,-0.589714
0,-0.006583,1.348982,-1.213745,-0.296605
0,1.855604,0.674491,0.322300,6.058331
1,1.110486,2.023472,1.388450,7.275099
0,0.107850,0.337245,0.017077,0.523766
1,1.623214,-0.337245,0.628323,4.619862
0,0.760834,-1.011736,1.013636,2.028930
0,1.582037,0.000000,1.190974,5.738429
0,-0.475683,0.337245,0.181279,-0.801231
0,-1.768615,0.337245,0.597754,-3.661252
0,-1.541875,2.360718,0.418758,-0.798013
0,-1.499890,1.011736,0.337042,-2.479387
0,-1.039666,0.337245,0.328993,-2.097647
0,0.706659,-1.011736,0.352181,0.932080
0,-0.023065,-0.674491,0.628771,-0.203302
1,0.778248,-0.674491,1.528891,3.236053
0,-1.215870,1.348982,-0.110361,-1.944294
0,-0.971111,0.674491,0.496048,-1.254787
1,-0.096783,-0.337245,0.616985,0.001524
0,0.000000,-0.337245,-0.968162,-2.020710
0,0.413347,0.000000,0.906683,2.202359
0,0.302902,0.337245,-1.320703,-0.879550
0,1.321003,0.337245,-0.563605,2.934018
0,0.712855,-1.011736,0.754278,1.527313
1,1.430874,-0.337245,1.739109,5.703771
1,0.557335,-1.011736,1.417577,2.065758
0,0.615297,-0.674491,1.303897,2.476272
0,-1.050647,-0.337245,0.376761,-2.896342
1,0.823969,0.000000,0.331104,2.472703
0,1.366617,0.337245,0.356830,4.380663
0,1.369639,-0.337245,0.040541,3.095521
0,0.012211,0.337245,-0.009413,0.229753
0,1.438725,-1.011736,-0.443622,1.745555
1,1.855786,-0.337245,0.351921,4.844363
0,0.483638,-0.337245,-0.949644,-0.700038
0,0.431806,0.674491,-0.489530,1.080512
0,1.629568,-1.011736,2.396748,6.343752
0,-1.349613,1.011736,-0.109869,-2.720456
1,1.265789,-1.011736,1.181807,3.622001
0,-0.674491,2.360718,-1.043846,-0.582074
0,0.927354,-0.337245,-0.848199,0.633159
0,1.242914,-0.337245,1.265248,4.518932
0,0.645570,1.686227,0.251056,3.975318
0,0.844202,-0.674491,-0.124909,1.032535
0,-0.637030,0.337245,0.766759,-0.390368
0,0.920242,-1.348982,2.053928,3.533497
1,1.749145,-1.011736,0.864473,4.458592
0,-0.263999,0.337245,-0.413404,-1.090659
1,1.241382,0.337245,1.239478,5.315802
0,-0.327691,0.000000,0.316108,-0.630259
0,1.213332,-1.011736,-0.133308,1.589064
1,0.930701,-0.337245,0.695358,2.863445
0,-0.689100,0.674491,-0.360387,-1.732735
0,1.506790,2.360718,0.686507,7.744310