rr,longstring,person_total,irv,d2,eta
0.377006,1.348982,0.071797,-0.691098,2.527794,2.752017
0.912214,1.348982,1.137812,-1.256145,-0.784265,5.772204
1.332712,-0.674491,0.494167,0.111872,0.700515,3.436892
0.392075,-0.674491,0.437962,0.208691,0.699850,0.755273
1.173536,-0.674491,1.307357,0.049184,0.316491,4.172073
0.575294,-1.348982,-0.723015,0.041389,-0.302592,-1.271923
-0.237172,-0.674491,-0.442170,0.376162,0.244767,-2.256247
0.190433,0.000000,0.554448,-0.108816,0.062881,1.222041
1.057550,-0.674491,-0.437756,0.085400,-0.009035,1.329391
-0.236724,-0.674491,-0.110540,-1.225259,-0.948400,-1.775738
-0.533000,0.000000,-1.263865,0.520818,-0.119999,-3.405714
0.133760,-1.348982,-0.528596,0.162289,0.202975,-2.211569
0.908303,0.000000,0.687763,-1.096830,-0.730298,3.399259
0.737888,2.697963,-0.212850,-0.037843,0.965389,5.050026
1.344518,-0.674491,0.882559,-1.080078,-0.601973,4.030833
-0.126824,-1.348982,-0.391731,-0.722706,-0.599106,-2.734157
0.698103,50.586807,0.509237,-3.503423,-2.081460,66.749754
-1.074779,50.586807,1.105134,-0.600070,3.712531,62.709812
0.681570,-1.348982,1.043894,1.611280,2.469910,1.575414
-0.244191,-1.348982,-0.535304,-0.111322,-0.593151,-3.266110
-0.767904,-1.348982,0.933268,-0.146245,0.242125,-2.591533
-0.804007,-0.674491,-0.778987,0.311706,-0.047266,-4.310031
-0.518795,50.586807,0.372193,-3.441479,3.499307,63.187584
1.112378,-1.348982,0.973235,-0.732571,-0.062271,2.664267
2.394465,70.147039,1.477959,-4.992773,5.977314,97.659323
0.691753,50.586807,0.277465,-4.086109,4.219273,66.397243
1.346431,-0.674491,1.301552,0.802487,1.645197,4.641649
-0.385543,-1.348982,-0.461963,-0.078628,-0.333070,-3.550884
1.302552,1.348982,0.050741,-1.302976,-1.095756,5.280260
-0.465060,-0.674491,-1.110242,0.459634,-0.021891,-3.851741
-0.567251,10.117361,0.640554,0.454155,1.688504,12.089783
-0.649833,0.000000,-0.279527,-0.812242,-0.974386,-2.306136
-0.776449,0.000000,0.080545,1.123128,1.445189,-2.135788
-0.128078,-1.348982,-0.573769,0.877493,0.904951,-3.000703
-0.548777,-0.674491,0.073927,-0.107698,-0.327714,-2.371817
1.501440,-0.674491,0.993399,-1.593119,-0.492759,4.624829
-0.363646,-0.674491,-0.598668,-1.007236,-1.115457,-2.832057
-0.761982,0.000000,-0.920327,-0.158126,-0.674491,-3.542255
-0.726815,0.674491,-0.565203,0.171308,-0.019710,-2.075951
-0.957183,-0.674491,0.747441,0.818852,1.620375,-2.527492
0.012065,0.000000,-0.587303,-0.115018,-0.656869,-0.921115
-0.333742,12.140834,0.682457,-1.715612,-1.174212,15.363462
1.189746,-0.674491,1.180616,-1.317467,-0.695905,4.033716
1.444076,0.674491,0.960736,-0.392488,0.189520,6.130766
-0.530254,0.000000,-0.014150,-0.129995,-0.272523,-1.592037
0.559330,0.000000,0.210437,0.333679,0.574333,1.744692
-1.045495,-0.674491,-1.127544,0.221802,-0.279204,-5.481358
0.117645,0.000000,-0.318341,0.043959,0.063968,-0.240537
-0.311618,-0.674491,-0.520518,0.376322,-0.067961,-2.575281
1.539416,0.000000,1.603062,0.216543,0.869847,6.466760
1.093473,3.372454,1.025527,-0.612670,-0.153524,8.678605
-0.838579,0.000000,-0.274285,0.238878,0.311175,-2.820349
-0.578427,0.000000,-1.301369,0.445627,-0.082600,-3.585499
-0.323638,-1.348982,-0.739542,0.725880,0.904414,-3.780906
0.907719,2.023472,0.509978,-1.053253,-0.936680,5.708292
0.754779,3.372454,0.711774,0.444303,3.213610,7.288849
0.290374,0.674491,-0.467541,-1.669437,-1.568123,0.877211
1.169808,-1.348982,1.854462,0.443823,1.061090,4.096579
0.698103,50.586807,0.509237,-3.503423,-2.081460,66.749754
1.380513,0.674491,0.795160,-2.101178,-1.431959,5.715755
-0.192265,-0.674491,0.000000,0.031506,0.144180,-1.493079
-0.621118,1.348982,-0.759354,0.495639,0.090771,-1.208478
0.557914,0.000000,0.365403,0.101505,1.631176,1.964734
0.691753,50.586807,0.277465,-4.086109,4.219273,66.397243
0.000000,1.348982,-0.221421,-0.128906,-0.151256,1.286025
-0.828330,0.000000,-0.722526,-0.109421,-0.254388,-3.439813
0.914787,4.721435,0.908571,-1.121425,3.473224,9.727325
-0.700945,-0.674491,-1.197435,0.957257,0.602739,-4.629857
0.803527,0.674491,-0.224273,0.000926,-0.172303,2.647392
-0.452220,-0.674491,-0.546692,-0.786281,-0.456354,-3.001804
-0.069231,-1.348982,-0.485596,0.827596,0.615488,-2.710594
1.439932,-1.348982,0.436722,0.630655,0.238991,2.794420
0.331302,0.000000,0.805541,0.391755,0.964445,1.974354
1.124569,0.000000,0.914211,-0.707804,-0.471450,4.324387
0.981945,-0.674491,-0.365171,-1.436484,-1.321675,1.225281
-0.505053,-1.348982,-1.208704,0.070015,0.110041,-4.960461
-0.986430,0.000000,-0.775916,1.292382,1.214247,-3.954039
-0.316023,0.000000,-0.293775,0.000000,-0.198700,-1.403908
-0.460491,-1.348982,-0.995752,0.947733,0.591385,-4.529510
-0.815906,0.674491,-0.533452,0.978149,1.037415,-2.276357
0.783286,0.674491,1.113906,-0.917129,-0.458970,4.525371
-0.338646,-0.674491,0.661232,-0.708047,-0.281222,-0.942134
-0.621158,-0.674491,-0.320790,-0.292595,-0.114138,-3.142357
-0.250128,-0.674491,-1.009863,-0.298336,-0.461633,-3.112495
0.313758,1.348982,1.039628,2.238185,4.378004,3.975877
0.707024,3.372454,0.233490,-2.821795,-1.949025,6.465614
0.062296,-0.674491,-0.663783,-1.251332,-1.287686,-1.748644
-0.861528,-1.348982,-0.833246,0.951784,0.835966,-5.403326
-0.196833,-0.674491,0.747732,0.304500,0.614121,-0.425083
-0.987757,-0.674491,-0.324610,0.603558,0.296253,-4.161341
-0.724034,1.348982,-0.683634,0.983780,1.158965,-1.383557
-0.614527,0.674491,-1.006975,-0.916351,-1.079895,-2.403979
0.084248,0.000000,0.158636,0.902543,1.439290,0.356464
-0.114751,-0.674491,-1.122211,-0.157889,-0.341055,-2.900610
1.284071,0.674491,1.060082,-1.685502,-0.927763,5.832005
-0.562502,1.348982,0.755617,1.079916,1.709399,1.143002
-0.327955,0.000000,0.169679,-0.473337,-0.398857,-0.767112
0.854435,2.697963,1.073452,-1.247326,-0.622401,7.231185
1.255972,2.697963,1.515983,-0.343358,3.103134,8.980779
-0.451988,-0.674491,-0.581190,0.563121,0.456453,-3.051018
0.654573,-1.348982,-0.313581,-0.875993,-0.745250,-0.461043
0.048920,0.000000,0.892417,1.478802,2.079342,1.319260
1.290052,3.372454,1.387107,-2.752633,-1.598110,9.744603
-1.063160,-1.348982,0.970924,1.538764,2.601471,-3.353348
-0.674491,0.000000,-0.617649,-0.476942,-0.348129,-2.862955
-0.757237,-0.674491,-1.308190,0.443608,-0.362336,-4.945538
-0.692914,-0.674491,-0.902807,0.477185,0.060915,-4.181858
-0.082595,2.697963,0.332789,1.442201,2.529360,3.570357
0.899938,6.744908,0.971587,-2.049407,-1.568588,12.344929
0.726671,3.372454,1.866442,-0.258235,1.067260,8.879869
0.750741,-0.674491,1.185885,1.613567,2.266468,2.827703
-0.847797,37.096992,-0.153262,-2.954755,-1.967046,44.401443
0.670144,0.674491,1.078790,0.908559,1.741902,4.161842
-0.762641,1.348982,1.473306,0.763333,2.712517,1.626924
1.055885,-0.674491,0.893566,-0.017198,0.463682,3.248814
-0.702539,2.697963,-1.428881,-0.234845,-0.466081,-0.689441
1.002233,-0.674491,-0.123495,-1.112126,-1.063885,1.630639
-0.434088,0.000000,-0.845157,-0.273111,-0.638458,-2.527157
-1.835949,37.096992,1.936533,-2.225002,2.419678,44.689869
-0.872095,0.000000,-0.423571,0.671436,0.586269,-3.128750
0.698103,50.586807,0.509237,-3.503423,-2.081460,66.749754
-0.172548,0.674491,-0.513719,0.005336,-0.093811,-0.469275
0.325291,0.674491,0.684351,-1.395940,-0.903041,2.638453
0.377358,0.674491,-0.286522,0.714318,1.006255,1.379285
0.009774,-1.348982,0.605200,1.380130,1.931345,-0.915767
1.226238,-0.674491,0.428793,-1.225086,-1.003055,3.048065
-0.304570,-1.348982,-0.432668,0.353666,0.274988,-3.284699
-0.502847,-1.348982,-0.791921,0.688127,0.272428,-4.352029
-0.094387,5.395926,-0.149439,1.002932,2.964044,6.264289
0.677271,1.348982,1.246783,0.629426,1.239092,5.280189
-0.830287,-1.348982,-1.185059,0.591527,0.107520,-5.825399
0.185856,2.023472,-0.650039,1.459358,2.143354,2.036246
0.243048,3.372454,-0.098601,-1.432609,-1.138987,4.703016
-1.148191,5.395926,-0.256134,-0.691694,-0.639721,3.196852
0.592669,0.000000,0.308713,-0.826513,-0.562459,1.978884
-0.273265,30.352084,-0.193033,-2.185258,-1.706981,37.373646
0.310357,0.000000,0.270993,-0.097442,0.134856,1.143921
-1.266835,37.096992,-0.230857,-2.617688,0.219732,43.130874
-0.521494,0.000000,1.480065,1.846250,3.020259,0.591622
0.865753,0.000000,0.369713,-0.340513,-0.316751,2.821983
-0.815790,0.000000,-0.894412,0.395722,-0.002708,-3.653556
-0.214410,-1.348982,-0.915173,0.373740,0.265597,-3.732766
0.367198,4.721435,0.402312,0.016243,0.000000,7.481869
1.143638,-1.348982,0.870448,0.413279,0.671361,2.602137
0.383381,-0.674491,0.865048,0.533072,1.085090,1.348463
0.175565,6.070417,0.236783,-0.584444,-0.462605,8.424601
-0.019209,-0.674491,-1.363139,-0.292857,-0.915836,-2.984672
-0.983109,-1.348982,-1.007573,0.050718,-0.501126,-5.991373
-0.338374,0.000000,-0.732631,0.139715,-0.085702,-2.099932
-0.974349,-1.348982,-1.313861,0.262870,-0.414376,-6.409803
-0.894666,0.000000,-0.738037,0.364764,0.078141,-3.645614
0.442538,-1.348982,0.674491,1.049953,1.242243,0.380748
0.050694,6.070417,-0.156341,-0.466635,-0.395693,7.511251
0.499822,-0.674491,-0.019737,0.674491,1.105541,0.391671
0.452243,-0.674491,-0.353579,0.981508,1.219161,-0.222327
-0.430397,2.023472,0.162771,-0.429188,-0.458473,1.507289
1.522763,2.697963,1.581056,-2.014710,-1.231627,9.812366