study,true_rate,q,delta0_pp,delta1_pp,purity_lo,purity_hi,Delta_true
Study1,0.0541,0.05,4.658,0.432,1.000,0.750,16.437
Study1,0.0541,0.1,4.345,-4.593,1.000,0.429,16.437
Study1,0.0541,0.2,3.404,-9.064,1.000,0.267,16.437
Study1,0.0541,0.3,2.855,-10.770,1.000,0.182,16.437
Study1,0.1026,0.05,4.959,7.810,1.000,1.000,14.383
Study1,0.1026,0.1,4.480,0.118,1.000,0.875,14.383
Study1,0.1026,0.2,3.572,-4.968,1.000,0.500,14.383
Study1,0.1026,0.3,2.961,-7.085,1.000,0.348,14.383
Study1,0.1463,0.05,4.346,7.014,1.000,1.000,11.178
Study1,0.1463,0.1,3.883,2.564,1.000,1.000,11.178
Study1,0.1463,0.2,3.209,-1.605,1.000,0.750,11.178
Study1,0.1463,0.3,2.565,-3.989,1.000,0.480,11.178
Study1,0.2045,0.05,4.198,12.892,1.000,1.000,11.517
Study1,0.2045,0.1,3.522,5.584,1.000,1.000,11.517
Study1,0.2045,0.2,2.745,0.533,1.000,0.833,11.517
Study1,0.2045,0.3,2.200,-2.208,1.000,0.654,11.517
Study1,0.2553,0.05,3.971,12.228,1.000,1.000,11.388
Study1,0.2553,0.1,3.485,6.526,1.000,1.000,11.388
Study1,0.2553,0.2,2.575,1.477,1.000,1.000,11.388
Study1,0.2553,0.3,2.056,-0.849,1.000,0.821,11.388
Study1,0.3204,0.05,3.796,54.618,1.000,1.000,18.351
Study1,0.3204,0.1,3.236,25.643,1.000,1.000,18.351
Study1,0.3204,0.2,2.517,7.999,1.000,1.000,18.351
Study1,0.3204,0.3,2.021,1.401,0.968,0.871,18.351
Study1,0.4017,0.05,3.606,16.828,1.000,1.000,9.906
Study1,0.4017,0.1,2.750,10.630,1.000,1.000,9.906
Study1,0.4017,0.2,1.954,5.223,1.000,1.000,9.906
Study1,0.4017,0.3,1.474,2.222,1.000,1.000,9.906
Study1,0.4531,0.05,3.069,60.062,1.000,1.000,15.893
Study1,0.4531,0.1,2.498,33.250,1.000,1.000,15.893
Study1,0.4531,0.2,1.800,13.445,0.962,1.000,15.893
Study1,0.4531,0.3,1.354,6.456,0.974,1.000,15.893
Study3_J60,0.0500,0.05,5.700,0.878,1.000,0.650,7.389
Study3_J60,0.0500,0.1,4.870,-0.909,1.000,0.450,7.389
Study3_J60,0.0500,0.2,3.905,-2.346,1.000,0.225,7.389
Study3_J60,0.0500,0.3,3.262,-3.193,0.992,0.150,7.389
Study3_J60,0.1000,0.05,5.355,7.609,1.000,1.000,12.437
Study3_J60,0.1000,0.1,4.635,0.839,1.000,0.800,12.437
Study3_J60,0.1000,0.2,3.586,-3.828,0.975,0.438,12.437
Study3_J60,0.1000,0.3,2.890,-5.851,0.983,0.308,12.437
Study3_J60,0.1500,0.05,5.611,6.413,1.000,1.000,8.750
Study3_J60,0.1500,0.1,4.780,2.471,1.000,0.950,8.750
Study3_J60,0.1500,0.2,3.639,-0.711,1.000,0.662,8.750
Study3_J60,0.1500,0.3,2.869,-2.353,1.000,0.475,8.750
Study3_J60,0.2000,0.05,5.912,10.135,1.000,0.950,8.993
Study3_J60,0.2000,0.1,4.823,4.726,1.000,0.950,8.993
Study3_J60,0.2000,0.2,3.554,0.546,1.000,0.800,8.993
Study3_J60,0.2000,0.3,2.758,-1.463,0.983,0.617,8.993
Study3_J60,0.2500,0.05,4.137,11.099,1.000,1.000,8.331
Study3_J60,0.2500,0.1,3.565,5.749,1.000,1.000,8.331
Study3_J60,0.2500,0.2,2.905,1.554,1.000,0.938,8.331
Study3_J60,0.2500,0.3,2.332,-0.514,0.992,0.742,8.331
Study3_J60,0.3000,0.05,4.792,13.331,1.000,1.000,8.270
Study3_J60,0.3000,0.1,3.898,7.016,1.000,1.000,8.270
Study3_J60,0.3000,0.2,2.811,2.481,1.000,0.950,8.270
Study3_J60,0.3000,0.3,2.150,0.358,0.992,0.850,8.270
Study3_J60,0.3500,0.05,4.047,18.614,1.000,1.000,9.518
Study3_J60,0.3500,0.1,3.491,10.586,1.000,1.000,9.518
Study3_J60,0.3500,0.2,2.665,4.133,0.988,1.000,9.518
Study3_J60,0.3500,0.3,2.017,1.283,0.992,0.933,9.518
Study3_J60,0.4000,0.05,3.971,17.074,1.000,1.000,8.488
Study3_J60,0.4000,0.1,3.384,10.029,1.000,1.000,8.488
Study3_J60,0.4000,0.2,2.505,4.492,1.000,0.988,8.488
Study3_J60,0.4000,0.3,1.871,1.909,1.000,0.950,8.488
Study3_J60,0.4500,0.05,4.492,17.927,0.950,1.000,8.363
Study3_J60,0.4500,0.1,3.748,11.475,0.975,1.000,8.363
Study3_J60,0.4500,0.2,2.678,5.578,0.988,1.000,8.363
Study3_J60,0.4500,0.3,1.919,2.852,0.958,0.975,8.363
Study3_J180,0.0500,0.05,7.187,0.154,1.000,0.900,25.297
Study3_J180,0.0500,0.1,5.954,-9.621,1.000,0.500,25.297
Study3_J180,0.0500,0.2,4.689,-15.580,1.000,0.250,25.297
Study3_J180,0.0500,0.3,3.796,-17.941,1.000,0.167,25.297
Study3_J180,0.1000,0.05,6.431,8.243,1.000,1.000,18.388
Study3_J180,0.1000,0.1,5.454,0.307,1.000,0.950,18.388
Study3_J180,0.1000,0.2,4.211,-6.663,1.000,0.475,18.388
Study3_J180,0.1000,0.3,3.371,-9.633,1.000,0.325,18.388
Study3_J180,0.1500,0.05,6.353,23.658,1.000,1.000,22.956
Study3_J180,0.1500,0.1,5.268,6.865,1.000,1.000,22.956
Study3_J180,0.1500,0.2,3.943,-4.367,1.000,0.750,22.956
Study3_J180,0.1500,0.3,3.062,-9.424,1.000,0.500,22.956
Study3_J180,0.2000,0.05,5.898,11.591,1.000,1.000,14.179
Study3_J180,0.2000,0.1,4.786,5.484,1.000,1.000,14.179
Study3_J180,0.2000,0.2,3.519,0.172,1.000,0.925,14.179
Study3_J180,0.2000,0.3,2.769,-3.272,1.000,0.650,14.179
Study3_J180,0.2500,0.05,4.065,32.421,1.000,1.000,21.011
Study3_J180,0.2500,0.1,3.392,15.278,1.000,1.000,21.011
Study3_J180,0.2500,0.2,2.644,3.229,1.000,1.000,21.011
Study3_J180,0.2500,0.3,2.087,-2.789,1.000,0.833,21.011
Study3_J180,0.3000,0.05,3.998,34.488,1.000,1.000,17.956
Study3_J180,0.3000,0.1,3.353,16.684,1.000,1.000,17.956
Study3_J180,0.3000,0.2,2.496,5.272,1.000,1.000,17.956
Study3_J180,0.3000,0.3,1.953,0.053,1.000,0.967,17.956
Study3_J180,0.3500,0.05,3.865,17.862,1.000,1.000,11.743
Study3_J180,0.3500,0.1,3.067,10.532,1.000,1.000,11.743
Study3_J180,0.3500,0.2,2.308,4.408,1.000,1.000,11.743
Study3_J180,0.3500,0.3,1.744,1.327,0.992,1.000,11.743
Study3_J180,0.4000,0.05,2.598,53.386,1.000,1.000,15.977
Study3_J180,0.4000,0.1,2.177,27.418,1.000,1.000,15.977
Study3_J180,0.4000,0.2,1.653,10.321,1.000,1.000,15.977
Study3_J180,0.4000,0.3,1.214,3.818,1.000,1.000,15.977
Study3_J180,0.4500,0.05,2.958,42.630,1.000,1.000,12.991
Study3_J180,0.4500,0.1,2.511,23.103,1.000,1.000,12.991
Study3_J180,0.4500,0.2,1.827,9.450,1.000,1.000,12.991
Study3_J180,0.4500,0.3,1.255,4.172,1.000,1.000,12.991