,F1:pair-consistency,F2:normativity,F3:outlier/variance,F4:split-half
rc,0.746896206328019,0.28728026316150396,-0.12427889825739953,0.12308077560956729
synonyms,0.8260361076477675,-0.09566033655380168,-0.1590467481142473,0.2827987725277122
antonyms,0.7884343744994425,0.001799113500729386,-0.1251656720897603,0.099192640647742
even_odd,0.11546140915720114,-0.024432786837422327,-0.03859362314534508,0.9231196425204157
rpr,0.18750744126894986,-0.038556306561267656,-0.06270230271655132,0.9046292589396369
person_total,0.09778602038019016,0.887796409928548,0.10239174932335206,-0.03534820119404957
d2,-0.08829157905307398,0.30372237472729396,0.9184709553709426,-0.11833606094057877
longstring,-0.2707275436210987,0.5056956775218757,-0.28221216316269826,-0.11556438340711771
irv,-0.168311058788643,-0.25174897650933864,0.8972891791253291,0.01273913858892729
