,rc,synonyms,antonyms,even_odd,rpr,person_total,d2,longstring,irv
rc,1.0,0.4407723594982052,0.08743741118845191,0.21480731121228064,0.2331840782538794,0.41853264163149345,-0.10550429737895566,-0.13477239404190766,-0.37838232068301186
synonyms,0.4407723594982052,1.0,0.3531629991132428,0.38313031207989146,0.43447947076896604,-0.1172224028459183,-0.12246283774610224,-0.36245014978118123,0.0477909210491523
antonyms,0.08743741118845191,0.3531629991132428,1.0,0.15355544685179123,0.15189245160256873,-0.018481950657664264,0.016614524009231583,-0.11218093970577306,0.0656882020561088
even_odd,0.21480731121228064,0.38313031207989146,0.15355544685179123,1.0,0.7496017563489895,-0.06544700104370621,-0.1608260729617564,-0.268401631591613,0.1765272213022439
rpr,0.2331840782538794,0.43447947076896604,0.15189245160256873,0.7496017563489895,1.0,-0.09023447317196577,-0.18332727937201368,-0.3125861615541444,0.16094179114865026
person_total,0.41853264163149345,-0.1172224028459183,-0.018481950657664264,-0.06544700104370621,-0.09023447317196577,1.0,0.2673419597861338,0.0023803307257999284,-0.3586767812260133
d2,-0.10550429737895566,-0.12246283774610224,0.016614524009231583,-0.1608260729617564,-0.18332727937201368,0.2673419597861338,1.0,-0.1416160096988586,0.5467803347286301
longstring,-0.13477239404190766,-0.36245014978118123,-0.11218093970577306,-0.268401631591613,-0.3125861615541444,0.0023803307257999284,-0.1416160096988586,1.0,-0.32474207758138895
irv,-0.37838232068301186,0.0477909210491523,0.0656882020561088,0.1765272213022439,0.16094179114865026,-0.3586767812260133,0.5467803347286301,-0.32474207758138895,1.0
