dataset,target,true_prev,pi_mean,pi_sd,flag_mean,n,piraw_mean,estimable_frac
TISP Germany,0.01,0.0100,0.2529,0.1191,0.1581,1400,0.2529,1.00
TISP Germany,0.03,0.0300,0.2810,0.1015,0.1817,1400,0.2810,1.00
TISP Germany,0.05,0.0500,0.2682,0.1114,0.1772,1400,0.2682,1.00
TISP Germany,0.08,0.0800,0.2837,0.0943,0.1822,1400,0.2837,1.00
TISP Germany,0.12,0.1200,0.2864,0.0663,0.1829,1400,0.2864,1.00
TISP Germany,0.16,0.1600,0.3609,0.0528,0.2415,1400,0.3609,1.00
TISP Germany,0.20,0.2000,0.3122,0.0512,0.2120,1400,0.3122,1.00
TISP Germany,0.25,0.2500,0.3169,0.0726,0.2139,1400,0.3169,1.00
TISP Germany,0.30,0.3000,0.3412,0.0599,0.2284,1400,0.3412,1.00
TISP Germany,0.35,0.3500,0.3810,0.0575,0.2626,1400,0.3810,1.00
TISP Germany,0.40,0.4000,0.3978,0.0559,0.2702,1400,0.3978,1.00
TISP Poland,0.01,0.0100,0.1296,0.0903,0.0699,1400,0.1289,1.00
TISP Poland,0.03,0.0300,0.1811,0.0930,0.0958,1400,0.1811,1.00
TISP Poland,0.05,0.0500,0.1365,0.0754,0.0747,1400,0.1346,1.00
TISP Poland,0.08,0.0800,0.2175,0.0748,0.1151,1400,0.2175,1.00
TISP Poland,0.12,0.1200,0.1809,0.0284,0.0953,1400,0.1809,1.00
TISP Poland,0.16,0.1600,0.1950,0.0778,0.1086,1400,0.1950,1.00
TISP Poland,0.20,0.2000,0.2281,0.0600,0.1254,1400,0.2281,1.00
TISP Poland,0.25,0.2500,0.2350,0.0333,0.1204,1400,0.2350,1.00
TISP Poland,0.30,0.3000,0.2773,0.0514,0.1509,1400,0.2773,1.00
TISP Poland,0.35,0.3500,0.2787,0.0472,0.1442,1400,0.2787,1.00
TISP Poland,0.40,0.4000,0.2965,0.0650,0.1464,1400,0.2965,1.00
TISP Australia,0.01,0.0100,0.0000,0.0000,0.0143,1400,-0.0332,0.00
TISP Australia,0.03,0.0300,0.0000,0.0000,0.0089,1400,-0.0292,0.00
TISP Australia,0.05,0.0500,0.0000,0.0000,0.0067,1400,-0.0196,0.00
TISP Australia,0.08,0.0800,0.0009,0.0028,0.0259,1400,-0.0600,0.10
TISP Australia,0.12,0.1200,0.0006,0.0018,0.0291,1400,-0.0515,0.10
TISP Australia,0.16,0.1600,0.0000,0.0000,0.0255,1400,-0.0571,0.20
TISP Australia,0.20,0.2000,0.0000,0.0000,0.0281,1400,-0.0723,0.20
TISP Australia,0.25,0.2500,0.0003,0.0010,0.0341,1400,-0.0515,0.20
TISP Australia,0.30,0.3000,0.0000,0.0000,0.0361,1400,-0.0570,0.10
TISP Australia,0.35,0.3500,0.0060,0.0181,0.0356,1400,-0.0400,0.20
TISP Australia,0.40,0.4000,0.0003,0.0010,0.0416,1400,-0.0476,0.20
smarvus England,0.01,0.0100,0.1952,0.0611,0.1035,1400,0.1952,1.00
smarvus England,0.03,0.0300,0.2228,0.0474,0.1202,1400,0.2228,1.00
smarvus England,0.05,0.0500,0.2342,0.0713,0.1376,1400,0.2342,1.00
smarvus England,0.08,0.0800,0.2646,0.0856,0.1679,1363,0.2646,1.00
smarvus England,0.12,0.1200,0.2389,0.0508,0.1570,908,0.2389,1.00
smarvus England,0.16,0.1601,0.2774,0.0821,0.1881,681,0.2774,1.00
smarvus England,0.20,0.2000,0.2779,0.0882,0.1943,545,0.2779,1.00
smarvus England,0.25,0.2500,0.3100,0.0355,0.2252,436,0.3100,1.00
smarvus England,0.30,0.3003,0.3137,0.0934,0.2207,363,0.3137,1.00
smarvus England,0.35,0.3505,0.2891,0.0824,0.1929,311,0.2891,1.00
smarvus England,0.40,0.4007,0.3205,0.0571,0.2257,272,0.3205,1.00
smarvus Egypt,0.01,0.0100,0.1616,0.1271,0.0698,600,0.1508,0.90
smarvus Egypt,0.03,0.0300,0.1350,0.1178,0.0609,667,0.1252,0.90
smarvus Egypt,0.05,0.0500,0.2349,0.0997,0.0988,680,0.2349,1.00
smarvus Egypt,0.08,0.0800,0.2234,0.0750,0.0919,700,0.2234,1.00
smarvus Egypt,0.12,0.1199,0.2221,0.0952,0.0938,742,0.2221,1.00
smarvus Egypt,0.16,0.1600,0.2646,0.0624,0.1026,775,0.2646,1.00
smarvus Egypt,0.20,0.2000,0.2892,0.0517,0.1180,815,0.2892,1.00
smarvus Egypt,0.25,0.2500,0.3074,0.0477,0.1166,872,0.3074,1.00
smarvus Egypt,0.30,0.3001,0.3362,0.0556,0.1367,833,0.3362,1.00
smarvus Egypt,0.35,0.3501,0.3543,0.0508,0.1294,714,0.3543,1.00
smarvus Egypt,0.40,0.4000,0.1478,0.1839,0.0701,625,0.0693,0.40
smarvus Canada,0.01,0.0100,0.2191,0.0663,0.1450,800,0.2191,1.00
smarvus Canada,0.03,0.0300,0.2420,0.0598,0.1642,800,0.2420,1.00
smarvus Canada,0.05,0.0500,0.2706,0.0548,0.1834,820,0.2706,1.00
smarvus Canada,0.08,0.0800,0.2805,0.0497,0.1981,863,0.2805,1.00
smarvus Canada,0.12,0.1200,0.2915,0.0379,0.2175,825,0.2915,1.00
smarvus Canada,0.16,0.1599,0.2961,0.0422,0.2415,619,0.2961,1.00
smarvus Canada,0.20,0.2000,0.3234,0.0340,0.2697,495,0.3234,1.00
smarvus Canada,0.25,0.2500,0.3637,0.0356,0.3035,396,0.3637,1.00
smarvus Canada,0.30,0.3000,0.3780,0.0348,0.3258,330,0.3780,1.00
smarvus Canada,0.35,0.3498,0.3998,0.0285,0.3470,283,0.3998,1.00
smarvus Canada,0.40,0.3992,0.4359,0.0251,0.3810,248,0.4359,1.00
warning control,0.03,0.0300,0.0000,0.0000,0.0030,200,-0.0270,0.00
warning control,0.05,0.0500,0.0000,0.0000,0.0000,220,0.0000,0.00
warning control,0.08,0.0800,0.0000,0.0000,0.0000,225,0.0000,0.00
warning control,0.12,0.1198,0.0000,0.0000,0.0050,242,-0.0413,0.00
warning control,0.16,0.1600,0.0000,0.0000,0.0140,250,-0.0818,0.00
warning control,0.20,0.2000,0.0000,0.0000,0.0155,265,-0.0898,0.00
warning control,0.25,0.2500,0.0000,0.0000,0.0000,284,0.0000,0.00
warning control,0.30,0.2996,0.0000,0.0000,0.0178,247,-0.0617,0.00
warning control,0.35,0.3507,0.0000,0.0000,0.0190,211,-0.0734,0.00
warning control,0.40,0.4000,0.0000,0.0000,0.0270,185,-0.0530,0.00
Kay S1,0.01,0.0100,0.0780,0.0197,0.0800,400,0.0780,1.00
Kay S1,0.03,0.0300,0.0714,0.0516,0.0810,400,0.0676,0.90
Kay S1,0.05,0.0500,0.0944,0.0430,0.0917,420,0.0944,1.00
Kay S1,0.08,0.0799,0.1078,0.0263,0.1034,438,0.1078,1.00
Kay S1,0.12,0.1201,0.1280,0.0399,0.1197,458,0.1280,1.00
Kay S1,0.16,0.1601,0.1255,0.0366,0.1210,481,0.1255,1.00
Kay S1,0.20,0.2000,0.1447,0.0371,0.1345,475,0.1447,1.00
Kay S1,0.25,0.2500,0.1646,0.0386,0.1453,380,0.1646,1.00
Kay S1,0.30,0.2997,0.2014,0.0404,0.1659,317,0.2014,1.00
Kay S1,0.35,0.3506,0.2211,0.0588,0.1753,271,0.2211,1.00
Kay S1,0.40,0.3992,0.2244,0.0588,0.1761,238,0.2244,1.00
TUMI,0.05,0.0500,0.1546,0.1057,0.0722,180,0.1546,0.70
TUMI,0.08,0.0800,0.1651,0.1128,0.0710,200,0.1651,0.70
TUMI,0.12,0.1202,0.2411,0.1292,0.1197,208,0.2411,0.80
TUMI,0.16,0.1602,0.2021,0.1348,0.0835,206,0.2021,0.70