dataset,k,target,true_prev,rep,n,piHat,piRaw,estimable,flagged,heavy
warning IPIP,1,0.02,0.0200,0,450,0.0000,-0.0671,0,0.0333,0
warning IPIP,1,0.02,0.0200,1,450,0.0000,-0.0275,0,0.0356,0
warning IPIP,1,0.02,0.0200,2,450,0.0000,0.0000,0,0.0000,0
warning IPIP,1,0.02,0.0200,3,450,0.0000,0.0000,0,0.0000,0
warning IPIP,1,0.02,0.0200,4,450,0.0000,0.0000,0,0.0000,0
warning IPIP,1,0.02,0.0200,5,450,0.0000,-0.0301,0,0.0333,0
warning IPIP,1,0.02,0.0200,6,450,0.0000,0.0000,0,0.0000,0
warning IPIP,1,0.02,0.0200,7,450,0.0000,0.0000,0,0.0000,0
warning IPIP,1,0.02,0.0200,8,450,0.0000,0.0000,0,0.0000,0
warning IPIP,1,0.02,0.0200,9,450,0.0000,0.0000,0,0.0000,0
warning IPIP,1,0.05,0.0500,0,480,0.0095,0.0095,1,0.0542,0
warning IPIP,1,0.05,0.0500,1,480,0.0046,0.0046,1,0.0521,0
warning IPIP,1,0.05,0.0500,2,480,0.0269,0.0269,1,0.0646,0
warning IPIP,1,0.05,0.0500,3,480,0.0000,-0.0053,1,0.0396,0
warning IPIP,1,0.05,0.0500,4,480,0.0000,-0.0697,0,0.0354,0
warning IPIP,1,0.05,0.0500,5,480,0.0000,-0.0400,0,0.0375,0
warning IPIP,1,0.05,0.0500,6,480,0.0863,0.0863,1,0.0708,0
warning IPIP,1,0.05,0.0500,7,480,0.0442,0.0442,1,0.0604,0
warning IPIP,1,0.05,0.0500,8,480,0.0000,-0.0623,0,0.0313,0
warning IPIP,1,0.05,0.0500,9,480,0.0000,-0.0697,0,0.0313,0
warning IPIP,1,0.08,0.0799,0,488,0.0000,-0.0156,1,0.0594,0
warning IPIP,1,0.08,0.0799,1,488,0.0000,-0.0010,1,0.0451,0
warning IPIP,1,0.08,0.0799,2,488,0.0000,-0.0351,0,0.0451,0
warning IPIP,1,0.08,0.0799,3,488,0.0000,-0.0010,1,0.0492,0
warning IPIP,1,0.08,0.0799,4,488,0.0379,0.0379,1,0.0635,0
warning IPIP,1,0.08,0.0799,5,488,0.0111,0.0111,1,0.0471,0
warning IPIP,1,0.08,0.0799,6,488,0.0000,-0.0376,0,0.0348,0
warning IPIP,1,0.08,0.0799,7,488,0.0000,-0.0571,0,0.0348,0
warning IPIP,1,0.08,0.0799,8,488,0.0000,-0.0108,1,0.0430,0
warning IPIP,1,0.08,0.0799,9,488,0.0331,0.0331,1,0.0512,0
warning IPIP,1,0.12,0.1199,0,517,0.0298,0.0298,1,0.0542,0
warning IPIP,1,0.12,0.1199,1,517,0.0275,0.0275,1,0.0503,0
warning IPIP,1,0.12,0.1199,2,517,0.0367,0.0367,1,0.0677,0
warning IPIP,1,0.12,0.1199,3,517,0.0413,0.0413,1,0.0580,0
warning IPIP,1,0.12,0.1199,4,517,0.0000,-0.0070,1,0.0348,0
warning IPIP,1,0.12,0.1199,5,517,0.0000,-0.0093,1,0.0464,0
warning IPIP,1,0.12,0.1199,6,517,0.0160,0.0160,1,0.0542,0
warning IPIP,1,0.12,0.1199,7,517,0.0000,-0.0391,0,0.0329,0
warning IPIP,1,0.12,0.1199,8,517,0.0000,-0.0184,1,0.0426,0
warning IPIP,1,0.12,0.1199,9,517,0.0275,0.0275,1,0.0464,0
warning IPIP,1,0.16,0.1601,0,537,0.0000,-0.0204,0,0.0428,0
warning IPIP,1,0.16,0.1601,1,537,0.0000,-0.0292,0,0.0466,0
warning IPIP,1,0.16,0.1601,2,537,0.0084,0.0084,1,0.0484,0
warning IPIP,1,0.16,0.1601,3,537,0.0859,0.0859,1,0.0819,0
warning IPIP,1,0.16,0.1601,4,537,0.0084,0.0084,1,0.0540,0
warning IPIP,1,0.16,0.1601,5,537,0.0000,-0.0226,0,0.0410,0
warning IPIP,1,0.16,0.1601,6,537,0.0000,-0.0159,1,0.0354,0
warning IPIP,1,0.16,0.1601,7,537,0.0195,0.0195,1,0.0447,0
warning IPIP,1,0.16,0.1601,8,537,0.0682,0.0682,1,0.0819,0
warning IPIP,1,0.16,0.1601,9,537,0.0000,-0.0049,1,0.0391,0
warning IPIP,1,0.20,0.2000,0,570,0.0000,-0.0343,0,0.0404,0
warning IPIP,1,0.20,0.2000,1,570,0.0000,0.0000,0,0.0000,0
warning IPIP,1,0.20,0.2000,2,570,0.0054,0.0054,1,0.0579,0
warning IPIP,1,0.20,0.2000,3,570,0.0387,0.0387,1,0.0702,0
warning IPIP,1,0.20,0.2000,4,570,0.0637,0.0637,1,0.0561,0
warning IPIP,1,0.20,0.2000,5,570,0.0450,0.0450,1,0.0596,0
warning IPIP,1,0.20,0.2000,6,570,0.0000,-0.0322,0,0.0491,0
warning IPIP,1,0.20,0.2000,7,570,0.0199,0.0199,1,0.0351,0
warning IPIP,1,0.20,0.2000,8,570,0.0000,0.0000,0,0.0000,0
warning IPIP,1,0.20,0.2000,9,570,0.0000,-0.0155,1,0.0439,0
warning IPIP,1,0.25,0.2500,0,608,0.0128,0.0128,1,0.0493,0
warning IPIP,1,0.25,0.2500,1,608,0.0000,-0.0400,0,0.0378,0
warning IPIP,1,0.25,0.2500,2,608,0.0000,-0.0537,0,0.0313,0
warning IPIP,1,0.25,0.2500,3,608,0.0753,0.0753,1,0.0789,0
warning IPIP,1,0.25,0.2500,4,608,0.0832,0.0832,1,0.0691,0
warning IPIP,1,0.25,0.2500,5,608,0.0000,-0.0654,0,0.0345,0
warning IPIP,1,0.25,0.2500,6,608,0.0000,-0.0341,0,0.0395,0
warning IPIP,1,0.25,0.2500,7,608,0.0714,0.0714,1,0.0691,0
warning IPIP,1,0.25,0.2500,8,608,0.0050,0.0050,1,0.0576,0
warning IPIP,1,0.25,0.2500,9,608,0.0000,-0.0224,0,0.0378,0
warning IPIP,1,0.30,0.3000,0,650,0.0000,-0.0386,0,0.0462,0
warning IPIP,1,0.30,0.3000,1,650,0.0000,-0.0533,0,0.0354,0
warning IPIP,1,0.30,0.3000,2,650,0.0000,-0.0514,0,0.0431,0
warning IPIP,1,0.30,0.3000,3,650,0.0000,-0.0697,0,0.0323,0
warning IPIP,1,0.30,0.3000,4,650,0.0473,0.0473,1,0.0554,0
warning IPIP,1,0.30,0.3000,5,650,0.0437,0.0437,1,0.0569,0
warning IPIP,1,0.30,0.3000,6,650,0.0000,-0.0002,1,0.0508,0
warning IPIP,1,0.30,0.3000,7,650,0.0000,-0.0112,1,0.0477,0
warning IPIP,1,0.30,0.3000,8,650,0.0000,-0.0203,0,0.0446,0
warning IPIP,1,0.30,0.3000,9,650,0.0000,-0.0203,0,0.0369,0
warning IPIP,1,0.35,0.3500,0,700,0.0000,-0.0256,0,0.0429,0
warning IPIP,1,0.35,0.3500,1,700,0.0000,-0.0510,0,0.0357,0
warning IPIP,1,0.35,0.3500,2,700,0.0000,-0.0222,0,0.0457,0
warning IPIP,1,0.35,0.3500,3,700,0.0000,-0.0035,1,0.0443,0
warning IPIP,1,0.35,0.3500,4,700,0.0000,-0.0120,1,0.0386,0
warning IPIP,1,0.35,0.3500,5,700,0.0000,-0.0256,0,0.0429,0
warning IPIP,1,0.35,0.3500,6,700,0.0000,-0.0154,1,0.0429,0
warning IPIP,1,0.35,0.3500,7,700,0.0000,-0.0561,0,0.0357,0
warning IPIP,1,0.35,0.3500,8,700,0.0000,-0.0680,0,0.0386,0
warning IPIP,1,0.35,0.3500,9,700,0.0000,-0.0986,0,0.0314,0
warning IPIP,1,0.40,0.4000,0,760,0.0000,-0.0666,0,0.0368,0
warning IPIP,1,0.40,0.4000,1,760,0.0000,-0.0447,0,0.0421,0
warning IPIP,1,0.40,0.4000,2,760,0.0000,-0.0728,0,0.0408,0
warning IPIP,1,0.40,0.4000,3,760,0.0000,-0.0228,0,0.0461,0
warning IPIP,1,0.40,0.4000,4,760,0.0000,-0.0854,0,0.0303,0
warning IPIP,1,0.40,0.4000,5,760,0.0000,-0.0713,0,0.0342,0
warning IPIP,1,0.40,0.4000,6,760,0.0000,-0.1041,0,0.0329,0
warning IPIP,1,0.40,0.4000,7,760,0.0000,-0.0791,0,0.0329,0
warning IPIP,1,0.40,0.4000,8,760,0.0000,-0.0760,0,0.0316,0
warning IPIP,1,0.40,0.4000,9,760,0.0000,-0.1073,0,0.0329,0
warning IPIP,2,0.02,0.0200,0,600,0.1224,0.1224,1,0.0933,0
warning IPIP,2,0.02,0.0200,1,600,0.0254,0.0254,1,0.0483,0
warning IPIP,2,0.02,0.0200,2,600,0.0709,0.0709,1,0.0767,0
warning IPIP,2,0.02,0.0200,3,600,0.0531,0.0531,1,0.0650,0
warning IPIP,2,0.02,0.0200,4,600,0.0769,0.0769,1,0.0767,0
warning IPIP,2,0.02,0.0200,5,600,0.0333,0.0333,1,0.0550,0
warning IPIP,2,0.02,0.0200,6,600,0.1422,0.1422,1,0.1100,0
warning IPIP,2,0.02,0.0200,7,600,0.1541,0.1541,1,0.1033,0
warning IPIP,2,0.02,0.0200,8,600,0.0000,-0.0182,1,0.0317,0
warning IPIP,2,0.02,0.0200,9,600,0.0000,-0.0063,1,0.0367,0
warning IPIP,2,0.05,0.0500,0,640,0.0844,0.0844,1,0.0734,0
warning IPIP,2,0.05,0.0500,1,640,0.0083,0.0083,1,0.0437,0
warning IPIP,2,0.05,0.0500,2,640,0.0937,0.0937,1,0.0844,0
warning IPIP,2,0.05,0.0500,3,640,0.0491,0.0491,1,0.0484,0
warning IPIP,2,0.05,0.0500,4,640,0.0306,0.0306,1,0.0500,0
warning IPIP,2,0.05,0.0500,5,640,0.0139,0.0139,1,0.0391,0
warning IPIP,2,0.05,0.0500,6,640,0.0269,0.0269,1,0.0531,0
warning IPIP,2,0.05,0.0500,7,640,0.0287,0.0287,1,0.0516,0
warning IPIP,2,0.05,0.0500,8,640,0.0101,0.0101,1,0.0406,0
warning IPIP,2,0.05,0.0500,9,640,0.0343,0.0343,1,0.0484,0
warning IPIP,2,0.08,0.0799,0,663,0.0104,0.0104,1,0.0452,0
warning IPIP,2,0.08,0.0799,1,663,0.0000,-0.0003,1,0.0468,0
warning IPIP,2,0.08,0.0799,2,663,0.0642,0.0642,1,0.0709,0
warning IPIP,2,0.08,0.0799,3,663,0.0355,0.0355,1,0.0452,0
warning IPIP,2,0.08,0.0799,4,663,0.0266,0.0266,1,0.0422,0
warning IPIP,2,0.08,0.0799,5,663,0.0212,0.0212,1,0.0422,0
warning IPIP,2,0.08,0.0799,6,663,0.0534,0.0534,1,0.0664,0
warning IPIP,2,0.08,0.0799,7,663,0.0194,0.0194,1,0.0392,0
warning IPIP,2,0.08,0.0799,8,663,0.0000,-0.0236,0,0.0377,0
warning IPIP,2,0.08,0.0799,9,663,0.0000,-0.0272,0,0.0377,0
warning IPIP,2,0.12,0.1199,0,692,0.0000,-0.0134,1,0.0405,0
warning IPIP,2,0.12,0.1199,1,692,0.0000,-0.0512,0,0.0318,0
warning IPIP,2,0.12,0.1199,2,692,0.0000,-0.0099,1,0.0419,0
warning IPIP,2,0.12,0.1199,3,692,0.0000,-0.0529,0,0.0332,0
warning IPIP,2,0.12,0.1199,4,692,0.0175,0.0175,1,0.0405,0
warning IPIP,2,0.12,0.1199,5,692,0.0000,-0.0117,1,0.0462,0
warning IPIP,2,0.12,0.1199,6,692,0.0000,-0.0202,0,0.0361,0
warning IPIP,2,0.12,0.1199,7,692,0.0828,0.0828,1,0.0723,0
warning IPIP,2,0.12,0.1199,8,692,0.0000,-0.0615,0,0.0332,0
warning IPIP,2,0.12,0.1199,9,692,0.0000,-0.0220,0,0.0332,0
warning IPIP,2,0.16,0.1600,0,725,0.0000,-0.0345,0,0.0414,0
warning IPIP,2,0.16,0.1600,1,725,0.0000,-0.0197,1,0.0428,0
warning IPIP,2,0.16,0.1600,2,725,0.0000,-0.0377,0,0.0441,0
warning IPIP,2,0.16,0.1600,3,725,0.0000,-0.0148,1,0.0386,0
warning IPIP,2,0.16,0.1600,4,725,0.0623,0.0623,1,0.0552,0
warning IPIP,2,0.16,0.1600,5,725,0.0000,-0.0541,0,0.0386,0
warning IPIP,2,0.16,0.1600,6,725,0.0000,-0.0279,0,0.0441,0
warning IPIP,2,0.16,0.1600,7,725,0.0000,-0.0410,0,0.0414,0
warning IPIP,2,0.16,0.1600,8,725,0.0000,-0.0443,0,0.0469,0
warning IPIP,2,0.16,0.1600,9,725,0.0000,-0.0132,1,0.0359,0
warning IPIP,2,0.20,0.2000,0,765,0.0000,-0.0674,0,0.0340,0
warning IPIP,2,0.20,0.2000,1,765,0.0000,-0.0534,0,0.0366,0
warning IPIP,2,0.20,0.2000,2,765,0.0000,-0.0845,0,0.0301,0
warning IPIP,2,0.20,0.2000,3,765,0.0000,-0.0581,0,0.0418,0
warning IPIP,2,0.20,0.2000,4,765,0.0000,-0.0767,0,0.0327,0
warning IPIP,2,0.20,0.2000,5,765,0.0000,-0.0658,0,0.0340,0
warning IPIP,2,0.20,0.2000,6,765,0.0000,-0.0441,0,0.0405,0
warning IPIP,2,0.20,0.2000,7,765,0.0000,-0.0565,0,0.0392,0
warning IPIP,2,0.20,0.2000,8,765,0.0000,-0.0643,0,0.0392,0
warning IPIP,2,0.20,0.2000,9,765,0.0000,-0.0487,0,0.0353,0
warning IPIP,2,0.25,0.2500,0,796,0.0000,-0.0676,0,0.0364,0
warning IPIP,2,0.25,0.2500,1,796,0.0000,-0.0617,0,0.0364,0
warning IPIP,2,0.25,0.2500,2,796,0.0000,-0.0766,0,0.0352,0
warning IPIP,2,0.25,0.2500,3,796,0.0000,-0.0751,0,0.0352,0
warning IPIP,2,0.25,0.2500,4,796,0.0000,-0.0527,0,0.0402,0
warning IPIP,2,0.25,0.2500,5,796,0.0000,-0.0572,0,0.0402,0
warning IPIP,2,0.25,0.2500,6,796,0.0000,-0.0751,0,0.0364,0
warning IPIP,2,0.25,0.2500,7,796,0.0000,-0.0497,0,0.0402,0
warning IPIP,2,0.25,0.2500,8,796,0.0000,-0.0602,0,0.0402,0
warning IPIP,2,0.25,0.2500,9,796,0.0000,-0.0811,0,0.0352,0
warning IPIP,2,0.30,0.3002,0,663,0.0000,-0.0523,0,0.0422,0
warning IPIP,2,0.30,0.3002,1,663,0.0000,-0.0380,0,0.0437,0
warning IPIP,2,0.30,0.3002,2,663,0.0000,-0.0918,0,0.0377,0
warning IPIP,2,0.30,0.3002,3,663,0.0000,-0.0219,0,0.0483,0
warning IPIP,2,0.30,0.3002,4,663,0.0000,-0.0308,0,0.0468,0
warning IPIP,2,0.30,0.3002,5,663,0.0000,-0.0613,0,0.0422,0
warning IPIP,2,0.30,0.3002,6,663,0.0000,-0.0434,0,0.0437,0
warning IPIP,2,0.30,0.3002,7,663,0.0000,-0.0416,0,0.0437,0
warning IPIP,2,0.30,0.3002,8,663,0.0000,-0.0165,1,0.0543,0
warning IPIP,2,0.30,0.3002,9,663,0.0000,-0.0989,0,0.0362,0
warning IPIP,2,0.35,0.3497,0,569,0.0000,-0.0674,0,0.0457,0
warning IPIP,2,0.35,0.3497,1,569,0.0000,-0.0528,0,0.0439,0
warning IPIP,2,0.35,0.3497,2,569,0.0000,-0.0612,0,0.0422,0
warning IPIP,2,0.35,0.3497,3,569,0.0000,-0.0570,0,0.0404,0
warning IPIP,2,0.35,0.3497,4,569,0.0000,-0.0779,0,0.0387,0
warning IPIP,2,0.35,0.3497,5,569,0.0000,-0.0674,0,0.0457,0
warning IPIP,2,0.35,0.3497,6,569,0.0000,-0.0904,0,0.0387,0
warning IPIP,2,0.35,0.3497,7,569,0.0000,-0.0841,0,0.0299,0
warning IPIP,2,0.35,0.3497,8,569,0.0000,-0.0612,0,0.0439,0
warning IPIP,2,0.35,0.3497,9,569,0.0000,-0.0194,1,0.0545,0
warning IPIP,2,0.40,0.4004,0,497,0.0000,0.0000,0,0.0000,0
warning IPIP,2,0.40,0.4004,1,497,0.0000,0.0000,0,0.0000,0
warning IPIP,2,0.40,0.4004,2,497,0.0000,-0.0857,0,0.0382,0
warning IPIP,2,0.40,0.4004,3,497,0.0000,-0.0379,0,0.0503,0
warning IPIP,2,0.40,0.4004,4,497,0.0000,-0.0857,0,0.0463,0
warning IPIP,2,0.40,0.4004,5,497,0.0000,-0.0403,0,0.0463,0
warning IPIP,2,0.40,0.4004,6,497,0.0000,0.0000,0,0.0000,0
warning IPIP,2,0.40,0.4004,7,497,0.0000,-0.0714,0,0.0423,0
warning IPIP,2,0.40,0.4004,8,497,0.0000,-0.0857,0,0.0382,0
warning IPIP,2,0.40,0.4004,9,497,0.0000,-0.0714,0,0.0362,0
warning IPIP,3,0.02,0.0200,0,700,0.0000,-0.0239,0,0.0386,0
warning IPIP,3,0.02,0.0200,1,700,0.0000,-0.0052,1,0.0400,0
warning IPIP,3,0.02,0.0200,2,700,0.0000,-0.0612,0,0.0300,0
warning IPIP,3,0.02,0.0200,3,700,0.0000,-0.0222,0,0.0429,0
warning IPIP,3,0.02,0.0200,4,700,0.0848,0.0848,1,0.0629,0
warning IPIP,3,0.02,0.0200,5,700,0.0000,-0.0188,1,0.0371,0
warning IPIP,3,0.02,0.0200,6,700,0.0000,-0.0493,0,0.0300,0
warning IPIP,3,0.02,0.0200,7,700,0.0000,-0.0612,0,0.0300,0
warning IPIP,3,0.02,0.0200,8,700,0.0000,-0.0595,0,0.0314,0
warning IPIP,3,0.02,0.0200,9,700,0.0000,-0.0731,0,0.0271,0
warning IPIP,3,0.05,0.0500,0,760,0.0000,-0.0541,0,0.0316,0
warning IPIP,3,0.05,0.0500,1,760,0.0000,-0.0744,0,0.0342,0
warning IPIP,3,0.05,0.0500,2,760,0.0000,-0.0275,0,0.0421,0
warning IPIP,3,0.05,0.0500,3,760,0.0000,-0.0181,1,0.0434,0
warning IPIP,3,0.05,0.0500,4,760,0.0000,-0.0103,1,0.0461,0
warning IPIP,3,0.05,0.0500,5,760,0.0335,0.0335,1,0.0487,0
warning IPIP,3,0.05,0.0500,6,760,0.0000,-0.0556,0,0.0355,0
warning IPIP,3,0.05,0.0500,7,760,0.0000,-0.0291,0,0.0447,0
warning IPIP,3,0.05,0.0500,8,760,0.0000,-0.0259,0,0.0447,0
warning IPIP,3,0.05,0.0500,9,760,0.0000,-0.0431,0,0.0434,0
warning IPIP,3,0.08,0.0799,0,788,0.0000,-0.0468,0,0.0343,0
warning IPIP,3,0.08,0.0799,1,788,0.0000,-0.0935,0,0.0292,0
warning IPIP,3,0.08,0.0799,2,788,0.0000,-0.0694,0,0.0381,0
warning IPIP,3,0.08,0.0799,3,788,0.0000,-0.0890,0,0.0343,0
warning IPIP,3,0.08,0.0799,4,788,0.0000,-0.0664,0,0.0355,0
warning IPIP,3,0.08,0.0799,5,788,0.0000,-0.0061,1,0.0482,0
warning IPIP,3,0.08,0.0799,6,788,0.0000,-0.0619,0,0.0406,0
warning IPIP,3,0.08,0.0799,7,788,0.0000,-0.0453,0,0.0330,0
warning IPIP,3,0.08,0.0799,8,788,0.0000,-0.0905,0,0.0317,0
warning IPIP,3,0.08,0.0799,9,788,0.0000,-0.0920,0,0.0305,0
warning IPIP,3,0.12,0.1199,0,717,0.0000,-0.0460,0,0.0418,0
warning IPIP,3,0.12,0.1199,1,717,0.0000,-0.0576,0,0.0404,0
warning IPIP,3,0.12,0.1199,2,717,0.0000,-0.1040,0,0.0307,0
warning IPIP,3,0.12,0.1199,3,717,0.0000,-0.0427,0,0.0404,0
warning IPIP,3,0.12,0.1199,4,717,0.0000,-0.0742,0,0.0307,0
warning IPIP,3,0.12,0.1199,5,717,0.0000,-0.0676,0,0.0404,0
warning IPIP,3,0.12,0.1199,6,717,0.0000,-0.0477,0,0.0377,0
warning IPIP,3,0.12,0.1199,7,717,0.0000,-0.0642,0,0.0404,0
warning IPIP,3,0.12,0.1199,8,717,0.0000,-0.0792,0,0.0335,0
warning IPIP,3,0.12,0.1199,9,717,0.0000,-0.1024,0,0.0349,0
warning IPIP,3,0.16,0.1601,0,537,0.0000,-0.0801,0,0.0317,0
warning IPIP,3,0.16,0.1601,1,537,0.0000,-0.0823,0,0.0317,0
warning IPIP,3,0.16,0.1601,2,537,0.0000,-0.0779,0,0.0372,0
warning IPIP,3,0.16,0.1601,3,537,0.0000,-0.0713,0,0.0372,0
warning IPIP,3,0.16,0.1601,4,537,0.0000,-0.0646,0,0.0354,0
warning IPIP,3,0.16,0.1601,5,537,0.0000,-0.0912,0,0.0391,0
warning IPIP,3,0.16,0.1601,6,537,0.0000,-0.0248,0,0.0466,0
warning IPIP,3,0.16,0.1601,7,537,0.0000,-0.0868,0,0.0354,0
warning IPIP,3,0.16,0.1601,8,537,0.0000,-0.1067,0,0.0335,0
warning IPIP,3,0.16,0.1601,9,537,0.0000,-0.0071,1,0.0484,0
warning IPIP,3,0.20,0.2000,0,430,0.0000,-0.1084,0,0.0302,0
warning IPIP,3,0.20,0.2000,1,430,0.0000,-0.0780,0,0.0372,0
warning IPIP,3,0.20,0.2000,2,430,0.0000,0.0000,0,0.0000,0
warning IPIP,3,0.20,0.2000,3,430,0.0000,-0.1029,0,0.0326,0
warning IPIP,3,0.20,0.2000,4,430,0.0000,-0.0891,0,0.0442,0
warning IPIP,3,0.20,0.2000,5,430,0.0000,-0.0531,0,0.0419,0
warning IPIP,3,0.20,0.2000,6,430,0.0000,-0.0780,0,0.0395,0
warning IPIP,3,0.20,0.2000,7,430,0.0000,-0.0172,1,0.0465,0
warning IPIP,3,0.20,0.2000,8,430,0.0000,-0.1139,0,0.0349,0
warning IPIP,3,0.20,0.2000,9,430,0.0000,-0.0946,0,0.0349,0
warning IPIP,3,0.25,0.2500,0,344,0.0000,-0.0953,0,0.0320,0
warning IPIP,3,0.25,0.2500,1,344,0.0000,-0.0815,0,0.0349,0
warning IPIP,3,0.25,0.2500,2,344,0.0000,0.0000,0,0.0000,0
warning IPIP,3,0.25,0.2500,3,344,0.0000,0.0000,0,0.0000,0
warning IPIP,3,0.25,0.2500,4,344,0.0000,0.0000,0,0.0000,0
warning IPIP,3,0.25,0.2500,5,344,0.0000,0.0000,0,0.0000,0
warning IPIP,3,0.25,0.2500,6,344,0.0000,-0.0607,0,0.0407,0
warning IPIP,3,0.25,0.2500,7,344,0.0000,-0.1333,0,0.0203,0
warning IPIP,3,0.25,0.2500,8,344,0.0000,-0.0918,0,0.0320,0
warning IPIP,3,0.25,0.2500,9,344,0.0000,0.0000,0,0.0000,0
warning IPIP,3,0.30,0.2997,0,287,0.0000,-0.0685,0,0.0453,0
warning IPIP,3,0.30,0.2997,1,287,0.0000,0.0000,0,0.0000,0
warning IPIP,3,0.30,0.2997,2,287,0.0000,0.0000,0,0.0000,0
warning IPIP,3,0.30,0.2997,3,287,0.0000,0.0000,0,0.0000,0
warning IPIP,3,0.30,0.2997,4,287,0.0000,-0.1430,0,0.0209,0
warning IPIP,3,0.30,0.2997,5,287,0.0000,0.0000,0,0.0000,0
warning IPIP,3,0.30,0.2997,6,287,0.0000,0.0000,0,0.0000,0
warning IPIP,3,0.30,0.2997,7,287,0.0000,-0.0726,0,0.0453,0
warning IPIP,3,0.30,0.2997,8,287,0.0000,0.0000,0,0.0000,0
warning IPIP,3,0.30,0.2997,9,287,0.0000,0.0000,0,0.0000,0
warning IPIP,3,0.35,0.3496,0,246,0.0000,0.0000,0,0.0000,0
warning IPIP,3,0.35,0.3496,1,246,0.0000,-0.1209,0,0.0366,0
warning IPIP,3,0.35,0.3496,2,246,0.0000,0.0000,0,0.0000,0
warning IPIP,3,0.35,0.3496,3,246,0.0000,0.0000,0,0.0000,0
warning IPIP,3,0.35,0.3496,4,246,0.0000,0.0000,0,0.0000,0
warning IPIP,3,0.35,0.3496,5,246,0.0000,-0.0436,0,0.0528,0
warning IPIP,3,0.35,0.3496,6,246,0.0000,0.0000,0,0.0000,0
warning IPIP,3,0.35,0.3496,7,246,0.0000,0.0000,0,0.0000,0
warning IPIP,3,0.35,0.3496,8,246,0.0000,0.0000,0,0.0000,0
warning IPIP,3,0.35,0.3496,9,246,0.0000,-0.1161,0,0.0325,0
warning IPIP,3,0.40,0.4000,0,215,0.0000,0.0000,0,0.0000,0
warning IPIP,3,0.40,0.4000,1,215,0.0000,-0.0559,0,0.0512,0
warning IPIP,3,0.40,0.4000,2,215,0.0000,0.0000,0,0.0000,0
warning IPIP,3,0.40,0.4000,3,215,0.0000,0.0000,0,0.0000,0
warning IPIP,3,0.40,0.4000,4,215,0.0000,0.0000,0,0.0000,0
warning IPIP,3,0.40,0.4000,5,215,0.0000,0.0000,0,0.0000,0
warning IPIP,3,0.40,0.4000,6,215,0.0000,0.0000,0,0.0000,0
warning IPIP,3,0.40,0.4000,7,215,0.0000,0.0000,0,0.0000,0
warning IPIP,3,0.40,0.4000,8,215,0.0000,0.0000,0,0.0000,0
warning IPIP,3,0.40,0.4000,9,215,0.0000,0.0000,0,0.0000,0
smarvus,1,0.02,0.0200,0,1200,0.2651,0.2651,1,0.1233,0
smarvus,1,0.02,0.0200,1,1200,0.2443,0.2443,1,0.1242,0
smarvus,1,0.02,0.0200,2,1200,0.2254,0.2254,1,0.0967,0
smarvus,1,0.02,0.0200,3,1200,0.1096,0.1096,1,0.0717,0
smarvus,1,0.02,0.0200,4,1200,0.1838,0.1838,1,0.0975,0
smarvus,1,0.02,0.0200,5,1200,0.1799,0.1799,1,0.0950,0
smarvus,1,0.02,0.0200,6,1200,0.1125,0.1125,1,0.0600,0
smarvus,1,0.02,0.0200,7,1200,0.1660,0.1660,1,0.0792,0
smarvus,1,0.02,0.0200,8,1200,0.1759,0.1759,1,0.0733,0
smarvus,1,0.02,0.0200,9,1200,0.1115,0.1115,1,0.0667,0
smarvus,1,0.05,0.0500,0,1200,0.2591,0.2591,1,0.1550,0
smarvus,1,0.05,0.0500,1,1200,0.3255,0.3255,1,0.1750,0
smarvus,1,0.05,0.0500,2,1200,0.2661,0.2661,1,0.1283,0
smarvus,1,0.05,0.0500,3,1200,0.1888,0.1888,1,0.1033,0
smarvus,1,0.05,0.0500,4,1200,0.1908,0.1908,1,0.1050,0
smarvus,1,0.05,0.0500,5,1200,0.2472,0.2472,1,0.1150,0
smarvus,1,0.05,0.0500,6,1200,0.2096,0.2096,1,0.1108,0
smarvus,1,0.05,0.0500,7,1200,0.1749,0.1749,1,0.0917,0
smarvus,1,0.05,0.0500,8,1200,0.2690,0.2690,1,0.1217,0
smarvus,1,0.05,0.0500,9,1200,0.2611,0.2611,1,0.1325,0
smarvus,1,0.08,0.0800,0,1200,0.1363,0.1363,1,0.0892,0
smarvus,1,0.08,0.0800,1,1200,0.0670,0.0670,1,0.0633,0
smarvus,1,0.08,0.0800,2,1200,0.2096,0.2096,1,0.1192,0
smarvus,1,0.08,0.0800,3,1200,0.2146,0.2146,1,0.1300,0
smarvus,1,0.08,0.0800,4,1200,0.1660,0.1660,1,0.1050,0
smarvus,1,0.08,0.0800,5,1200,0.1373,0.1373,1,0.0892,0
smarvus,1,0.08,0.0800,6,1200,0.0997,0.0997,1,0.0717,0
smarvus,1,0.08,0.0800,7,1200,0.2453,0.2453,1,0.1175,0
smarvus,1,0.08,0.0800,8,1200,0.1571,0.1571,1,0.0875,0
smarvus,1,0.08,0.0800,9,1200,0.1838,0.1838,1,0.1017,0
smarvus,1,0.12,0.1200,0,1200,0.2126,0.2126,1,0.1450,0
smarvus,1,0.12,0.1200,1,1200,0.2284,0.2284,1,0.1275,0
smarvus,1,0.12,0.1200,2,1200,0.2096,0.2096,1,0.1158,0
smarvus,1,0.12,0.1200,3,1200,0.1997,0.1997,1,0.1400,0
smarvus,1,0.12,0.1200,4,1200,0.2472,0.2472,1,0.1517,0
smarvus,1,0.12,0.1200,5,1200,0.1848,0.1848,1,0.1292,0
smarvus,1,0.12,0.1200,6,1200,0.2779,0.2779,1,0.1717,0
smarvus,1,0.12,0.1200,7,1200,0.2552,0.2552,1,0.1475,0
smarvus,1,0.12,0.1200,8,1200,0.2076,0.2076,1,0.1267,0
smarvus,1,0.12,0.1200,9,1200,0.2037,0.2037,1,0.1050,0
smarvus,1,0.16,0.1600,0,1200,0.3235,0.3235,1,0.2000,0
smarvus,1,0.16,0.1600,1,1200,0.2542,0.2542,1,0.1558,0
smarvus,1,0.16,0.1600,2,1200,0.1630,0.1630,1,0.0800,0
smarvus,1,0.16,0.1600,3,1200,0.2037,0.2037,1,0.1358,0
smarvus,1,0.16,0.1600,4,1200,0.3195,0.3195,1,0.2025,0
smarvus,1,0.16,0.1600,5,1200,0.1581,0.1581,1,0.0942,0
smarvus,1,0.16,0.1600,6,1200,0.1918,0.1918,1,0.1233,0
smarvus,1,0.16,0.1600,7,1200,0.3067,0.3067,1,0.1783,0
smarvus,1,0.16,0.1600,8,1200,0.1710,0.1710,1,0.1283,0
smarvus,1,0.16,0.1600,9,1200,0.2116,0.2116,1,0.1350,0
smarvus,1,0.20,0.2000,0,1200,0.4097,0.4097,1,0.2650,1
smarvus,1,0.20,0.2000,1,1200,0.2581,0.2581,1,0.1617,0
smarvus,1,0.20,0.2000,2,1200,0.3215,0.3215,1,0.2083,0
smarvus,1,0.20,0.2000,3,1200,0.3453,0.3453,1,0.2150,0
smarvus,1,0.20,0.2000,4,1200,0.3354,0.3354,1,0.2225,0
smarvus,1,0.20,0.2000,5,1200,0.2254,0.2254,1,0.1533,0
smarvus,1,0.20,0.2000,6,1200,0.3839,0.3839,1,0.2358,0
smarvus,1,0.20,0.2000,7,1200,0.2056,0.2056,1,0.1442,0
smarvus,1,0.20,0.2000,8,1200,0.2086,0.2086,1,0.1358,0
smarvus,1,0.20,0.2000,9,1200,0.2571,0.2571,1,0.1667,0
smarvus,1,0.25,0.2500,0,1200,0.2532,0.2532,1,0.1608,0
smarvus,1,0.25,0.2500,1,1200,0.3909,0.3909,1,0.2517,0
smarvus,1,0.25,0.2500,2,1200,0.3621,0.3621,1,0.2325,0
smarvus,1,0.25,0.2500,3,1200,0.3423,0.3423,1,0.2017,0
smarvus,1,0.25,0.2500,4,1200,0.2482,0.2482,1,0.1608,0
smarvus,1,0.25,0.2500,5,1200,0.2938,0.2938,1,0.1900,0
smarvus,1,0.25,0.2500,6,1200,0.2958,0.2958,1,0.1950,0
smarvus,1,0.25,0.2500,7,1200,0.3265,0.3265,1,0.2175,0
smarvus,1,0.25,0.2500,8,1200,0.2571,0.2571,1,0.1550,0
smarvus,1,0.25,0.2500,9,1200,0.2344,0.2344,1,0.1550,0
smarvus,1,0.30,0.3000,0,1200,0.3176,0.3176,1,0.2025,0
smarvus,1,0.30,0.3000,1,1200,0.4206,0.4206,1,0.2750,1
smarvus,1,0.30,0.3000,2,1200,0.4117,0.4117,1,0.2967,1
smarvus,1,0.30,0.3000,3,1200,0.2502,0.2502,1,0.1292,0
smarvus,1,0.30,0.3000,4,1200,0.3661,0.3661,1,0.2458,0
smarvus,1,0.30,0.3000,5,1200,0.3483,0.3483,1,0.2308,0
smarvus,1,0.30,0.3000,6,1200,0.3195,0.3195,1,0.2000,0
smarvus,1,0.30,0.3000,7,1200,0.3413,0.3413,1,0.2150,0
smarvus,1,0.30,0.3000,8,1200,0.1957,0.1957,1,0.0875,0
smarvus,1,0.30,0.3000,9,1200,0.2898,0.2898,1,0.1733,0
smarvus,1,0.35,0.3500,0,1200,0.4166,0.4166,1,0.2867,1
smarvus,1,0.35,0.3500,1,1200,0.2978,0.2978,1,0.1875,0
smarvus,1,0.35,0.3500,2,1200,0.3592,0.3592,1,0.2400,0
smarvus,1,0.35,0.3500,3,1200,0.3493,0.3493,1,0.2208,0
smarvus,1,0.35,0.3500,4,1200,0.3344,0.3344,1,0.2342,0
smarvus,1,0.35,0.3500,5,1200,0.3899,0.3899,1,0.2625,0
smarvus,1,0.35,0.3500,6,1200,0.3245,0.3245,1,0.1983,0
smarvus,1,0.35,0.3500,7,1200,0.3116,0.3116,1,0.1892,0
smarvus,1,0.35,0.3500,8,1200,0.3988,0.3988,1,0.2842,0
smarvus,1,0.35,0.3500,9,1200,0.3215,0.3215,1,0.2233,0
smarvus,1,0.40,0.4000,0,1200,0.3136,0.3136,1,0.2192,0
smarvus,1,0.40,0.4000,1,1200,0.3384,0.3384,1,0.1800,0
smarvus,1,0.40,0.4000,2,1200,0.4275,0.4275,1,0.3108,1
smarvus,1,0.40,0.4000,3,1200,0.3928,0.3928,1,0.2750,0
smarvus,1,0.40,0.4000,4,1200,0.3978,0.3978,1,0.2850,0
smarvus,1,0.40,0.4000,5,1200,0.2878,0.2878,1,0.1350,0
smarvus,1,0.40,0.4000,6,1200,0.3839,0.3839,1,0.2550,0
smarvus,1,0.40,0.4000,7,1200,0.3889,0.3889,1,0.2625,0
smarvus,1,0.40,0.4000,8,1200,0.2344,0.2344,1,0.0983,0
smarvus,1,0.40,0.4000,9,1200,0.4542,0.4542,1,0.3142,1
smarvus,2,0.02,0.0200,0,1200,0.2304,0.2304,1,0.1283,0
smarvus,2,0.02,0.0200,1,1200,0.1096,0.1096,1,0.0667,0
smarvus,2,0.02,0.0200,2,1200,0.2611,0.2611,1,0.1100,0
smarvus,2,0.02,0.0200,3,1200,0.3819,0.3819,1,0.2050,0
smarvus,2,0.02,0.0200,4,1200,0.2552,0.2552,1,0.1517,0
smarvus,2,0.02,0.0200,5,1200,0.2968,0.2968,1,0.1575,0
smarvus,2,0.02,0.0200,6,1200,0.1799,0.1799,1,0.0817,0
smarvus,2,0.02,0.0200,7,1200,0.2522,0.2522,1,0.1308,0
smarvus,2,0.02,0.0200,8,1200,0.2096,0.2096,1,0.1042,0
smarvus,2,0.02,0.0200,9,1200,0.1056,0.1056,1,0.0675,0
smarvus,2,0.05,0.0500,0,1200,0.1115,0.1115,1,0.0775,0
smarvus,2,0.05,0.0500,1,1200,0.2928,0.2928,1,0.1592,0
smarvus,2,0.05,0.0500,2,1200,0.3988,0.3988,1,0.2350,0
smarvus,2,0.05,0.0500,3,1200,0.2502,0.2502,1,0.1458,0
smarvus,2,0.05,0.0500,4,1200,0.1898,0.1898,1,0.1200,0
smarvus,2,0.05,0.0500,5,1200,0.2155,0.2155,1,0.1275,0
smarvus,2,0.05,0.0500,6,1200,0.1888,0.1888,1,0.0950,0
smarvus,2,0.05,0.0500,7,1200,0.3037,0.3037,1,0.1708,0
smarvus,2,0.05,0.0500,8,1200,0.1838,0.1838,1,0.0850,0
smarvus,2,0.05,0.0500,9,1200,0.2799,0.2799,1,0.1633,0
smarvus,2,0.08,0.0800,0,1200,0.2155,0.2155,1,0.1383,0
smarvus,2,0.08,0.0800,1,1200,0.2363,0.2363,1,0.1350,0
smarvus,2,0.08,0.0800,2,1200,0.2007,0.2007,1,0.1258,0
smarvus,2,0.08,0.0800,3,1200,0.1571,0.1571,1,0.1092,0
smarvus,2,0.08,0.0800,4,1200,0.2344,0.2344,1,0.1383,0
smarvus,2,0.08,0.0800,5,1200,0.2195,0.2195,1,0.1433,0
smarvus,2,0.08,0.0800,6,1200,0.2542,0.2542,1,0.1425,0
smarvus,2,0.08,0.0800,7,1200,0.3156,0.3156,1,0.1842,0
smarvus,2,0.08,0.0800,8,1200,0.2076,0.2076,1,0.1242,0
smarvus,2,0.08,0.0800,9,1200,0.2651,0.2651,1,0.1733,0
smarvus,2,0.12,0.1200,0,1200,0.2165,0.2165,1,0.1508,0
smarvus,2,0.12,0.1200,1,1200,0.3730,0.3730,1,0.2333,0
smarvus,2,0.12,0.1200,2,1200,0.2888,0.2888,1,0.2008,0
smarvus,2,0.12,0.1200,3,1200,0.2096,0.2096,1,0.1325,0
smarvus,2,0.12,0.1200,4,1200,0.3403,0.3403,1,0.2375,0
smarvus,2,0.12,0.1200,5,1200,0.2859,0.2859,1,0.1842,0
smarvus,2,0.12,0.1200,6,1200,0.3334,0.3334,1,0.2167,0
smarvus,2,0.12,0.1200,7,1200,0.2641,0.2641,1,0.1817,0
smarvus,2,0.12,0.1200,8,1200,0.1769,0.1769,1,0.1008,0
smarvus,2,0.12,0.1200,9,1200,0.1888,0.1888,1,0.1467,0
smarvus,2,0.16,0.1600,0,1200,0.1779,0.1779,1,0.1000,0
smarvus,2,0.16,0.1600,1,1200,0.3106,0.3106,1,0.1958,0
smarvus,2,0.16,0.1600,2,1200,0.3661,0.3661,1,0.2383,0
smarvus,2,0.16,0.1600,3,1200,0.3423,0.3423,1,0.2592,0
smarvus,2,0.16,0.1600,4,1200,0.2750,0.2750,1,0.1958,0
smarvus,2,0.16,0.1600,5,1200,0.3017,0.3017,1,0.2108,0
smarvus,2,0.16,0.1600,6,1200,0.2789,0.2789,1,0.1742,0
smarvus,2,0.16,0.1600,7,1200,0.2651,0.2651,1,0.1617,0
smarvus,2,0.16,0.1600,8,1200,0.2888,0.2888,1,0.2042,0
smarvus,2,0.16,0.1600,9,1200,0.2987,0.2987,1,0.1783,0
smarvus,2,0.20,0.2000,0,1200,0.2126,0.2126,1,0.1292,0
smarvus,2,0.20,0.2000,1,1200,0.3502,0.3502,1,0.2508,0
smarvus,2,0.20,0.2000,2,1200,0.3869,0.3869,1,0.2600,0
smarvus,2,0.20,0.2000,3,1200,0.3453,0.3453,1,0.2233,0
smarvus,2,0.20,0.2000,4,1200,0.3720,0.3720,1,0.2650,0
smarvus,2,0.20,0.2000,5,1200,0.3740,0.3740,1,0.2608,0
smarvus,2,0.20,0.2000,6,1200,0.3740,0.3740,1,0.2550,0
smarvus,2,0.20,0.2000,7,1200,0.3096,0.3096,1,0.1983,0
smarvus,2,0.20,0.2000,8,1200,0.2760,0.2760,1,0.1758,0
smarvus,2,0.20,0.2000,9,1200,0.2106,0.2106,1,0.1183,0
smarvus,2,0.25,0.2500,0,1200,0.3681,0.3681,1,0.2542,0
smarvus,2,0.25,0.2500,1,1200,0.3988,0.3988,1,0.2875,0
smarvus,2,0.25,0.2500,2,1200,0.3839,0.3839,1,0.2725,0
smarvus,2,0.25,0.2500,3,1200,0.3096,0.3096,1,0.2450,0
smarvus,2,0.25,0.2500,4,1200,0.3285,0.3285,1,0.2333,0
smarvus,2,0.25,0.2500,5,1200,0.3195,0.3195,1,0.2217,0
smarvus,2,0.25,0.2500,6,1200,0.3928,0.3928,1,0.2625,0
smarvus,2,0.25,0.2500,7,1200,0.3304,0.3304,1,0.2275,0
smarvus,2,0.25,0.2500,8,1200,0.3037,0.3037,1,0.2008,0
smarvus,2,0.25,0.2500,9,1200,0.3136,0.3136,1,0.2158,0
smarvus,2,0.30,0.3000,0,1200,0.4434,0.4434,1,0.3425,1
smarvus,2,0.30,0.3000,1,1200,0.3899,0.3899,1,0.2792,0
smarvus,2,0.30,0.3000,2,1200,0.3512,0.3512,1,0.2500,0
smarvus,2,0.30,0.3000,3,1200,0.4404,0.4404,1,0.3217,1
smarvus,2,0.30,0.3000,4,1200,0.3314,0.3314,1,0.2383,0
smarvus,2,0.30,0.3000,5,1200,0.3344,0.3344,1,0.2042,0
smarvus,2,0.30,0.3000,6,1200,0.3760,0.3760,1,0.2650,0
smarvus,2,0.30,0.3000,7,1200,0.4285,0.4285,1,0.3033,1
smarvus,2,0.30,0.3000,8,1200,0.3780,0.3780,1,0.2567,0
smarvus,2,0.30,0.3000,9,1200,0.3126,0.3126,1,0.1817,0
smarvus,2,0.35,0.3500,0,1180,0.3815,0.3815,1,0.2890,0
smarvus,2,0.35,0.3500,1,1180,0.4359,0.4359,1,0.3203,1
smarvus,2,0.35,0.3500,2,1180,0.4369,0.4369,1,0.3458,1
smarvus,2,0.35,0.3500,3,1180,0.4631,0.4631,1,0.3568,1
smarvus,2,0.35,0.3500,4,1180,0.4158,0.4158,1,0.2958,1
smarvus,2,0.35,0.3500,5,1180,0.4400,0.4400,1,0.3449,1
smarvus,2,0.35,0.3500,6,1180,0.3856,0.3856,1,0.2661,0
smarvus,2,0.35,0.3500,7,1180,0.4269,0.4269,1,0.3220,1
smarvus,2,0.35,0.3500,8,1180,0.3594,0.3594,1,0.2254,0
smarvus,2,0.35,0.3500,9,1180,0.3946,0.3946,1,0.2847,0
smarvus,2,0.40,0.4002,0,1032,0.4092,0.4092,1,0.3188,1
smarvus,2,0.40,0.4002,1,1032,0.3977,0.3977,1,0.2946,0
smarvus,2,0.40,0.4002,2,1032,0.4357,0.4357,1,0.3430,1
smarvus,2,0.40,0.4002,3,1032,0.4287,0.4287,1,0.3295,1
smarvus,2,0.40,0.4002,4,1032,0.4483,0.4483,1,0.3469,1
smarvus,2,0.40,0.4002,5,1032,0.3424,0.3424,1,0.1560,0
smarvus,2,0.40,0.4002,6,1032,0.4172,0.4172,1,0.2878,1
smarvus,2,0.40,0.4002,7,1032,0.4691,0.4691,1,0.3537,1
smarvus,2,0.40,0.4002,8,1032,0.4380,0.4380,1,0.3004,1
smarvus,2,0.40,0.4002,9,1032,0.3838,0.3838,1,0.2626,0
smarvus,3,0.02,0.0200,0,1200,0.3255,0.3255,1,0.1742,0
smarvus,3,0.02,0.0200,1,1200,0.1621,0.1621,1,0.1025,0
smarvus,3,0.02,0.0200,2,1200,0.2522,0.2522,1,0.1417,0
smarvus,3,0.02,0.0200,3,1200,0.2700,0.2700,1,0.1517,0
smarvus,3,0.02,0.0200,4,1200,0.2274,0.2274,1,0.1217,0
smarvus,3,0.02,0.0200,5,1200,0.2522,0.2522,1,0.1358,0
smarvus,3,0.02,0.0200,6,1200,0.0135,0.0135,1,0.0283,0
smarvus,3,0.02,0.0200,7,1200,0.2809,0.2809,1,0.1475,0
smarvus,3,0.02,0.0200,8,1200,0.0640,0.0640,1,0.0442,0
smarvus,3,0.02,0.0200,9,1200,0.1759,0.1759,1,0.0933,0
smarvus,3,0.05,0.0500,0,1200,0.3017,0.3017,1,0.1983,0
smarvus,3,0.05,0.0500,1,1200,0.2423,0.2423,1,0.1300,0
smarvus,3,0.05,0.0500,2,1200,0.3285,0.3285,1,0.2067,0
smarvus,3,0.05,0.0500,3,1200,0.2116,0.2116,1,0.1250,0
smarvus,3,0.05,0.0500,4,1200,0.2651,0.2651,1,0.1667,0
smarvus,3,0.05,0.0500,5,1200,0.3186,0.3186,1,0.2075,0
smarvus,3,0.05,0.0500,6,1200,0.2571,0.2571,1,0.1408,0
smarvus,3,0.05,0.0500,7,1200,0.3096,0.3096,1,0.1758,0
smarvus,3,0.05,0.0500,8,1200,0.2165,0.2165,1,0.1167,0
smarvus,3,0.05,0.0500,9,1200,0.1848,0.1848,1,0.1092,0
smarvus,3,0.08,0.0800,0,1200,0.2363,0.2363,1,0.1500,0
smarvus,3,0.08,0.0800,1,1200,0.2007,0.2007,1,0.1392,0
smarvus,3,0.08,0.0800,2,1200,0.2393,0.2393,1,0.1517,0
smarvus,3,0.08,0.0800,3,1200,0.3027,0.3027,1,0.1833,0
smarvus,3,0.08,0.0800,4,1200,0.1829,0.1829,1,0.1350,0
smarvus,3,0.08,0.0800,5,1200,0.2680,0.2680,1,0.1625,0
smarvus,3,0.08,0.0800,6,1200,0.2898,0.2898,1,0.1900,0
smarvus,3,0.08,0.0800,7,1200,0.2869,0.2869,1,0.1717,0
smarvus,3,0.08,0.0800,8,1200,0.1749,0.1749,1,0.0958,0
smarvus,3,0.08,0.0800,9,1200,0.2383,0.2383,1,0.1458,0
smarvus,3,0.12,0.1200,0,1200,0.2611,0.2611,1,0.1850,0
smarvus,3,0.12,0.1200,1,1200,0.2185,0.2185,1,0.1475,0
smarvus,3,0.12,0.1200,2,1200,0.2888,0.2888,1,0.2108,0
smarvus,3,0.12,0.1200,3,1200,0.3136,0.3136,1,0.2000,0
smarvus,3,0.12,0.1200,4,1200,0.1680,0.1680,1,0.1300,0
smarvus,3,0.12,0.1200,5,1200,0.2859,0.2859,1,0.2033,0
smarvus,3,0.12,0.1200,6,1200,0.4087,0.4087,1,0.2608,1
smarvus,3,0.12,0.1200,7,1200,0.3572,0.3572,1,0.2342,0
smarvus,3,0.12,0.1200,8,1200,0.2908,0.2908,1,0.1775,0
smarvus,3,0.12,0.1200,9,1200,0.2136,0.2136,1,0.1275,0
smarvus,3,0.16,0.1600,0,1200,0.2126,0.2126,1,0.1342,0
smarvus,3,0.16,0.1600,1,1200,0.3294,0.3294,1,0.2250,0
smarvus,3,0.16,0.1600,2,1200,0.3027,0.3027,1,0.2300,0
smarvus,3,0.16,0.1600,3,1200,0.3710,0.3710,1,0.2500,0
smarvus,3,0.16,0.1600,4,1200,0.4067,0.4067,1,0.2792,1
smarvus,3,0.16,0.1600,5,1200,0.3631,0.3631,1,0.2450,0
smarvus,3,0.16,0.1600,6,1200,0.2363,0.2363,1,0.1617,0
smarvus,3,0.16,0.1600,7,1200,0.2829,0.2829,1,0.1850,0
smarvus,3,0.16,0.1600,8,1200,0.2730,0.2730,1,0.1900,0
smarvus,3,0.16,0.1600,9,1200,0.3562,0.3562,1,0.2567,0
smarvus,3,0.20,0.2000,0,1200,0.2978,0.2978,1,0.2175,0
smarvus,3,0.20,0.2000,1,1200,0.2928,0.2928,1,0.2017,0
smarvus,3,0.20,0.2000,2,1200,0.3869,0.3869,1,0.2692,0
smarvus,3,0.20,0.2000,3,1200,0.3780,0.3780,1,0.2700,0
smarvus,3,0.20,0.2000,4,1200,0.3631,0.3631,1,0.2733,0
smarvus,3,0.20,0.2000,5,1200,0.3562,0.3562,1,0.2567,0
smarvus,3,0.20,0.2000,6,1200,0.2799,0.2799,1,0.2042,0
smarvus,3,0.20,0.2000,7,1200,0.2720,0.2720,1,0.1983,0
smarvus,3,0.20,0.2000,8,1200,0.2958,0.2958,1,0.2167,0
smarvus,3,0.20,0.2000,9,1200,0.3235,0.3235,1,0.2350,0
smarvus,3,0.25,0.2500,0,1184,0.3736,0.3736,1,0.2863,0
smarvus,3,0.25,0.2500,1,1184,0.3475,0.3475,1,0.2610,0
smarvus,3,0.25,0.2500,2,1184,0.3425,0.3425,1,0.2399,0
smarvus,3,0.25,0.2500,3,1184,0.4077,0.4077,1,0.2998,1
smarvus,3,0.25,0.2500,4,1184,0.3515,0.3515,1,0.2593,0
smarvus,3,0.25,0.2500,5,1184,0.4117,0.4117,1,0.2939,1
smarvus,3,0.25,0.2500,6,1184,0.3465,0.3465,1,0.2542,0
smarvus,3,0.25,0.2500,7,1184,0.2993,0.2993,1,0.1951,0
smarvus,3,0.25,0.2500,8,1184,0.2712,0.2712,1,0.1453,0
smarvus,3,0.25,0.2500,9,1184,0.2903,0.2903,1,0.2086,0
smarvus,3,0.30,0.2999,0,987,0.3726,0.3726,1,0.2999,0
smarvus,3,0.30,0.2999,1,987,0.3919,0.3919,1,0.2867,0
smarvus,3,0.30,0.2999,2,987,0.3774,0.3774,1,0.2837,0
smarvus,3,0.30,0.2999,3,987,0.3606,0.3606,1,0.2877,0
smarvus,3,0.30,0.2999,4,987,0.4027,0.4027,1,0.2989,1
smarvus,3,0.30,0.2999,5,987,0.4003,0.4003,1,0.3242,1
smarvus,3,0.30,0.2999,6,987,0.3786,0.3786,1,0.2969,0
smarvus,3,0.30,0.2999,7,987,0.3774,0.3774,1,0.2827,0
smarvus,3,0.30,0.2999,8,987,0.3124,0.3124,1,0.2229,0
smarvus,3,0.30,0.2999,9,987,0.3798,0.3798,1,0.2979,0
smarvus,3,0.35,0.3499,0,846,0.3270,0.3270,1,0.2151,0
smarvus,3,0.35,0.3499,1,846,0.4043,0.4043,1,0.3191,1
smarvus,3,0.35,0.3499,2,846,0.3931,0.3931,1,0.3227,0
smarvus,3,0.35,0.3499,3,846,0.4310,0.4310,1,0.3262,1
smarvus,3,0.35,0.3499,4,846,0.4394,0.4394,1,0.3558,1
smarvus,3,0.35,0.3499,5,846,0.4043,0.4043,1,0.2872,1
smarvus,3,0.35,0.3499,6,846,0.4057,0.4057,1,0.3156,1
smarvus,3,0.35,0.3499,7,846,0.4394,0.4394,1,0.3322,1
smarvus,3,0.35,0.3499,8,846,0.3931,0.3931,1,0.3121,0
smarvus,3,0.35,0.3499,9,846,0.4170,0.4170,1,0.3144,1
smarvus,3,0.40,0.4000,0,740,0.4346,0.4346,1,0.3284,1
smarvus,3,0.40,0.4000,1,740,0.4812,0.4812,1,0.3905,1
smarvus,3,0.40,0.4000,2,740,0.4764,0.4764,1,0.4041,1
smarvus,3,0.40,0.4000,3,740,0.5005,0.5005,1,0.3946,1
smarvus,3,0.40,0.4000,4,740,0.4314,0.4314,1,0.3500,1
smarvus,3,0.40,0.4000,5,740,0.3880,0.3880,1,0.2392,0
smarvus,3,0.40,0.4000,6,740,0.4732,0.4732,1,0.3716,1
smarvus,3,0.40,0.4000,7,740,0.4105,0.4105,1,0.3054,1
smarvus,3,0.40,0.4000,8,740,0.4539,0.4539,1,0.3419,1
smarvus,3,0.40,0.4000,9,740,0.5230,0.5230,1,0.4392,1
smarvus,4,0.02,0.0200,0,1200,0.3156,0.3156,1,0.1850,0
smarvus,4,0.02,0.0200,1,1200,0.1670,0.1670,1,0.1067,0
smarvus,4,0.02,0.0200,2,1200,0.2908,0.2908,1,0.1525,0
smarvus,4,0.02,0.0200,3,1200,0.2205,0.2205,1,0.1300,0
smarvus,4,0.02,0.0200,4,1200,0.2690,0.2690,1,0.1492,0
smarvus,4,0.02,0.0200,5,1200,0.1769,0.1769,1,0.1042,0
smarvus,4,0.02,0.0200,6,1200,0.2700,0.2700,1,0.1575,0
smarvus,4,0.02,0.0200,7,1200,0.2403,0.2403,1,0.1367,0
smarvus,4,0.02,0.0200,8,1200,0.1541,0.1541,1,0.0800,0
smarvus,4,0.02,0.0200,9,1200,0.2185,0.2185,1,0.1017,0
smarvus,4,0.05,0.0500,0,1200,0.2710,0.2710,1,0.1567,0
smarvus,4,0.05,0.0500,1,1200,0.2037,0.2037,1,0.1317,0
smarvus,4,0.05,0.0500,2,1200,0.2670,0.2670,1,0.1717,0
smarvus,4,0.05,0.0500,3,1200,0.2680,0.2680,1,0.1683,0
smarvus,4,0.05,0.0500,4,1200,0.1789,0.1789,1,0.1192,0
smarvus,4,0.05,0.0500,5,1200,0.2571,0.2571,1,0.1592,0
smarvus,4,0.05,0.0500,6,1200,0.1838,0.1838,1,0.1142,0
smarvus,4,0.05,0.0500,7,1200,0.3403,0.3403,1,0.2142,0
smarvus,4,0.05,0.0500,8,1200,0.3077,0.3077,1,0.1792,0
smarvus,4,0.05,0.0500,9,1200,0.1581,0.1581,1,0.1092,0
smarvus,4,0.08,0.0800,0,1200,0.3403,0.3403,1,0.2133,0
smarvus,4,0.08,0.0800,1,1200,0.1938,0.1938,1,0.1292,0
smarvus,4,0.08,0.0800,2,1200,0.1829,0.1829,1,0.1333,0
smarvus,4,0.08,0.0800,3,1200,0.2542,0.2542,1,0.1642,0
smarvus,4,0.08,0.0800,4,1200,0.2254,0.2254,1,0.1583,0
smarvus,4,0.08,0.0800,5,1200,0.2274,0.2274,1,0.1700,0
smarvus,4,0.08,0.0800,6,1200,0.3542,0.3542,1,0.2225,0
smarvus,4,0.08,0.0800,7,1200,0.2898,0.2898,1,0.1875,0
smarvus,4,0.08,0.0800,8,1200,0.2324,0.2324,1,0.1558,0
smarvus,4,0.08,0.0800,9,1200,0.2373,0.2373,1,0.1442,0
smarvus,4,0.12,0.1200,0,1200,0.2730,0.2730,1,0.1867,0
smarvus,4,0.12,0.1200,1,1200,0.3106,0.3106,1,0.2025,0
smarvus,4,0.12,0.1200,2,1200,0.2829,0.2829,1,0.1900,0
smarvus,4,0.12,0.1200,3,1200,0.2918,0.2918,1,0.1867,0
smarvus,4,0.12,0.1200,4,1200,0.3671,0.3671,1,0.2400,0
smarvus,4,0.12,0.1200,5,1200,0.2571,0.2571,1,0.1675,0
smarvus,4,0.12,0.1200,6,1200,0.3146,0.3146,1,0.2042,0
smarvus,4,0.12,0.1200,7,1200,0.2898,0.2898,1,0.2192,0
smarvus,4,0.12,0.1200,8,1200,0.2938,0.2938,1,0.1958,0
smarvus,4,0.12,0.1200,9,1200,0.3403,0.3403,1,0.2142,0
smarvus,4,0.16,0.1600,0,1200,0.3463,0.3463,1,0.2458,0
smarvus,4,0.16,0.1600,1,1200,0.3344,0.3344,1,0.2300,0
smarvus,4,0.16,0.1600,2,1200,0.3849,0.3849,1,0.2608,0
smarvus,4,0.16,0.1600,3,1200,0.2720,0.2720,1,0.1800,0
smarvus,4,0.16,0.1600,4,1200,0.2294,0.2294,1,0.1700,0
smarvus,4,0.16,0.1600,5,1200,0.2690,0.2690,1,0.1725,0
smarvus,4,0.16,0.1600,6,1200,0.2462,0.2462,1,0.1808,0
smarvus,4,0.16,0.1600,7,1200,0.3324,0.3324,1,0.2183,0
smarvus,4,0.16,0.1600,8,1200,0.3453,0.3453,1,0.2258,0
smarvus,4,0.16,0.1600,9,1200,0.3542,0.3542,1,0.2408,0
smarvus,4,0.20,0.2000,0,1085,0.3263,0.3263,1,0.2276,0
smarvus,4,0.20,0.2000,1,1085,0.3657,0.3657,1,0.2728,0
smarvus,4,0.20,0.2000,2,1085,0.3613,0.3613,1,0.2498,0
smarvus,4,0.20,0.2000,3,1085,0.3351,0.3351,1,0.2369,0
smarvus,4,0.20,0.2000,4,1085,0.3219,0.3219,1,0.2313,0
smarvus,4,0.20,0.2000,5,1085,0.3559,0.3559,1,0.2618,0
smarvus,4,0.20,0.2000,6,1085,0.1883,0.1883,1,0.1060,0
smarvus,4,0.20,0.2000,7,1085,0.3624,0.3624,1,0.2488,0
smarvus,4,0.20,0.2000,8,1085,0.3252,0.3252,1,0.2221,0
smarvus,4,0.20,0.2000,9,1085,0.3811,0.3811,1,0.2700,0
smarvus,4,0.25,0.2500,0,868,0.3277,0.3277,1,0.2684,0
smarvus,4,0.25,0.2500,1,868,0.4276,0.4276,1,0.3191,1
smarvus,4,0.25,0.2500,2,868,0.3934,0.3934,1,0.3007,0
smarvus,4,0.25,0.2500,3,868,0.3961,0.3961,1,0.3111,0
smarvus,4,0.25,0.2500,4,868,0.3783,0.3783,1,0.2581,0
smarvus,4,0.25,0.2500,5,868,0.3633,0.3633,1,0.2661,0
smarvus,4,0.25,0.2500,6,868,0.3359,0.3359,1,0.2316,0
smarvus,4,0.25,0.2500,7,868,0.4755,0.4755,1,0.3353,1
smarvus,4,0.25,0.2500,8,868,0.2729,0.2729,1,0.1532,0
smarvus,4,0.25,0.2500,9,868,0.4221,0.4221,1,0.3157,1
smarvus,4,0.30,0.3001,0,723,0.3967,0.3967,1,0.2863,0
smarvus,4,0.30,0.3001,1,723,0.4411,0.4411,1,0.3485,1
smarvus,4,0.30,0.3001,2,723,0.4345,0.4345,1,0.3250,1
smarvus,4,0.30,0.3001,3,723,0.4559,0.4559,1,0.3430,1
smarvus,4,0.30,0.3001,4,723,0.4148,0.4148,1,0.3167,1
smarvus,4,0.30,0.3001,5,723,0.4904,0.4904,1,0.3707,1
smarvus,4,0.30,0.3001,6,723,0.3474,0.3474,1,0.2116,0
smarvus,4,0.30,0.3001,7,723,0.3786,0.3786,1,0.2905,0
smarvus,4,0.30,0.3001,8,723,0.4213,0.4213,1,0.3001,1
smarvus,4,0.30,0.3001,9,723,0.4427,0.4427,1,0.3195,1
smarvus,4,0.35,0.3500,0,620,0.3942,0.3942,1,0.3177,0
smarvus,4,0.35,0.3500,1,620,0.4881,0.4881,1,0.3839,1
smarvus,4,0.35,0.3500,2,620,0.4249,0.4249,1,0.3435,1
smarvus,4,0.35,0.3500,3,620,0.4575,0.4575,1,0.3613,1
smarvus,4,0.35,0.3500,4,620,0.3923,0.3923,1,0.2935,0
smarvus,4,0.35,0.3500,5,620,0.3904,0.3904,1,0.3000,0
smarvus,4,0.35,0.3500,6,620,0.4287,0.4287,1,0.3177,1
smarvus,4,0.35,0.3500,7,620,0.4076,0.4076,1,0.3048,1
smarvus,4,0.35,0.3500,8,620,0.4632,0.4632,1,0.3629,1
smarvus,4,0.35,0.3500,9,620,0.4594,0.4594,1,0.3806,1
smarvus,4,0.40,0.4004,0,542,0.3640,0.3640,1,0.1956,0
smarvus,4,0.40,0.4004,1,542,0.4825,0.4825,1,0.4041,1
smarvus,4,0.40,0.4004,2,542,0.4386,0.4386,1,0.3708,1
smarvus,4,0.40,0.4004,3,542,0.4781,0.4781,1,0.3100,1
smarvus,4,0.40,0.4004,4,542,0.4452,0.4452,1,0.3579,1
smarvus,4,0.40,0.4004,5,542,0.4671,0.4671,1,0.3801,1
smarvus,4,0.40,0.4004,6,542,0.4737,0.4737,1,0.3395,1
smarvus,4,0.40,0.4004,7,542,0.4452,0.4452,1,0.2934,1
smarvus,4,0.40,0.4004,8,542,0.4254,0.4254,1,0.2952,1
smarvus,4,0.40,0.4004,9,542,0.4934,0.4934,1,0.4151,1
smarvus,5,0.02,0.0200,0,1200,0.3522,0.3522,1,0.2233,0
smarvus,5,0.02,0.0200,1,1200,0.1066,0.1066,1,0.0667,0
smarvus,5,0.02,0.0200,2,1200,0.2037,0.2037,1,0.1300,0
smarvus,5,0.02,0.0200,3,1200,0.2294,0.2294,1,0.1242,0
smarvus,5,0.02,0.0200,4,1200,0.1967,0.1967,1,0.1183,0
smarvus,5,0.02,0.0200,5,1200,0.3146,0.3146,1,0.1667,0
smarvus,5,0.02,0.0200,6,1200,0.1462,0.1462,1,0.0992,0
smarvus,5,0.02,0.0200,7,1200,0.1730,0.1730,1,0.1083,0
smarvus,5,0.02,0.0200,8,1200,0.2760,0.2760,1,0.1500,0
smarvus,5,0.02,0.0200,9,1200,0.2552,0.2552,1,0.1425,0
smarvus,5,0.05,0.0500,0,1200,0.2799,0.2799,1,0.1808,0
smarvus,5,0.05,0.0500,1,1200,0.2136,0.2136,1,0.1242,0
smarvus,5,0.05,0.0500,2,1200,0.3126,0.3126,1,0.1917,0
smarvus,5,0.05,0.0500,3,1200,0.2482,0.2482,1,0.1517,0
smarvus,5,0.05,0.0500,4,1200,0.3156,0.3156,1,0.1908,0
smarvus,5,0.05,0.0500,5,1200,0.2215,0.2215,1,0.1617,0
smarvus,5,0.05,0.0500,6,1200,0.1115,0.1115,1,0.0775,0
smarvus,5,0.05,0.0500,7,1200,0.3849,0.3849,1,0.2367,0
smarvus,5,0.05,0.0500,8,1200,0.2334,0.2334,1,0.1367,0
smarvus,5,0.05,0.0500,9,1200,0.1403,0.1403,1,0.0992,0
smarvus,5,0.08,0.0800,0,1200,0.3661,0.3661,1,0.2517,0
smarvus,5,0.08,0.0800,1,1200,0.3126,0.3126,1,0.1925,0
smarvus,5,0.08,0.0800,2,1200,0.3661,0.3661,1,0.2392,0
smarvus,5,0.08,0.0800,3,1200,0.2770,0.2770,1,0.1642,0
smarvus,5,0.08,0.0800,4,1200,0.2750,0.2750,1,0.1750,0
smarvus,5,0.08,0.0800,5,1200,0.3354,0.3354,1,0.2108,0
smarvus,5,0.08,0.0800,6,1200,0.3522,0.3522,1,0.2167,0
smarvus,5,0.08,0.0800,7,1200,0.3136,0.3136,1,0.1983,0
smarvus,5,0.08,0.0800,8,1200,0.3195,0.3195,1,0.1942,0
smarvus,5,0.08,0.0800,9,1200,0.2066,0.2066,1,0.1525,0
smarvus,5,0.12,0.1200,0,1108,0.2974,0.2974,1,0.2022,0
smarvus,5,0.12,0.1200,1,1108,0.3435,0.3435,1,0.2247,0
smarvus,5,0.12,0.1200,2,1108,0.3263,0.3263,1,0.2274,0
smarvus,5,0.12,0.1200,3,1108,0.4186,0.4186,1,0.2662,1
smarvus,5,0.12,0.1200,4,1108,0.3124,0.3124,1,0.2085,0
smarvus,5,0.12,0.1200,5,1108,0.2963,0.2963,1,0.2013,0
smarvus,5,0.12,0.1200,6,1108,0.4003,0.4003,1,0.2473,1
smarvus,5,0.12,0.1200,7,1108,0.2824,0.2824,1,0.1787,0
smarvus,5,0.12,0.1200,8,1108,0.3242,0.3242,1,0.2040,0
smarvus,5,0.12,0.1200,9,1108,0.2856,0.2856,1,0.1922,0
smarvus,5,0.16,0.1600,0,831,0.3392,0.3392,1,0.2587,0
smarvus,5,0.16,0.1600,1,831,0.2748,0.2748,1,0.1841,0
smarvus,5,0.16,0.1600,2,831,0.3535,0.3535,1,0.2359,0
smarvus,5,0.16,0.1600,3,831,0.3649,0.3649,1,0.2503,0
smarvus,5,0.16,0.1600,4,831,0.3707,0.3707,1,0.2575,0
smarvus,5,0.16,0.1600,5,831,0.2491,0.2491,1,0.1805,0
smarvus,5,0.16,0.1600,6,831,0.2691,0.2691,1,0.1829,0
smarvus,5,0.16,0.1600,7,831,0.3406,0.3406,1,0.2479,0
smarvus,5,0.16,0.1600,8,831,0.1862,0.1862,1,0.1071,0
smarvus,5,0.16,0.1600,9,831,0.2763,0.2763,1,0.1793,0
smarvus,5,0.20,0.2000,0,665,0.4281,0.4281,1,0.3038,1
smarvus,5,0.20,0.2000,1,665,0.3726,0.3726,1,0.2827,0
smarvus,5,0.20,0.2000,2,665,0.3315,0.3315,1,0.2331,0
smarvus,5,0.20,0.2000,3,665,0.3155,0.3155,1,0.2195,0
smarvus,5,0.20,0.2000,4,665,0.4120,0.4120,1,0.3188,1
smarvus,5,0.20,0.2000,5,665,0.3476,0.3476,1,0.2586,0
smarvus,5,0.20,0.2000,6,665,0.3726,0.3726,1,0.2526,0
smarvus,5,0.20,0.2000,7,665,0.3548,0.3548,1,0.2361,0
smarvus,5,0.20,0.2000,8,665,0.2904,0.2904,1,0.1835,0
smarvus,5,0.20,0.2000,9,665,0.3387,0.3387,1,0.2541,0
smarvus,5,0.25,0.2500,0,532,0.3990,0.3990,1,0.2293,0
smarvus,5,0.25,0.2500,1,532,0.2761,0.2761,1,0.2237,0
smarvus,5,0.25,0.2500,2,532,0.2471,0.2471,1,0.1523,0
smarvus,5,0.25,0.2500,3,532,0.3476,0.3476,1,0.2744,0
smarvus,5,0.25,0.2500,4,532,0.3878,0.3878,1,0.2895,0
smarvus,5,0.25,0.2500,5,532,0.1533,0.1533,1,0.0583,0
smarvus,5,0.25,0.2500,6,532,0.4839,0.4839,1,0.3647,1
smarvus,5,0.25,0.2500,7,532,0.3566,0.3566,1,0.2688,0
smarvus,5,0.25,0.2500,8,532,0.3499,0.3499,1,0.2500,0
smarvus,5,0.25,0.2500,9,532,0.3633,0.3633,1,0.2688,0
smarvus,5,0.30,0.3002,0,443,0.2890,0.2890,1,0.1106,0
smarvus,5,0.30,0.3002,1,443,0.3561,0.3561,1,0.2799,0
smarvus,5,0.30,0.3002,2,443,0.3507,0.3507,1,0.2799,0
smarvus,5,0.30,0.3002,3,443,0.4205,0.4205,1,0.2867,1
smarvus,5,0.30,0.3002,4,443,0.4258,0.4258,1,0.3612,1
smarvus,5,0.30,0.3002,5,443,0.4553,0.4553,1,0.3770,1
smarvus,5,0.30,0.3002,6,443,0.2622,0.2622,1,0.0745,0
smarvus,5,0.30,0.3002,7,443,0.4097,0.4097,1,0.2777,1
smarvus,5,0.30,0.3002,8,443,0.4124,0.4124,1,0.3047,1
smarvus,5,0.30,0.3002,9,443,0.2810,0.2810,1,0.1693,0
smarvus,5,0.35,0.3500,0,380,0.4339,0.4339,1,0.3789,1
smarvus,5,0.35,0.3500,1,380,0.4808,0.4808,1,0.3658,1
smarvus,5,0.35,0.3500,2,380,0.4432,0.4432,1,0.3368,1
smarvus,5,0.35,0.3500,3,380,0.3619,0.3619,1,0.2368,0
smarvus,5,0.35,0.3500,4,380,0.4370,0.4370,1,0.2395,1
smarvus,5,0.35,0.3500,5,380,0.4651,0.4651,1,0.3816,1
smarvus,5,0.35,0.3500,6,380,0.4432,0.4432,1,0.3342,1
smarvus,5,0.35,0.3500,7,380,0.4714,0.4714,1,0.3763,1
smarvus,5,0.35,0.3500,8,380,0.3369,0.3369,1,0.2132,0
smarvus,5,0.35,0.3500,9,380,0.3619,0.3619,1,0.2974,0
smarvus,5,0.40,0.4006,0,332,0.3950,0.3950,1,0.1807,0
smarvus,5,0.40,0.4006,1,332,0.4845,0.4845,1,0.3886,1
smarvus,5,0.40,0.4006,2,332,0.3914,0.3914,1,0.2410,0
smarvus,5,0.40,0.4006,3,332,0.4845,0.4845,1,0.3584,1
smarvus,5,0.40,0.4006,4,332,0.4916,0.4916,1,0.4096,1
smarvus,5,0.40,0.4006,5,332,0.4773,0.4773,1,0.3855,1
smarvus,5,0.40,0.4006,6,332,0.4630,0.4630,1,0.3223,1
smarvus,5,0.40,0.4006,7,332,0.4594,0.4594,1,0.3313,1
smarvus,5,0.40,0.4006,8,332,0.3663,0.3663,1,0.2440,0
smarvus,5,0.40,0.4006,9,332,0.4451,0.4451,1,0.3133,1
Kay S1,1,0.02,0.0200,0,250,0.0000,-0.0222,0,0.0520,0
Kay S1,1,0.02,0.0200,1,250,0.0000,-0.0222,0,0.0560,0
Kay S1,1,0.02,0.0200,2,250,0.0777,0.0777,1,0.0640,0
Kay S1,1,0.02,0.0200,3,250,0.0000,-0.0269,0,0.0520,0
Kay S1,1,0.02,0.0200,4,250,0.0159,0.0159,1,0.0640,0
Kay S1,1,0.02,0.0200,5,250,0.0301,0.0301,1,0.0760,0
Kay S1,1,0.02,0.0200,6,250,0.0000,-0.0269,0,0.0600,0
Kay S1,1,0.02,0.0200,7,250,0.1870,0.1870,1,0.1040,0
Kay S1,1,0.02,0.0200,8,250,0.0000,-0.0174,1,0.0600,0
Kay S1,1,0.02,0.0200,9,250,0.0206,0.0206,1,0.0600,0
Kay S1,1,0.05,0.0500,0,260,0.0537,0.0537,1,0.0654,0
Kay S1,1,0.05,0.0500,1,260,0.0400,0.0400,1,0.0615,0
Kay S1,1,0.05,0.0500,2,260,0.0000,-0.0057,1,0.0615,0
Kay S1,1,0.05,0.0500,3,260,0.1406,0.1406,1,0.0923,0
Kay S1,1,0.05,0.0500,4,260,0.0217,0.0217,1,0.0538,0
Kay S1,1,0.05,0.0500,5,260,0.0034,0.0034,1,0.0692,0
Kay S1,1,0.05,0.0500,6,260,0.0583,0.0583,1,0.0808,0
Kay S1,1,0.05,0.0500,7,260,0.0949,0.0949,1,0.0885,0
Kay S1,1,0.05,0.0500,8,260,0.0537,0.0537,1,0.0769,0
Kay S1,1,0.05,0.0500,9,260,0.0126,0.0126,1,0.0654,0
Kay S1,1,0.08,0.0800,0,275,0.0362,0.0362,1,0.0800,0
Kay S1,1,0.08,0.0800,1,275,0.0000,-0.0200,0,0.0545,0
Kay S1,1,0.08,0.0800,2,275,0.0362,0.0362,1,0.0691,0
Kay S1,1,0.08,0.0800,3,275,0.0708,0.0708,1,0.0618,0
Kay S1,1,0.08,0.0800,4,275,0.0189,0.0189,1,0.0727,0
Kay S1,1,0.08,0.0800,5,275,0.1053,0.1053,1,0.0873,0
Kay S1,1,0.08,0.0800,6,275,0.0448,0.0448,1,0.0764,0
Kay S1,1,0.08,0.0800,7,275,0.0016,0.0016,1,0.0655,0
Kay S1,1,0.08,0.0800,8,275,0.0000,-0.0070,1,0.0618,0
Kay S1,1,0.08,0.0800,9,275,0.0535,0.0535,1,0.0836,0
Kay S1,1,0.12,0.1200,0,300,0.2472,0.2472,1,0.1367,0
Kay S1,1,0.12,0.1200,1,300,0.0769,0.0769,1,0.1033,0
Kay S1,1,0.12,0.1200,2,300,0.1125,0.1125,1,0.0967,0
Kay S1,1,0.12,0.1200,3,300,0.0531,0.0531,1,0.0833,0
Kay S1,1,0.12,0.1200,4,300,0.0690,0.0690,1,0.1067,0
Kay S1,1,0.12,0.1200,5,300,0.0056,0.0056,1,0.0633,0
Kay S1,1,0.12,0.1200,6,300,0.1799,0.1799,1,0.1400,0
Kay S1,1,0.12,0.1200,7,300,0.0927,0.0927,1,0.0733,0
Kay S1,1,0.12,0.1200,8,300,0.0056,0.0056,1,0.0633,0
Kay S1,1,0.12,0.1200,9,300,0.0412,0.0412,1,0.0767,0
Kay S1,1,0.16,0.1597,0,313,0.0886,0.0886,1,0.0895,0
Kay S1,1,0.16,0.1597,1,313,0.2139,0.2139,1,0.1214,0
Kay S1,1,0.16,0.1597,2,313,0.0127,0.0127,1,0.0831,0
Kay S1,1,0.16,0.1597,3,313,0.0393,0.0393,1,0.0735,0
Kay S1,1,0.16,0.1597,4,313,0.0734,0.0734,1,0.0895,0
Kay S1,1,0.16,0.1597,5,313,0.0658,0.0658,1,0.0703,0
Kay S1,1,0.16,0.1597,6,313,0.0696,0.0696,1,0.0895,0
Kay S1,1,0.16,0.1597,7,313,0.0279,0.0279,1,0.0799,0
Kay S1,1,0.16,0.1597,8,313,0.0431,0.0431,1,0.0799,0
Kay S1,1,0.16,0.1597,9,313,0.0962,0.0962,1,0.0895,0
Kay S1,1,0.20,0.2000,0,330,0.1392,0.1392,1,0.1030,0
Kay S1,1,0.20,0.2000,1,330,0.0419,0.0419,1,0.0727,0
Kay S1,1,0.20,0.2000,2,330,0.0996,0.0996,1,0.0909,0
Kay S1,1,0.20,0.2000,3,330,0.1788,0.1788,1,0.1212,0
Kay S1,1,0.20,0.2000,4,330,0.1608,0.1608,1,0.1273,0
Kay S1,1,0.20,0.2000,5,330,0.0708,0.0708,1,0.0909,0
Kay S1,1,0.20,0.2000,6,330,0.0852,0.0852,1,0.0909,0
Kay S1,1,0.20,0.2000,7,330,0.0671,0.0671,1,0.0879,0
Kay S1,1,0.20,0.2000,8,330,0.1788,0.1788,1,0.1303,0
Kay S1,1,0.20,0.2000,9,330,0.1248,0.1248,1,0.0909,0
Kay S1,1,0.25,0.2500,0,352,0.1592,0.1592,1,0.1193,0
Kay S1,1,0.25,0.2500,1,352,0.1829,0.1829,1,0.1250,0
Kay S1,1,0.25,0.2500,2,352,0.1288,0.1288,1,0.1193,0
Kay S1,1,0.25,0.2500,3,352,0.1356,0.1356,1,0.1136,0
Kay S1,1,0.25,0.2500,4,352,0.1322,0.1322,1,0.1278,0
Kay S1,1,0.25,0.2500,5,352,0.0410,0.0410,1,0.0852,0
Kay S1,1,0.25,0.2500,6,352,0.0984,0.0984,1,0.1023,0
Kay S1,1,0.25,0.2500,7,352,0.2200,0.2200,1,0.1335,0
Kay S1,1,0.25,0.2500,8,352,0.1018,0.1018,1,0.1023,0
Kay S1,1,0.25,0.2500,9,352,0.1255,0.1255,1,0.1108,0
Kay S1,1,0.30,0.2997,0,377,0.0920,0.0920,1,0.0981,0
Kay S1,1,0.30,0.2997,1,377,0.1771,0.1771,1,0.1432,0
Kay S1,1,0.30,0.2997,2,377,0.1015,0.1015,1,0.0981,0
Kay S1,1,0.30,0.2997,3,377,0.1708,0.1708,1,0.1379,0
Kay S1,1,0.30,0.2997,4,377,0.1866,0.1866,1,0.1406,0
Kay S1,1,0.30,0.2997,5,377,0.1740,0.1740,1,0.1459,0
Kay S1,1,0.30,0.2997,6,377,0.1330,0.1330,1,0.1141,0
Kay S1,1,0.30,0.2997,7,377,0.0447,0.0447,1,0.0928,0
Kay S1,1,0.30,0.2997,8,377,0.1834,0.1834,1,0.1485,0
Kay S1,1,0.30,0.2997,9,377,0.2307,0.2307,1,0.1698,0
Kay S1,1,0.35,0.3498,0,406,0.1569,0.1569,1,0.1182,0
Kay S1,1,0.35,0.3498,1,406,0.1159,0.1159,1,0.1108,0
Kay S1,1,0.35,0.3498,2,406,0.1422,0.1422,1,0.1232,0
Kay S1,1,0.35,0.3498,3,406,0.1891,0.1891,1,0.1379,0
Kay S1,1,0.35,0.3498,4,406,0.1452,0.1452,1,0.1182,0
Kay S1,1,0.35,0.3498,5,406,0.1335,0.1335,1,0.1256,0
Kay S1,1,0.35,0.3498,6,406,0.1393,0.1393,1,0.1330,0
Kay S1,1,0.35,0.3498,7,406,0.1481,0.1481,1,0.1305,0
Kay S1,1,0.35,0.3498,8,406,0.1305,0.1305,1,0.1108,0
Kay S1,1,0.35,0.3498,9,406,0.2945,0.2945,1,0.1823,0
Kay S1,1,0.40,0.4000,0,440,0.1518,0.1518,1,0.1568,0
Kay S1,1,0.40,0.4000,1,440,0.1140,0.1140,1,0.1159,0
Kay S1,1,0.40,0.4000,2,440,0.1032,0.1032,1,0.1068,0
Kay S1,1,0.40,0.4000,3,440,0.2761,0.2761,1,0.1841,0
Kay S1,1,0.40,0.4000,4,440,0.1194,0.1194,1,0.1205,0
Kay S1,1,0.40,0.4000,5,440,0.1275,0.1275,1,0.1364,0
Kay S1,1,0.40,0.4000,6,440,0.1194,0.1194,1,0.1205,0
Kay S1,1,0.40,0.4000,7,440,0.1977,0.1977,1,0.1432,0
Kay S1,1,0.40,0.4000,8,440,0.1869,0.1869,1,0.1477,0
Kay S1,1,0.40,0.4000,9,440,0.1761,0.1761,1,0.1341,0
Kay S1,2,0.02,0.0200,0,400,0.1026,0.1026,1,0.0875,0
Kay S1,2,0.02,0.0200,1,400,0.0670,0.0670,1,0.0825,0
Kay S1,2,0.02,0.0200,2,400,0.0848,0.0848,1,0.0775,0
Kay S1,2,0.02,0.0200,3,400,0.1472,0.1472,1,0.1050,0
Kay S1,2,0.02,0.0200,4,400,0.1294,0.1294,1,0.0875,0
Kay S1,2,0.02,0.0200,5,400,0.1115,0.1115,1,0.0925,0
Kay S1,2,0.02,0.0200,6,400,0.1205,0.1205,1,0.0900,0
Kay S1,2,0.02,0.0200,7,400,0.1650,0.1650,1,0.1050,0
Kay S1,2,0.02,0.0200,8,400,0.0610,0.0610,1,0.0775,0
Kay S1,2,0.02,0.0200,9,400,0.1769,0.1769,1,0.1075,0
Kay S1,2,0.05,0.0500,0,420,0.1114,0.1114,1,0.1024,0
Kay S1,2,0.05,0.0500,1,420,0.0520,0.0520,1,0.0857,0
Kay S1,2,0.05,0.0500,2,420,0.0803,0.0803,1,0.0810,0
Kay S1,2,0.05,0.0500,3,420,0.1652,0.1652,1,0.1190,0
Kay S1,2,0.05,0.0500,4,420,0.1114,0.1114,1,0.0952,0
Kay S1,2,0.05,0.0500,5,420,0.1029,0.1029,1,0.1024,0
Kay S1,2,0.05,0.0500,6,420,0.0774,0.0774,1,0.0929,0
Kay S1,2,0.05,0.0500,7,420,0.0690,0.0690,1,0.0881,0
Kay S1,2,0.05,0.0500,8,420,0.1369,0.1369,1,0.1048,0
Kay S1,2,0.05,0.0500,9,420,0.0718,0.0718,1,0.0833,0
Kay S1,2,0.08,0.0799,0,438,0.1615,0.1615,1,0.1187,0
Kay S1,2,0.08,0.0799,1,438,0.0909,0.0909,1,0.0959,0
Kay S1,2,0.08,0.0799,2,438,0.1154,0.1154,1,0.0982,0
Kay S1,2,0.08,0.0799,3,438,0.1289,0.1289,1,0.1050,0
Kay S1,2,0.08,0.0799,4,438,0.1452,0.1452,1,0.1142,0
Kay S1,2,0.08,0.0799,5,438,0.0801,0.0801,1,0.0982,0
Kay S1,2,0.08,0.0799,6,438,0.0557,0.0557,1,0.0936,0
Kay S1,2,0.08,0.0799,7,438,0.1235,0.1235,1,0.1005,0
Kay S1,2,0.08,0.0799,8,438,0.1045,0.1045,1,0.1027,0
Kay S1,2,0.08,0.0799,9,438,0.0719,0.0719,1,0.0982,0
Kay S1,2,0.12,0.1201,0,458,0.0969,0.0969,1,0.1135,0
Kay S1,2,0.12,0.1201,1,458,0.0891,0.0891,1,0.1048,0
Kay S1,2,0.12,0.1201,2,458,0.0606,0.0606,1,0.1070,0
Kay S1,2,0.12,0.1201,3,458,0.1722,0.1722,1,0.1397,0
Kay S1,2,0.12,0.1201,4,458,0.1125,0.1125,1,0.1114,0
Kay S1,2,0.12,0.1201,5,458,0.1332,0.1332,1,0.1201,0
Kay S1,2,0.12,0.1201,6,458,0.1254,0.1254,1,0.1201,0
Kay S1,2,0.12,0.1201,7,458,0.1228,0.1228,1,0.1114,0
Kay S1,2,0.12,0.1201,8,458,0.1306,0.1306,1,0.1245,0
Kay S1,2,0.12,0.1201,9,458,0.1099,0.1099,1,0.1092,0
Kay S1,2,0.16,0.1601,0,481,0.1277,0.1277,1,0.1247,0
Kay S1,2,0.16,0.1601,1,481,0.1005,0.1005,1,0.1123,0
Kay S1,2,0.16,0.1601,2,481,0.1228,0.1228,1,0.1206,0
Kay S1,2,0.16,0.1601,3,481,0.2389,0.2389,1,0.1601,0
Kay S1,2,0.16,0.1601,4,481,0.1376,0.1376,1,0.1227,0
Kay S1,2,0.16,0.1601,5,481,0.1969,0.1969,1,0.1497,0
Kay S1,2,0.16,0.1601,6,481,0.1425,0.1425,1,0.1268,0
Kay S1,2,0.16,0.1601,7,481,0.1129,0.1129,1,0.1206,0
Kay S1,2,0.16,0.1601,8,481,0.1425,0.1425,1,0.1227,0
Kay S1,2,0.16,0.1601,9,481,0.2117,0.2117,1,0.1455,0
Kay S1,2,0.20,0.2000,0,475,0.1067,0.1067,1,0.1347,0
Kay S1,2,0.20,0.2000,1,475,0.1642,0.1642,1,0.1368,0
Kay S1,2,0.20,0.2000,2,475,0.1417,0.1417,1,0.1326,0
Kay S1,2,0.20,0.2000,3,475,0.2568,0.2568,1,0.1811,0
Kay S1,2,0.20,0.2000,4,475,0.1242,0.1242,1,0.1263,0
Kay S1,2,0.20,0.2000,5,475,0.1367,0.1367,1,0.1368,0
Kay S1,2,0.20,0.2000,6,475,0.1142,0.1142,1,0.1221,0
Kay S1,2,0.20,0.2000,7,475,0.2118,0.2118,1,0.1558,0
Kay S1,2,0.20,0.2000,8,475,0.1392,0.1392,1,0.1305,0
Kay S1,2,0.20,0.2000,9,475,0.1517,0.1517,1,0.1305,0
Kay S1,2,0.25,0.2500,0,380,0.2931,0.2931,1,0.1921,0
Kay S1,2,0.25,0.2500,1,380,0.2931,0.2931,1,0.2132,0
Kay S1,2,0.25,0.2500,2,380,0.1774,0.1774,1,0.1368,0
Kay S1,2,0.25,0.2500,3,380,0.2368,0.2368,1,0.1763,0
Kay S1,2,0.25,0.2500,4,380,0.2149,0.2149,1,0.1553,0
Kay S1,2,0.25,0.2500,5,380,0.1805,0.1805,1,0.1526,0
Kay S1,2,0.25,0.2500,6,380,0.1430,0.1430,1,0.1368,0
Kay S1,2,0.25,0.2500,7,380,0.2399,0.2399,1,0.1632,0
Kay S1,2,0.25,0.2500,8,380,0.2431,0.2431,1,0.1974,0
Kay S1,2,0.25,0.2500,9,380,0.1711,0.1711,1,0.1500,0
Kay S1,2,0.30,0.2997,0,317,0.1301,0.1301,1,0.1262,0
Kay S1,2,0.30,0.2997,1,317,0.1901,0.1901,1,0.1672,0
Kay S1,2,0.30,0.2997,2,317,0.1939,0.1939,1,0.1577,0
Kay S1,2,0.30,0.2997,3,317,0.2389,0.2389,1,0.1735,0
Kay S1,2,0.30,0.2997,4,317,0.1001,0.1001,1,0.1199,0
Kay S1,2,0.30,0.2997,5,317,0.2576,0.2576,1,0.1703,0
Kay S1,2,0.30,0.2997,6,317,0.1339,0.1339,1,0.1388,0
Kay S1,2,0.30,0.2997,7,317,0.2089,0.2089,1,0.1609,0
Kay S1,2,0.30,0.2997,8,317,0.1376,0.1376,1,0.1262,0
Kay S1,2,0.30,0.2997,9,317,0.2089,0.2089,1,0.1672,0
Kay S1,2,0.35,0.3506,0,271,0.3158,0.3158,1,0.2362,0
Kay S1,2,0.35,0.3506,1,271,0.2676,0.2676,1,0.2103,0
Kay S1,2,0.35,0.3506,2,271,0.2719,0.2719,1,0.1956,0
Kay S1,2,0.35,0.3506,3,271,0.3290,0.3290,1,0.2731,0
Kay S1,2,0.35,0.3506,4,271,0.2281,0.2281,1,0.1697,0
Kay S1,2,0.35,0.3506,5,271,0.1667,0.1667,1,0.1587,0
Kay S1,2,0.35,0.3506,6,271,0.2544,0.2544,1,0.1993,0
Kay S1,2,0.35,0.3506,7,271,0.1711,0.1711,1,0.1255,0
Kay S1,2,0.35,0.3506,8,271,0.2325,0.2325,1,0.1845,0
Kay S1,2,0.35,0.3506,9,271,0.1755,0.1755,1,0.1328,0
Kay S1,2,0.40,0.3992,0,238,0.2559,0.2559,1,0.1933,0
Kay S1,2,0.40,0.3992,1,238,0.3058,0.3058,1,0.2185,0
Kay S1,2,0.40,0.3992,2,238,0.2459,0.2459,1,0.1807,0
Kay S1,2,0.40,0.3992,3,238,0.1510,0.1510,1,0.1387,0
Kay S1,2,0.40,0.3992,4,238,0.1810,0.1810,1,0.1471,0
Kay S1,2,0.40,0.3992,5,238,0.2209,0.2209,1,0.1807,0
Kay S1,2,0.40,0.3992,6,238,0.3008,0.3008,1,0.2101,0
Kay S1,2,0.40,0.3992,7,238,0.2060,0.2060,1,0.1387,0
Kay S1,2,0.40,0.3992,8,238,0.2209,0.2209,1,0.1891,0
Kay S1,2,0.40,0.3992,9,238,0.1510,0.1510,1,0.1261,0
Kay S1,3,0.02,0.0200,0,450,0.1416,0.1416,1,0.1111,0
Kay S1,3,0.02,0.0200,1,450,0.0386,0.0386,1,0.0822,0
Kay S1,3,0.02,0.0200,2,450,0.0386,0.0386,1,0.0800,0
Kay S1,3,0.02,0.0200,3,450,0.1548,0.1548,1,0.1244,0
Kay S1,3,0.02,0.0200,4,450,0.0914,0.0914,1,0.1067,0
Kay S1,3,0.02,0.0200,5,450,0.1257,0.1257,1,0.1089,0
Kay S1,3,0.02,0.0200,6,450,0.1574,0.1574,1,0.1178,0
Kay S1,3,0.02,0.0200,7,450,0.1363,0.1363,1,0.1067,0
Kay S1,3,0.02,0.0200,8,450,0.1046,0.1046,1,0.1000,0
Kay S1,3,0.02,0.0200,9,450,0.1178,0.1178,1,0.0978,0
Kay S1,3,0.05,0.0500,0,460,0.1163,0.1163,1,0.1152,0
Kay S1,3,0.05,0.0500,1,460,0.0595,0.0595,1,0.0891,0
Kay S1,3,0.05,0.0500,2,460,0.1396,0.1396,1,0.1109,0
Kay S1,3,0.05,0.0500,3,460,0.2016,0.2016,1,0.1413,0
Kay S1,3,0.05,0.0500,4,460,0.0827,0.0827,1,0.0935,0
Kay S1,3,0.05,0.0500,5,460,0.1654,0.1654,1,0.1261,0
Kay S1,3,0.05,0.0500,6,460,0.2016,0.2016,1,0.1457,0
Kay S1,3,0.05,0.0500,7,460,0.1060,0.1060,1,0.1043,0
Kay S1,3,0.05,0.0500,8,460,0.1396,0.1396,1,0.1217,0
Kay S1,3,0.05,0.0500,9,460,0.1370,0.1370,1,0.1326,0
Kay S1,3,0.08,0.0800,0,475,0.1517,0.1517,1,0.1347,0
Kay S1,3,0.08,0.0800,1,475,0.1642,0.1642,1,0.1326,0
Kay S1,3,0.08,0.0800,2,475,0.0942,0.0942,1,0.1137,0
Kay S1,3,0.08,0.0800,3,475,0.3019,0.3019,1,0.2084,0
Kay S1,3,0.08,0.0800,4,475,0.1192,0.1192,1,0.1200,0
Kay S1,3,0.08,0.0800,5,475,0.1217,0.1217,1,0.1242,0
Kay S1,3,0.08,0.0800,6,475,0.1142,0.1142,1,0.1263,0
Kay S1,3,0.08,0.0800,7,475,0.0992,0.0992,1,0.1095,0
Kay S1,3,0.08,0.0800,8,475,0.1392,0.1392,1,0.1137,0
Kay S1,3,0.08,0.0800,9,475,0.1092,0.1092,1,0.1116,0
Kay S1,3,0.12,0.1199,0,442,0.1771,0.1771,1,0.1493,0
Kay S1,3,0.12,0.1199,1,442,0.1368,0.1368,1,0.1312,0
Kay S1,3,0.12,0.1199,2,442,0.2229,0.2229,1,0.1448,0
Kay S1,3,0.12,0.1199,3,442,0.2255,0.2255,1,0.1697,0
Kay S1,3,0.12,0.1199,4,442,0.1422,0.1422,1,0.1335,0
Kay S1,3,0.12,0.1199,5,442,0.1610,0.1610,1,0.1403,0
Kay S1,3,0.12,0.1199,6,442,0.1180,0.1180,1,0.1267,0
Kay S1,3,0.12,0.1199,7,442,0.1503,0.1503,1,0.1471,0
Kay S1,3,0.12,0.1199,8,442,0.1933,0.1933,1,0.1561,0
Kay S1,3,0.12,0.1199,9,442,0.2013,0.2013,1,0.1448,0
Kay S1,3,0.16,0.1601,0,331,0.0987,0.0987,1,0.1299,0
Kay S1,3,0.16,0.1601,1,331,0.2316,0.2316,1,0.1813,0
Kay S1,3,0.16,0.1601,2,331,0.2531,0.2531,1,0.1903,0
Kay S1,3,0.16,0.1601,3,331,0.1849,0.1849,1,0.1571,0
Kay S1,3,0.16,0.1601,4,331,0.1238,0.1238,1,0.1329,0
Kay S1,3,0.16,0.1601,5,331,0.1059,0.1059,1,0.1299,0
Kay S1,3,0.16,0.1601,6,331,0.2531,0.2531,1,0.1662,0
Kay S1,3,0.16,0.1601,7,331,0.1633,0.1633,1,0.1511,0
Kay S1,3,0.16,0.1601,8,331,0.1202,0.1202,1,0.1057,0
Kay S1,3,0.16,0.1601,9,331,0.1274,0.1274,1,0.1329,0
Kay S1,3,0.20,0.2000,0,265,0.2241,0.2241,1,0.1547,0
Kay S1,3,0.20,0.2000,1,265,0.2061,0.2061,1,0.1698,0
Kay S1,3,0.20,0.2000,2,265,0.2510,0.2510,1,0.2302,0
Kay S1,3,0.20,0.2000,3,265,0.2599,0.2599,1,0.2038,0
Kay S1,3,0.20,0.2000,4,265,0.2241,0.2241,1,0.1623,0
Kay S1,3,0.20,0.2000,5,265,0.2330,0.2330,1,0.1925,0
Kay S1,3,0.20,0.2000,6,265,0.2375,0.2375,1,0.1774,0
Kay S1,3,0.20,0.2000,7,265,0.2196,0.2196,1,0.1849,0
Kay S1,3,0.20,0.2000,8,265,0.2151,0.2151,1,0.1434,0
Kay S1,3,0.20,0.2000,9,265,0.1613,0.1613,1,0.1547,0
Kay S1,3,0.25,0.2500,0,212,0.2487,0.2487,1,0.1698,0
Kay S1,3,0.25,0.2500,1,212,0.2824,0.2824,1,0.2123,0
Kay S1,3,0.25,0.2500,2,212,0.0301,0.0301,1,0.0660,0
Kay S1,3,0.25,0.2500,3,212,0.1646,0.1646,1,0.1509,0
Kay S1,3,0.25,0.2500,4,212,0.3553,0.3553,1,0.2500,0
Kay S1,3,0.25,0.2500,5,212,0.2712,0.2712,1,0.2406,0
Kay S1,3,0.25,0.2500,6,212,0.3440,0.3440,1,0.2500,0
Kay S1,3,0.25,0.2500,7,212,0.2095,0.2095,1,0.1934,0
Kay S1,3,0.25,0.2500,8,212,0.2656,0.2656,1,0.1698,0
Kay S1,3,0.25,0.2500,9,212,0.2656,0.2656,1,0.2123,0
Kay S2,1,0.40,0.4000,0,190,0.4495,0.4495,1,0.3105,1
Kay S2,1,0.40,0.4000,1,190,0.3306,0.3306,1,0.2421,0
Kay S2,1,0.40,0.4000,2,190,0.4057,0.4057,1,0.2579,1
Kay S2,1,0.40,0.4000,3,190,0.3056,0.3056,1,0.2211,0
Kay S2,1,0.40,0.4000,4,190,0.2493,0.2493,1,0.1789,0
Kay S2,1,0.40,0.4000,5,190,0.2994,0.2994,1,0.2263,0
Kay S2,1,0.40,0.4000,6,190,0.3369,0.3369,1,0.2368,0
Kay S2,1,0.40,0.4000,7,190,0.2618,0.2618,1,0.1947,0
Kay S2,1,0.40,0.4000,8,190,0.3056,0.3056,1,0.2211,0
Kay S2,1,0.40,0.4000,9,190,0.3744,0.3744,1,0.2421,0
Kay S2,2,0.05,0.0500,0,180,0.3463,0.3463,1,0.2000,0
Kay S2,2,0.05,0.0500,1,180,0.2869,0.2869,1,0.1833,0
Kay S2,2,0.05,0.0500,2,180,0.3661,0.3661,1,0.2167,0
Kay S2,2,0.05,0.0500,3,180,0.2472,0.2472,1,0.1833,0
Kay S2,2,0.05,0.0500,4,180,0.3463,0.3463,1,0.2000,0
Kay S2,2,0.05,0.0500,5,180,0.3727,0.3727,1,0.2278,0
Kay S2,2,0.05,0.0500,6,180,0.3727,0.3727,1,0.2000,0
Kay S2,2,0.05,0.0500,7,180,0.2076,0.2076,1,0.1444,0
Kay S2,2,0.05,0.0500,8,180,0.2869,0.2869,1,0.1778,0
Kay S2,2,0.05,0.0500,9,180,0.1746,0.1746,1,0.1389,0
Kay S2,2,0.12,0.1198,0,192,0.3995,0.3995,1,0.2708,0
Kay S2,2,0.12,0.1198,1,192,0.3376,0.3376,1,0.2240,0
Kay S2,2,0.12,0.1198,2,192,0.4676,0.4676,1,0.2813,1
Kay S2,2,0.12,0.1198,3,192,0.3500,0.3500,1,0.2552,0
Kay S2,2,0.12,0.1198,4,192,0.3500,0.3500,1,0.2292,0
Kay S2,2,0.12,0.1198,5,192,0.3686,0.3686,1,0.2188,0
Kay S2,2,0.12,0.1198,6,192,0.3067,0.3067,1,0.2031,0
Kay S2,2,0.12,0.1198,7,192,0.3067,0.3067,1,0.2083,0
Kay S2,2,0.12,0.1198,8,192,0.3686,0.3686,1,0.2292,0
Kay S2,2,0.12,0.1198,9,192,0.2510,0.2510,1,0.1771,0
Kay S2,2,0.16,0.1596,0,188,0.3551,0.3551,1,0.2500,0
Kay S2,2,0.16,0.1596,1,188,0.3488,0.3488,1,0.2340,0
Kay S2,2,0.16,0.1596,2,188,0.3298,0.3298,1,0.2234,0
Kay S2,2,0.16,0.1596,3,188,0.3298,0.3298,1,0.2181,0
Kay S2,2,0.16,0.1596,4,188,0.3931,0.3931,1,0.2713,0
Kay S2,2,0.16,0.1596,5,188,0.2160,0.2160,1,0.1862,0
Kay S2,2,0.16,0.1596,6,188,0.2856,0.2856,1,0.2128,0
Kay S2,2,0.16,0.1596,7,188,0.2666,0.2666,1,0.1915,0
Kay S2,2,0.16,0.1596,8,188,0.2224,0.2224,1,0.1862,0
Kay S2,2,0.16,0.1596,9,188,0.3362,0.3362,1,0.2287,0