"nFactors","total_items","rep_id","z_threshold","mcc","sensitivity","specificity","tp","tn","fp","fn","mean_z_good","mean_z_careless"
2,12,1,1.7,0.0621161470906877,0.971428571428571,0.107407407407407,34,58,482,1,NA,NA
2,12,2,0.9,0.167702516704942,1,0.322222222222222,35,174,366,0,NA,NA
2,12,3,0.1,0.0823691378355518,0.771428571428571,0.396296296296296,27,214,326,8,NA,NA
2,12,4,1.3,0.0705036185874039,1,0.0777777777777778,34,42,498,0,NA,NA
2,12,5,0.9,0.106430384168539,0.972222222222222,0.2,35,108,432,1,NA,NA
2,12,6,1.3,0.165495887830752,1,0.322222222222222,34,174,366,0,NA,NA
2,12,7,0.3,0.0851135829815569,0.818181818181818,0.355555555555556,27,192,348,6,NA,NA
2,12,8,0.3,0.055420369820712,0.828571428571429,0.274074074074074,29,148,392,6,NA,NA
2,12,9,0.3,0.0714444403732141,0.8,0.340740740740741,28,184,356,7,NA,NA
2,12,10,0.5,0.145478593490662,0.914285714285714,0.377777777777778,32,204,336,3,NA,NA
2,12,11,1.1,0.0895019134936982,0.888888888888889,0.274074074074074,32,148,392,4,NA,NA
2,12,12,0.1,0.0319397207146584,0.771428571428571,0.288888888888889,27,156,384,8,NA,NA
2,12,13,0.3,0.0218964773401978,0.735294117647059,0.307407407407407,25,166,374,9,NA,NA
2,12,14,0.1,0.0603156338868864,0.771428571428571,0.348148148148148,27,188,352,8,NA,NA
2,12,15,0.7,0.128051408116301,0.888888888888889,0.362962962962963,32,196,344,4,NA,NA
2,12,16,0.7,0.0607882297612954,0.909090909090909,0.192592592592593,30,104,436,3,NA,NA
2,12,17,0.3,0.0704757775333913,0.735294117647059,0.411111111111111,25,222,318,9,NA,NA
2,12,18,1.7,0.0655354316176239,0.939393939393939,0.162962962962963,31,88,452,2,NA,NA
2,12,19,1.5,0.0407521222584131,1,0.0259259259259259,36,14,526,0,NA,NA
2,12,20,0.1,0.115758204689847,0.685714285714286,0.555555555555556,24,300,240,11,NA,NA
2,12,21,1.3,0.0935139346144637,1,0.12962962962963,34,70,470,0,NA,NA
2,12,22,1.7,0.097843986535659,1,0.137037037037037,35,74,466,0,NA,NA
2,12,23,1.1,0.0936740657546476,0.971428571428571,0.174074074074074,34,94,446,1,NA,NA
2,12,24,0.1,0.102215867907805,0.794117647058823,0.418518518518519,27,226,314,7,NA,NA
2,12,25,2.1,0.0714657873803637,1,0.0777777777777778,35,42,498,0,NA,NA
2,12,26,0.9,0.107160428264213,0.970588235294118,0.211111111111111,33,114,426,1,NA,NA
2,12,27,2.7,0.0148374600302821,1,0.0037037037037037,34,2,538,0,NA,NA
2,12,28,0.5,0.123179862877134,0.857142857142857,0.392592592592593,30,212,328,5,NA,NA
2,12,29,1.7,0.083815167682373,0.972222222222222,0.148148148148148,35,80,460,1,NA,NA
2,12,30,0.1,0.137605310981374,0.833333333333333,0.448148148148148,30,242,298,6,NA,NA
3,18,1,1.9,0.0778498944161523,1,0.0888888888888889,36,48,492,0,NA,NA
3,18,2,1.3,0.108643108227453,0.970588235294118,0.214814814814815,33,116,424,1,NA,NA
3,18,3,1.5,0.0888361393309868,0.971428571428571,0.162962962962963,34,88,452,1,NA,NA
3,18,4,2.1,0.0597309632557328,1,0.0555555555555556,35,30,510,0,NA,NA
3,18,5,2.1,0.0186096842079694,0.971428571428571,0.0444444444444444,34,24,516,1,NA,NA
3,18,6,0.1,0.102529294260553,0.771428571428571,0.440740740740741,27,238,302,8,NA,NA
3,18,7,0.1,0.0329225630120213,0.757575757575758,0.307407407407407,25,166,374,8,NA,NA
3,18,8,1.7,0.120798487896627,1,0.2,34,108,432,0,NA,NA
3,18,9,0.5,0.110619708837073,0.828571428571429,0.396296296296296,29,214,326,6,NA,NA
3,18,10,1.3,0.0821983602026858,0.944444444444444,0.185185185185185,34,100,440,2,NA,NA
3,18,11,0.1,0.100751506189835,0.714285714285714,0.496296296296296,25,268,272,10,NA,NA
3,18,12,1.9,0.0900983171199315,1,0.118518518518519,35,64,476,0,NA,NA
3,18,13,0.3,0.156778807718659,0.888888888888889,0.42962962962963,32,232,308,4,NA,NA
3,18,14,0.9,0.0965371949669147,0.942857142857143,0.222222222222222,33,120,420,2,NA,NA
3,18,15,0.5,0.159714658619928,0.885714285714286,0.444444444444444,31,240,300,4,NA,NA
3,18,16,0.5,0.0742400435352203,0.794117647058823,0.355555555555556,27,192,348,7,NA,NA
3,18,17,1.7,0.101158433032428,0.970588235294118,0.196296296296296,33,106,434,1,NA,NA
3,18,18,0.9,0.100761956381492,0.914285714285714,0.27037037037037,32,146,394,3,NA,NA
3,18,19,1.5,0.0825033745176936,1,0.103703703703704,34,56,484,0,NA,NA
3,18,20,0.7,0.0871959901924786,0.971428571428571,0.159259259259259,34,86,454,1,NA,NA
3,18,21,1.3,0.148730260253978,0.970588235294118,0.318518518518519,33,172,368,1,NA,NA
3,18,22,2.7,0.0457662993826911,1,0.0333333333333333,35,18,522,0,NA,NA
3,18,23,1.5,0.101504948044516,0.971428571428571,0.192592592592593,34,104,436,1,NA,NA
3,18,24,0.9,0.105953088512819,0.885714285714286,0.318518518518519,31,172,368,4,NA,NA
3,18,25,2.5,0.0638231107891308,1,0.062962962962963,35,34,506,0,NA,NA
3,18,26,0.3,0.194516753598544,0.882352941176471,0.52962962962963,30,286,254,4,NA,NA
3,18,27,0.9,0.0912870929175277,1,0.118518518518519,36,64,476,0,NA,NA
3,18,28,0.1,0.145289099875436,0.8,0.503703703703704,28,272,268,7,NA,NA
3,18,29,1.1,0.0690065559342354,0.888888888888889,0.22962962962963,32,124,416,4,NA,NA
3,18,30,2.3,0.0583637390342947,1,0.0518518518518519,36,28,512,0,NA,NA
4,24,1,2.1,0.118345267082788,1,0.185185185185185,36,100,440,0,NA,NA
4,24,2,2.1,0.112570761339435,1,0.17037037037037,36,92,448,0,NA,NA
4,24,3,0.3,0.0579810439268093,0.705882352941177,0.414814814814815,24,224,316,10,NA,NA
4,24,4,0.3,0.117030887403672,0.861111111111111,0.37037037037037,31,200,340,5,NA,NA
4,24,5,0.7,0.125309561441938,0.971428571428571,0.251851851851852,34,136,404,1,NA,NA
4,24,6,0.3,0.124082859033364,0.777777777777778,0.477777777777778,28,258,282,8,NA,NA
4,24,7,1.9,0.111111111111111,1,0.17037037037037,35,92,448,0,NA,NA
4,24,8,1.3,0.117475841903895,0.944444444444444,0.266666666666667,34,144,396,2,NA,NA
4,24,9,1.1,0.159772835177611,0.971428571428571,0.340740740740741,34,184,356,1,NA,NA
4,24,10,0.1,0.153444671249175,0.764705882352941,0.559259259259259,26,302,238,8,NA,NA
4,24,11,0.1,0.0797053396986086,0.764705882352941,0.4,26,216,324,8,NA,NA
4,24,12,0.3,0.115543146589254,0.805555555555556,0.42962962962963,29,232,308,7,NA,NA
4,24,13,1.3,0.120944559656638,0.971428571428571,0.240740740740741,34,130,410,1,NA,NA
4,24,14,0.9,0.161215488281212,0.971428571428571,0.344444444444444,34,186,354,1,NA,NA
4,24,15,1.3,0.0720031880614377,0.911764705882353,0.211111111111111,31,114,426,3,NA,NA
4,24,16,0.9,0.0931534616238558,0.885714285714286,0.288888888888889,31,156,384,4,NA,NA
4,24,17,1.9,0.0855407072645851,0.971428571428571,0.155555555555556,34,84,456,1,NA,NA
4,24,18,1.3,0.084672683887095,0.941176470588235,0.2,32,108,432,2,NA,NA
4,24,19,1.9,0.0668116168817917,1,0.0703703703703704,34,38,502,0,NA,NA
4,24,20,2.1,0.0778498944161523,1,0.0888888888888889,36,48,492,0,NA,NA
4,24,21,0.3,0.140090741566516,0.8,0.492592592592593,28,266,274,7,NA,NA
4,24,22,1.1,0.0862597108773032,0.914285714285714,0.237037037037037,32,128,412,3,NA,NA
4,24,23,0.3,0.0831815712726997,0.777777777777778,0.388888888888889,28,210,330,8,NA,NA
4,24,24,0.3,0.107818612188653,0.833333333333333,0.381481481481481,30,206,334,6,NA,NA
4,24,25,0.1,0.0923507726739777,0.685714285714286,0.507407407407407,24,274,266,11,NA,NA
4,24,26,1.7,0.0965691563742848,0.970588235294118,0.185185185185185,33,100,440,1,NA,NA
4,24,27,0.9,0.129539971381639,0.885714285714286,0.374074074074074,31,202,338,4,NA,NA
4,24,28,0.1,0.136878244011788,0.771428571428571,0.514814814814815,27,278,262,8,NA,NA
4,24,29,0.3,0.126192217104227,0.823529411764706,0.440740740740741,28,238,302,6,NA,NA
4,24,30,1.1,0.122233095113258,0.916666666666667,0.314814814814815,33,170,370,3,NA,NA
5,30,1,0.3,0.199566062089316,0.8,0.611111111111111,28,330,210,7,NA,NA
5,30,2,2.1,0.097843986535659,1,0.137037037037037,35,74,466,0,NA,NA
5,30,3,1.3,0.107536962617066,0.882352941176471,0.32962962962963,30,178,362,4,NA,NA
5,30,4,1.7,0.0952617138876411,0.971428571428571,0.177777777777778,34,96,444,1,NA,NA
5,30,5,0.5,0.065802120367494,0.75,0.381481481481481,27,206,334,9,NA,NA
5,30,6,1.5,0.140782881842289,1,0.244444444444444,36,132,408,0,NA,NA
5,30,7,0.3,0.135115349958538,0.771428571428571,0.511111111111111,27,276,264,8,NA,NA
5,30,8,0.5,0.159714658619928,0.885714285714286,0.444444444444444,31,240,300,4,NA,NA
5,30,9,2.5,0.084126287633716,1,0.107407407407407,34,58,482,0,NA,NA
5,30,10,0.1,0.102324697380972,0.722222222222222,0.488888888888889,26,264,276,10,NA,NA
5,30,11,0.1,0.0888203018652508,0.647058823529412,0.540740740740741,22,292,248,12,NA,NA
5,30,12,2.1,0.0791970489077558,1,0.0962962962962963,34,52,488,0,NA,NA
5,30,13,1.7,0.0855407072645851,0.971428571428571,0.155555555555556,34,84,456,1,NA,NA
5,30,14,0.9,0.143665923078005,0.941176470588235,0.344444444444444,32,186,354,2,NA,NA
5,30,15,0.9,0.0958521629472944,0.941176470588235,0.225925925925926,32,122,418,2,NA,NA
5,30,16,2.3,0.0484394106935156,0.972222222222222,0.0814814814814815,35,44,496,1,NA,NA
5,30,17,0.7,0.106361199112081,0.764705882352941,0.459259259259259,26,248,292,8,NA,NA
5,30,18,2.1,0.108221611779095,1,0.162962962962963,35,88,452,0,NA,NA
5,30,19,0.3,0.144536524897414,0.805555555555556,0.492592592592593,29,266,274,7,NA,NA
5,30,20,1.1,0.119482151759962,0.971428571428571,0.237037037037037,34,128,412,1,NA,NA
5,30,21,1.7,0.158743069270653,1,0.292592592592593,36,158,382,0,NA,NA
5,30,22,0.9,0.0958887806835591,0.861111111111111,0.322222222222222,31,174,366,5,NA,NA
5,30,23,0.1,0.134632847307668,0.657142857142857,0.618518518518518,23,334,206,12,NA,NA
5,30,24,1.5,0.0968380124096004,0.971428571428571,0.181481481481481,34,98,442,1,NA,NA
5,30,25,1.9,0.0694197942434754,0.972222222222222,0.118518518518519,35,64,476,1,NA,NA
5,30,26,1.7,0.0863979598405394,1,0.107407407407407,36,58,482,0,NA,NA
5,30,27,0.1,0.0969087423704698,0.666666666666667,0.533333333333333,24,288,252,12,NA,NA
5,30,28,0.7,0.111966983072708,0.857142857142857,0.366666666666667,30,198,342,5,NA,NA
5,30,29,0.7,0.121119325438504,0.852941176470588,0.396296296296296,29,214,326,5,NA,NA
5,30,30,0.1,0.131932957203105,0.828571428571429,0.444444444444444,29,240,300,6,NA,NA
6,36,1,1.5,0.13486499614926,1,0.233333333333333,35,126,414,0,NA,NA
6,36,2,1.1,0.150099633870529,0.914285714285714,0.388888888888889,32,210,330,3,NA,NA
6,36,3,1.7,0.115651704973568,0.941176470588235,0.274074074074074,32,148,392,2,NA,NA
6,36,4,1.1,0.141654552219729,0.970588235294118,0.3,33,162,378,1,NA,NA
6,36,5,0.1,0.166465013547288,0.657142857142857,0.674074074074074,23,364,176,12,NA,NA
6,36,6,1.7,0.138474128179542,1,0.248148148148148,34,134,406,0,NA,NA
6,36,7,1.9,0.109644233425645,1,0.162962962962963,36,88,452,0,NA,NA
6,36,8,0.1,0.0924092586171471,0.647058823529412,0.548148148148148,22,296,244,12,NA,NA
6,36,9,0.7,0.0866331415188187,0.885714285714286,0.274074074074074,31,148,392,4,NA,NA
6,36,10,0.1,0.153068067524963,0.771428571428571,0.548148148148148,27,296,244,8,NA,NA
6,36,11,1.1,0.142342341126309,0.916666666666667,0.362962962962963,33,196,344,3,NA,NA
6,36,12,0.9,0.124546344303664,1,0.214814814814815,33,116,424,0,NA,NA
6,36,13,0.3,0.200429957777919,0.771428571428571,0.637037037037037,27,344,196,8,NA,NA
6,36,14,1.5,0.16273057033045,0.944444444444444,0.377777777777778,34,204,336,2,NA,NA
6,36,15,0.1,0.135761103194135,0.742857142857143,0.540740740740741,26,292,248,9,NA,NA
6,36,16,0.7,0.167266536734071,0.914285714285714,0.42962962962963,32,232,308,3,NA,NA
6,36,17,0.3,0.167874656870086,0.885714285714286,0.462962962962963,31,250,290,4,NA,NA
6,36,18,1.7,0.174077655955698,1,0.333333333333333,36,180,360,0,NA,NA
6,36,19,1.1,0.156049732610339,0.882352941176471,0.444444444444444,30,240,300,4,NA,NA
6,36,20,0.9,0.230809100611589,0.916666666666667,0.559259259259259,33,302,238,3,NA,NA
6,36,21,2.1,0.146310381821476,1,0.259259259259259,36,140,400,0,NA,NA
6,36,22,0.9,0.137703294659836,0.916666666666667,0.351851851851852,33,190,350,3,NA,NA
6,36,23,1.9,0.117040587045244,0.972222222222222,0.225925925925926,35,122,418,1,NA,NA
6,36,24,1.5,0.111111111111111,1,0.17037037037037,35,92,448,0,NA,NA
6,36,25,0.1,0.183465476921976,0.714285714285714,0.655555555555556,25,354,186,10,NA,NA
6,36,26,1.1,0.0915324420406566,0.885714285714286,0.285185185185185,31,154,386,4,NA,NA
6,36,27,2.5,0.103695169473043,1,0.148148148148148,36,80,460,0,NA,NA
6,36,28,1.3,0.194907226176051,1,0.4,34,216,324,0,NA,NA
6,36,29,1.9,0.120944559656638,0.971428571428571,0.240740740740741,34,130,410,1,NA,NA
6,36,30,0.7,0.12761065744542,0.833333333333333,0.425925925925926,30,230,310,6,NA,NA
7,42,1,1.3,0.156425360841484,0.972222222222222,0.325925925925926,35,176,364,1,NA,NA
7,42,2,0.3,0.233358925591514,0.742857142857143,0.711111111111111,26,384,156,9,NA,NA
7,42,3,0.1,0.205616983845042,0.75,0.659259259259259,27,356,184,9,NA,NA
7,42,4,0.1,0.168300102180167,0.735294117647059,0.614814814814815,25,332,208,9,NA,NA
7,42,5,0.9,0.200059833275904,0.970588235294118,0.448148148148148,33,242,298,1,NA,NA
7,42,6,0.7,0.255911663753709,0.942857142857143,0.588888888888889,33,318,222,2,NA,NA
7,42,7,0.5,0.203807003225707,0.777777777777778,0.633333333333333,28,342,198,8,NA,NA
7,42,8,1.1,0.195579564679489,1,0.388888888888889,36,210,330,0,NA,NA
7,42,9,2.5,0.146310381821476,1,0.259259259259259,36,140,400,0,NA,NA
7,42,10,0.5,0.136747280411051,0.722222222222222,0.559259259259259,26,302,238,10,NA,NA
7,42,11,2.5,0.155976261004168,1,0.285185185185185,36,154,386,0,NA,NA
7,42,12,1.3,0.173547214824663,0.942857142857143,0.411111111111111,33,222,318,2,NA,NA
7,42,13,1.9,0.158078601543513,1,0.296296296296296,35,160,380,0,NA,NA
7,42,14,0.5,0.174630154579585,0.757575757575758,0.611111111111111,25,330,210,8,NA,NA
7,42,15,0.5,0.197417163609374,0.777777777777778,0.622222222222222,28,336,204,8,NA,NA
7,42,16,1.5,0.139150399518532,0.888888888888889,0.388888888888889,32,210,330,4,NA,NA
7,42,17,0.3,0.186361748750563,0.885714285714286,0.503703703703704,31,272,268,4,NA,NA
7,42,18,1.1,0.123824621291216,1,0.203703703703704,35,110,430,0,NA,NA
7,42,19,0.3,0.153328699790916,0.805555555555556,0.511111111111111,29,276,264,7,NA,NA
7,42,20,0.9,0.080863474822214,0.794117647058823,0.37037037037037,27,200,340,7,NA,NA
7,42,21,0.9,0.216170860368643,0.852941176470588,0.6,29,324,216,5,NA,NA
7,42,22,1.1,0.172847375759996,0.971428571428571,0.374074074074074,34,202,338,1,NA,NA
7,42,23,1.5,0.12415443897393,0.911764705882353,0.333333333333333,31,180,360,3,NA,NA
7,42,24,1.7,0.125334605891624,0.916666666666667,0.322222222222222,33,174,366,3,NA,NA
7,42,25,0.1,0.238415824271708,0.777777777777778,0.688888888888889,28,372,168,8,NA,NA
7,42,26,1.1,0.158377645312305,0.942857142857143,0.374074074074074,33,202,338,2,NA,NA
7,42,27,1.7,0.174650011978701,0.96969696969697,0.392592592592593,32,212,328,1,NA,NA
7,42,28,0.1,0.168028276796358,0.742857142857143,0.603703703703704,26,326,214,9,NA,NA
7,42,29,1.5,0.18293656884873,0.885714285714286,0.496296296296296,31,268,272,4,NA,NA
7,42,30,1.7,0.167076671386255,1,0.314814814814815,36,170,370,0,NA,NA
8,48,1,0.1,0.199676341377079,0.742857142857143,0.659259259259259,26,356,184,9,NA,NA
8,48,2,0.7,0.152855695910666,0.833333333333333,0.481481481481481,30,260,280,6,NA,NA
8,48,3,0.9,0.209463171722242,0.96969696969697,0.477777777777778,32,258,282,1,NA,NA
8,48,4,1.1,0.195320258327878,0.971428571428571,0.42962962962963,34,232,308,1,NA,NA
8,48,5,0.3,0.205106538255297,0.676470588235294,0.722222222222222,23,390,150,11,NA,NA
8,48,6,0.9,0.163238020323098,0.823529411764706,0.522222222222222,28,282,258,6,NA,NA
8,48,7,0.7,0.197166015397715,0.944444444444444,0.459259259259259,34,248,292,2,NA,NA
8,48,8,0.1,0.266670838751366,0.694444444444444,0.781481481481481,25,422,118,11,NA,NA
8,48,9,0.5,0.15780854511757,0.75,0.574074074074074,27,310,230,9,NA,NA
8,48,10,0.1,0.195786002615904,0.735294117647059,0.662962962962963,25,358,182,9,NA,NA
8,48,11,1.7,0.147122471584125,0.888888888888889,0.407407407407407,32,220,320,4,NA,NA
8,48,12,1.9,0.133158792079946,0.970588235294118,0.277777777777778,33,150,390,1,NA,NA
8,48,13,0.3,0.302058786570944,0.882352941176471,0.714814814814815,30,386,154,4,NA,NA
8,48,14,0.1,0.232476600617876,0.771428571428571,0.688888888888889,27,372,168,8,NA,NA
8,48,15,0.7,0.162362181685542,0.771428571428571,0.566666666666667,27,306,234,8,NA,NA
8,48,16,0.1,0.257106445739393,0.657142857142857,0.796296296296296,23,430,110,12,NA,NA
8,48,17,0.5,0.212352956908838,0.823529411764706,0.618518518518518,28,334,206,6,NA,NA
8,48,18,1.1,0.105493710703297,0.805555555555556,0.407407407407407,29,220,320,7,NA,NA
8,48,19,1.1,0.246557455712587,0.972222222222222,0.537037037037037,35,290,250,1,NA,NA
8,48,20,1.5,0.195443876578522,0.941176470588235,0.47037037037037,32,254,286,2,NA,NA
8,48,21,0.9,0.242824020268286,0.885714285714286,0.614814814814815,31,332,208,4,NA,NA
8,48,22,0.9,0.207032820446059,0.942857142857143,0.488888888888889,33,264,276,2,NA,NA
8,48,23,0.1,0.15986897669352,0.666666666666667,0.651851851851852,24,352,188,12,NA,NA
8,48,24,0.1,0.220759261107333,0.742857142857143,0.692592592592593,26,374,166,9,NA,NA
8,48,25,0.1,0.202081214119458,0.685714285714286,0.707407407407407,24,382,158,11,NA,NA
8,48,26,0.7,0.227722567435985,0.944444444444444,0.525925925925926,34,284,256,2,NA,NA
8,48,27,1.1,0.191282643528188,0.911764705882353,0.492592592592593,31,266,274,3,NA,NA
8,48,28,0.5,0.196859806823917,0.764705882352941,0.640740740740741,26,346,194,8,NA,NA
8,48,29,1.5,0.142332910844397,0.888888888888889,0.396296296296296,32,214,326,4,NA,NA
8,48,30,1.1,0.17655508347485,0.888888888888889,0.474074074074074,32,256,284,4,NA,NA
9,54,1,0.1,0.248451997499977,0.666666666666667,0.777777777777778,24,420,120,12,NA,NA
9,54,2,1.1,0.212275132580204,0.914285714285714,0.52962962962963,32,286,254,3,NA,NA
9,54,3,0.1,0.282053623735281,0.735294117647059,0.781481481481481,25,422,118,9,NA,NA
9,54,4,0.9,0.201250392143546,0.828571428571429,0.588888888888889,29,318,222,6,NA,NA
9,54,5,1.9,0.212623123616266,0.971428571428571,0.47037037037037,34,254,286,1,NA,NA
9,54,6,0.1,0.252571184147379,0.685714285714286,0.774074074074074,24,418,122,11,NA,NA
9,54,7,0.9,0.148677981349743,0.828571428571429,0.481481481481481,29,260,280,6,NA,NA
9,54,8,1.1,0.191560787205516,0.885714285714286,0.514814814814815,31,278,262,4,NA,NA
9,54,9,0.3,0.226793210352053,0.735294117647059,0.711111111111111,25,384,156,9,NA,NA
9,54,10,1.3,0.124783612663681,0.857142857142857,0.396296296296296,30,214,326,5,NA,NA
9,54,11,0.7,0.253808610970278,0.777777777777778,0.711111111111111,28,384,156,8,NA,NA
9,54,12,0.9,0.210501517963769,0.914285714285714,0.525925925925926,32,284,256,3,NA,NA
9,54,13,0.3,0.178680838637873,0.722222222222222,0.637037037037037,26,344,196,10,NA,NA
9,54,14,1.5,0.233118705438095,0.944444444444444,0.537037037037037,34,290,250,2,NA,NA
9,54,15,0.3,0.312873076198259,0.861111111111111,0.733333333333333,31,396,144,5,NA,NA
9,54,16,0.9,0.210161087590851,0.911764705882353,0.533333333333333,31,288,252,3,NA,NA
9,54,17,0.1,0.202580663109877,0.735294117647059,0.674074074074074,25,364,176,9,NA,NA
9,54,18,1.3,0.146982457270662,0.828571428571429,0.477777777777778,29,258,282,6,NA,NA
9,54,19,0.9,0.258096124015828,0.861111111111111,0.655555555555556,31,354,186,5,NA,NA
9,54,20,0.5,0.2762547688641,0.882352941176471,0.677777777777778,30,366,174,4,NA,NA
9,54,21,0.3,0.228798828092284,0.764705882352941,0.692592592592593,26,374,166,8,NA,NA
9,54,22,0.7,0.192954748419141,0.911764705882353,0.496296296296296,31,268,272,3,NA,NA
9,54,23,0.3,0.227626280505556,0.771428571428571,0.681481481481481,27,368,172,8,NA,NA
9,54,24,1.7,0.102049769497655,0.941176470588235,0.240740740740741,32,130,410,2,NA,NA
9,54,25,1.7,0.178458730850248,0.914285714285714,0.455555555555556,32,246,294,3,NA,NA
9,54,26,0.3,0.185572943606978,0.638888888888889,0.714814814814815,23,386,154,13,NA,NA
9,54,27,0.3,0.187085734987181,0.777777777777778,0.603703703703704,28,326,214,8,NA,NA
9,54,28,1.1,0.242259178578835,0.914285714285714,0.588888888888889,32,318,222,3,NA,NA
9,54,29,1.1,0.0964817649976374,0.8,0.396296296296296,28,214,326,7,NA,NA
9,54,30,1.7,0.144656380375523,0.861111111111111,0.433333333333333,31,234,306,5,NA,NA
10,60,1,0.1,0.188043174432174,0.545454545454545,0.792592592592593,18,428,112,15,NA,NA
10,60,2,0.1,0.270277333495071,0.647058823529412,0.818518518518519,22,442,98,12,NA,NA
10,60,3,1.1,0.237834866612436,0.971428571428571,0.525925925925926,34,284,256,1,NA,NA
10,60,4,1.1,0.187085734987181,0.777777777777778,0.603703703703704,28,326,214,8,NA,NA
10,60,5,0.9,0.24074259386116,0.885714285714286,0.611111111111111,31,330,210,4,NA,NA
10,60,6,1.5,0.174876997198941,0.888888888888889,0.47037037037037,32,254,286,4,NA,NA
10,60,7,1.1,0.340301888388063,0.972222222222222,0.696296296296296,35,376,164,1,NA,NA
10,60,8,1.7,0.210832103415832,0.972222222222222,0.459259259259259,35,248,292,1,NA,NA
10,60,9,1.3,0.236379655617033,0.914285714285714,0.577777777777778,32,312,228,3,NA,NA
10,60,10,0.7,0.304409262074396,0.857142857142857,0.72962962962963,30,394,146,5,NA,NA
10,60,11,0.1,0.3092401541632,0.8,0.77037037037037,28,416,124,7,NA,NA
10,60,12,0.5,0.269120927151049,0.735294117647059,0.766666666666667,25,414,126,9,NA,NA
10,60,13,0.3,0.296197589845685,0.794117647058823,0.762962962962963,27,412,128,7,NA,NA
10,60,14,0.5,0.237732400531111,0.805555555555556,0.666666666666667,29,360,180,7,NA,NA
10,60,15,1.1,0.278501384601573,0.914285714285714,0.651851851851852,32,352,188,3,NA,NA
10,60,16,0.9,0.207109984627789,0.882352941176471,0.555555555555556,30,300,240,4,NA,NA
10,60,17,0.5,0.403445617887661,0.861111111111111,0.825925925925926,31,446,94,5,NA,NA
10,60,18,1.3,0.21040136966527,0.944444444444444,0.488888888888889,34,264,276,2,NA,NA
10,60,19,0.9,0.232583553368492,0.885714285714286,0.596296296296296,31,322,218,4,NA,NA
10,60,20,2.1,0.201484250416095,1,0.403703703703704,36,218,322,0,NA,NA
10,60,21,0.1,0.266861619003416,0.771428571428571,0.737037037037037,27,398,142,8,NA,NA
10,60,22,1.1,0.258604066755522,1,0.540740740740741,35,292,248,0,NA,NA
10,60,23,1.3,0.171176711192044,0.885714285714286,0.47037037037037,31,254,286,4,NA,NA
10,60,24,0.5,0.249172310243707,0.714285714285714,0.751851851851852,25,406,134,10,NA,NA
10,60,25,0.5,0.322547632944597,0.722222222222222,0.822222222222222,26,444,96,10,NA,NA
10,60,26,0.7,0.245745577955266,0.852941176470588,0.651851851851852,29,352,188,5,NA,NA
10,60,27,0.9,0.181208780569562,0.823529411764706,0.559259259259259,28,302,238,6,NA,NA
10,60,28,0.1,0.319917744825762,0.575757575757576,0.892592592592593,19,482,58,14,NA,NA
10,60,29,0.5,0.367675853930746,0.794117647058823,0.833333333333333,27,450,90,7,NA,NA
10,60,30,0.3,0.223223557438891,0.742857142857143,0.696296296296296,26,376,164,9,NA,NA
11,66,1,0.9,0.211258676615118,0.828571428571429,0.607407407407407,29,328,212,6,NA,NA
11,66,2,0.1,0.344296905081448,0.735294117647059,0.840740740740741,25,454,86,9,NA,NA
11,66,3,0.7,0.393551112224586,0.942857142857143,0.781481481481481,33,422,118,2,NA,NA
11,66,4,0.5,0.218321197034665,0.742857142857143,0.688888888888889,26,372,168,9,NA,NA
11,66,5,0.9,0.233955343780071,0.848484848484849,0.640740740740741,28,346,194,5,NA,NA
11,66,6,1.5,0.177885184862164,0.857142857142857,0.514814814814815,30,278,262,5,NA,NA
11,66,7,0.1,0.188322231365967,0.617647058823529,0.740740740740741,21,400,140,13,NA,NA
11,66,8,1.1,0.218615784137236,0.823529411764706,0.62962962962963,28,340,200,6,NA,NA
11,66,9,0.9,0.325035187261687,0.861111111111111,0.748148148148148,31,404,136,5,NA,NA
11,66,10,1.1,0.262105632586422,0.882352941176471,0.655555555555556,30,354,186,4,NA,NA
11,66,11,1.3,0.208704757161434,0.942857142857143,0.492592592592593,33,266,274,2,NA,NA
11,66,12,0.9,0.214875756133446,0.75,0.674074074074074,27,364,176,9,NA,NA
11,66,13,0.5,0.238803863735584,0.764705882352941,0.707407407407407,26,382,158,8,NA,NA
11,66,14,0.1,0.286551237176279,0.617647058823529,0.848148148148148,21,458,82,13,NA,NA
11,66,15,0.1,0.194541125757397,0.558823529411765,0.788888888888889,19,426,114,15,NA,NA
11,66,16,0.9,0.22810063213219,0.828571428571429,0.637037037037037,29,344,196,6,NA,NA
11,66,17,1.1,0.304409262074396,0.857142857142857,0.72962962962963,30,394,146,5,NA,NA
11,66,18,0.1,0.219226261691806,0.583333333333333,0.796296296296296,21,430,110,15,NA,NA
11,66,19,0.1,0.373817633397951,0.735294117647059,0.862962962962963,25,466,74,9,NA,NA
11,66,20,1.5,0.224996777198992,0.914285714285714,0.555555555555556,32,300,240,3,NA,NA
11,66,21,0.3,0.251606545466195,0.8,0.696296296296296,28,376,164,7,NA,NA
11,66,22,0.9,0.226628239543086,0.885714285714286,0.585185185185185,31,316,224,4,NA,NA
11,66,23,1.5,0.198794459304331,0.944444444444444,0.462962962962963,34,250,290,2,NA,NA
11,66,24,1.5,0.183179017864204,0.857142857142857,0.525925925925926,30,284,256,5,NA,NA
11,66,25,0.1,0.303012888184927,0.611111111111111,0.859259259259259,22,464,76,14,NA,NA
11,66,26,1.5,0.2900854038736,0.916666666666667,0.662962962962963,33,358,182,3,NA,NA
11,66,27,0.9,0.2353959545346,0.833333333333333,0.640740740740741,30,346,194,6,NA,NA
11,66,28,0.1,0.216843684388206,0.617647058823529,0.777777777777778,21,420,120,13,NA,NA
11,66,29,0.9,0.317339431284027,0.941176470588235,0.696296296296296,32,376,164,2,NA,NA
11,66,30,0.9,0.223785116638081,0.828571428571429,0.62962962962963,29,340,200,6,NA,NA
12,72,1,0.9,0.292636273536762,0.787878787878788,0.766666666666667,26,414,126,7,NA,NA
12,72,2,0.9,0.392668152053629,0.857142857142857,0.822222222222222,30,444,96,5,NA,NA
12,72,3,1.1,0.315337971205497,0.888888888888889,0.718518518518519,32,388,152,4,NA,NA
12,72,4,0.7,0.386915541608639,0.885714285714286,0.803703703703704,31,434,106,4,NA,NA
12,72,5,0.9,0.310146313558292,0.885714285714286,0.718518518518519,31,388,152,4,NA,NA
12,72,6,0.9,0.287211755402659,0.828571428571429,0.725925925925926,29,392,148,6,NA,NA
12,72,7,0.3,0.280995244515411,0.714285714285714,0.788888888888889,25,426,114,10,NA,NA
12,72,8,0.9,0.250320957266937,0.771428571428571,0.714814814814815,27,386,154,8,NA,NA
12,72,9,0.3,0.327432225583494,0.828571428571429,0.774074074074074,29,418,122,6,NA,NA
12,72,10,0.7,0.297414756763824,0.764705882352941,0.781481481481481,26,422,118,8,NA,NA
12,72,11,1.5,0.270226511107202,0.942857142857143,0.614814814814815,33,332,208,2,NA,NA
12,72,12,1.5,0.209681564558869,0.861111111111111,0.57037037037037,31,308,232,5,NA,NA
12,72,13,0.3,0.263164626150563,0.764705882352941,0.740740740740741,26,400,140,8,NA,NA
12,72,14,0.3,0.196287203391539,0.628571428571429,0.740740740740741,22,400,140,13,NA,NA
12,72,15,0.1,0.339777049870261,0.735294117647059,0.837037037037037,25,452,88,9,NA,NA
12,72,16,0.9,0.358853149729489,0.794117647058823,0.825925925925926,27,446,94,7,NA,NA
12,72,17,0.5,0.350966488597776,0.75,0.833333333333333,27,450,90,9,NA,NA
12,72,18,0.3,0.310587406855493,0.75,0.796296296296296,27,430,110,9,NA,NA
12,72,19,1.3,0.280001708488346,0.970588235294118,0.614814814814815,33,332,208,1,NA,NA
12,72,20,1.7,0.211942145518606,0.941176470588235,0.507407407407407,32,274,266,2,NA,NA
12,72,21,0.5,0.329976810241961,0.888888888888889,0.737037037037037,32,398,142,4,NA,NA
12,72,22,0.9,0.376931661155625,0.882352941176471,0.8,30,432,108,4,NA,NA
12,72,23,0.1,0.475105421022769,0.742857142857143,0.914814814814815,26,494,46,9,NA,NA
12,72,24,0.5,0.299361188577138,0.657142857142857,0.837037037037037,23,452,88,12,NA,NA
12,72,25,1.3,0.290443279273158,0.911764705882353,0.677777777777778,31,366,174,3,NA,NA
12,72,26,0.9,0.325472799103299,0.909090909090909,0.733333333333333,30,396,144,3,NA,NA
12,72,27,0.7,0.321528652006226,0.914285714285714,0.714814814814815,32,386,154,3,NA,NA
12,72,28,0.3,0.329958474474719,0.771428571428571,0.807407407407407,27,436,104,8,NA,NA
12,72,29,0.1,0.30370540007958,0.657142857142857,0.840740740740741,23,454,86,12,NA,NA
12,72,30,0.5,0.310264514680249,0.857142857142857,0.737037037037037,30,398,142,5,NA,NA
13,78,1,0.1,0.356054095530363,0.764705882352941,0.837037037037037,26,452,88,8,NA,NA
13,78,2,0.1,0.384858502529282,0.75,0.859259259259259,27,464,76,9,NA,NA
13,78,3,0.1,0.384858502529282,0.75,0.859259259259259,27,464,76,9,NA,NA
13,78,4,0.1,0.311289622000232,0.676470588235294,0.840740740740741,23,454,86,11,NA,NA
13,78,5,0.1,0.216619636780983,0.514285714285714,0.837037037037037,18,452,88,17,NA,NA
13,78,6,0.9,0.32464557121974,0.885714285714286,0.737037037037037,31,398,142,4,NA,NA
13,78,7,1.5,0.214092975656126,0.833333333333333,0.603703703703704,30,326,214,6,NA,NA
13,78,8,0.7,0.295435217567812,0.666666666666667,0.825925925925926,24,446,94,12,NA,NA
13,78,9,0.9,0.347141990121653,0.916666666666667,0.740740740740741,33,400,140,3,NA,NA
13,78,10,0.1,0.447301237719318,0.857142857142857,0.862962962962963,30,466,74,5,NA,NA
13,78,11,0.3,0.316977655061311,0.666666666666667,0.844444444444444,24,456,84,12,NA,NA
13,78,12,0.3,0.326494704607844,0.8,0.788888888888889,28,426,114,7,NA,NA
13,78,13,0.3,0.313374727718757,0.6,0.874074074074074,21,472,68,14,NA,NA
13,78,14,0.3,0.420293629570982,0.828571428571429,0.855555555555556,29,462,78,6,NA,NA
13,78,15,1.5,0.267100222706099,0.888888888888889,0.648148148148148,32,350,190,4,NA,NA
13,78,16,0.3,0.420293629570982,0.828571428571429,0.855555555555556,29,462,78,6,NA,NA
13,78,17,0.7,0.353728687532187,0.722222222222222,0.848148148148148,26,458,82,10,NA,NA
13,78,18,0.5,0.415053288525334,0.828571428571429,0.851851851851852,29,460,80,6,NA,NA
13,78,19,0.9,0.312969292600339,0.885714285714286,0.722222222222222,31,390,150,4,NA,NA
13,78,20,0.1,0.379798732618871,0.527777777777778,0.933333333333333,19,504,36,17,NA,NA
13,78,21,1.1,0.26944050162062,0.794117647058823,0.72962962962963,27,394,146,7,NA,NA
13,78,22,0.7,0.35793237021118,0.823529411764706,0.811111111111111,28,438,102,6,NA,NA
13,78,23,0.1,0.39055326716421,0.852941176470588,0.825925925925926,29,446,94,5,NA,NA
13,78,24,1.7,0.217325128519382,0.911764705882353,0.548148148148148,31,296,244,3,NA,NA
13,78,25,0.1,0.338330299090404,0.647058823529412,0.874074074074074,22,472,68,12,NA,NA
13,78,26,0.1,0.320190529001719,0.628571428571429,0.866666666666667,22,468,72,13,NA,NA
13,78,27,0.5,0.31470586349997,0.777777777777778,0.785185185185185,28,424,116,8,NA,NA
13,78,28,0.3,0.336100558515117,0.666666666666667,0.859259259259259,24,464,76,12,NA,NA
13,78,29,0.1,0.239488334799165,0.555555555555556,0.833333333333333,20,450,90,16,NA,NA
13,78,30,0.1,0.34118774023972,0.666666666666667,0.862962962962963,24,466,74,12,NA,NA
14,84,1,0.3,0.380562197553694,0.777777777777778,0.844444444444444,28,456,84,8,NA,NA
14,84,2,0.3,0.396235592775541,0.735294117647059,0.877777777777778,25,474,66,9,NA,NA
14,84,3,0.1,0.277855539295337,0.617647058823529,0.840740740740741,21,454,86,13,NA,NA
14,84,4,0.5,0.38612979273823,0.861111111111111,0.811111111111111,31,438,102,5,NA,NA
14,84,5,0.7,0.353359262294387,0.8,0.814814814814815,28,440,100,7,NA,NA
14,84,6,0.3,0.325206561698395,0.588235294117647,0.888888888888889,20,480,60,14,NA,NA
14,84,7,0.1,0.361736854356732,0.6,0.903703703703704,21,488,52,14,NA,NA
14,84,8,0.3,0.310189999154089,0.628571428571429,0.859259259259259,22,464,76,13,NA,NA
14,84,9,0.9,0.286890888634112,0.794117647058823,0.751851851851852,27,406,134,7,NA,NA
14,84,10,0.3,0.373286834915757,0.676470588235294,0.885185185185185,23,478,62,11,NA,NA
14,84,11,0.5,0.310276656666245,0.617647058823529,0.866666666666667,21,468,72,13,NA,NA
14,84,12,0.5,0.371710286451542,0.742857142857143,0.855555555555556,26,462,78,9,NA,NA
14,84,13,0.3,0.432900648918559,0.694444444444444,0.907407407407407,25,490,50,11,NA,NA
14,84,14,0.1,0.275177030116705,0.657142857142857,0.814814814814815,23,440,100,12,NA,NA
14,84,15,0.9,0.284794805563054,0.771428571428571,0.759259259259259,27,410,130,8,NA,NA
14,84,16,0.1,0.358957441088906,0.611111111111111,0.896296296296296,22,484,56,14,NA,NA
14,84,17,0.7,0.43215063221275,0.8,0.874074074074074,28,472,68,7,NA,NA
14,84,18,0.9,0.279447827486933,0.742857142857143,0.77037037037037,26,416,124,9,NA,NA
14,84,19,0.7,0.330454244309823,0.742857142857143,0.822222222222222,26,444,96,9,NA,NA
14,84,20,0.3,0.35582350495515,0.676470588235294,0.874074074074074,23,472,68,11,NA,NA
14,84,21,0.1,0.293565572152449,0.611111111111111,0.851851851851852,22,460,80,14,NA,NA
14,84,22,0.7,0.301051890842439,0.777777777777778,0.77037037037037,28,416,124,8,NA,NA
14,84,23,0.3,0.373079682552236,0.771428571428571,0.844444444444444,27,456,84,8,NA,NA
14,84,24,0.9,0.258039322615793,0.742857142857143,0.744444444444444,26,402,138,9,NA,NA
14,84,25,0.9,0.326549032858483,0.764705882352941,0.811111111111111,26,438,102,8,NA,NA
14,84,26,0.5,0.293187296312438,0.527777777777778,0.888888888888889,19,480,60,17,NA,NA
14,84,27,0.1,0.32770487959464,0.647058823529412,0.866666666666667,22,468,72,12,NA,NA
14,84,28,0.3,0.352326332826004,0.742857142857143,0.840740740740741,26,454,86,9,NA,NA
14,84,29,0.9,0.40161948418928,0.857142857142857,0.82962962962963,30,448,92,5,NA,NA
14,84,30,0.5,0.319056439695021,0.705882352941177,0.833333333333333,24,450,90,10,NA,NA
15,90,1,0.5,0.460112233671022,0.823529411764706,0.885185185185185,28,478,62,6,NA,NA
15,90,2,0.3,0.319594905337792,0.694444444444444,0.833333333333333,25,450,90,11,NA,NA
15,90,3,1.3,0.321930086450548,0.861111111111111,0.744444444444444,31,402,138,5,NA,NA
15,90,4,0.3,0.402081591364303,0.685714285714286,0.896296296296296,24,484,56,11,NA,NA
15,90,5,0.5,0.301143249921795,0.571428571428571,0.877777777777778,20,474,66,15,NA,NA
15,90,6,0.5,0.324538706901888,0.685714285714286,0.844444444444444,24,456,84,11,NA,NA
15,90,7,0.3,0.311258290425298,0.527777777777778,0.9,19,486,54,17,NA,NA
15,90,8,0.5,0.2725936789566,0.685714285714286,0.796296296296296,24,430,110,11,NA,NA
15,90,9,0.3,0.458428528929099,0.805555555555556,0.885185185185185,29,478,62,7,NA,NA
15,90,10,1.3,0.296988737191057,0.942857142857143,0.659259259259259,33,356,184,2,NA,NA
15,90,11,0.7,0.250753104957204,0.6,0.822222222222222,21,444,96,14,NA,NA
15,90,12,0.1,0.407052035218558,0.75,0.874074074074074,27,472,68,9,NA,NA
15,90,13,0.1,0.351552546752646,0.606060606060606,0.9,20,486,54,13,NA,NA
15,90,14,0.1,0.394615882369731,0.628571428571429,0.911111111111111,22,492,48,13,NA,NA
15,90,15,0.1,0.44610218080647,0.628571428571429,0.933333333333333,22,504,36,13,NA,NA
15,90,16,0.7,0.473657283989761,0.823529411764706,0.892592592592593,28,482,58,6,NA,NA
15,90,17,0.5,0.432017351425969,0.705882352941177,0.907407407407407,24,490,50,10,NA,NA
15,90,18,1.3,0.287698546842016,0.916666666666667,0.659259259259259,33,356,184,3,NA,NA
15,90,19,0.1,0.313142901813397,0.515151515151515,0.911111111111111,17,492,48,16,NA,NA
15,90,20,0.9,0.296424182634195,0.75,0.781481481481481,27,422,118,9,NA,NA
15,90,21,0.3,0.390591507422048,0.722222222222222,0.874074074074074,26,472,68,10,NA,NA
15,90,22,0.5,0.357000856190261,0.742857142857143,0.844444444444444,26,456,84,9,NA,NA
15,90,23,0.3,0.441975308641975,0.777777777777778,0.885185185185185,28,478,62,8,NA,NA
15,90,24,0.7,0.264134401479511,0.657142857142857,0.803703703703704,23,434,106,12,NA,NA
15,90,25,0.5,0.350355788411717,0.714285714285714,0.851851851851852,25,460,80,10,NA,NA
15,90,26,1.5,0.312873076198259,0.861111111111111,0.733333333333333,31,396,144,5,NA,NA
15,90,27,0.7,0.406318359506779,0.714285714285714,0.888888888888889,25,480,60,10,NA,NA
15,90,28,0.9,0.368647074026731,0.805555555555556,0.822222222222222,29,444,96,7,NA,NA
15,90,29,0.3,0.282152076310671,0.617647058823529,0.844444444444444,21,456,84,13,NA,NA
15,90,30,0.3,0.315123969643363,0.628571428571429,0.862962962962963,22,466,74,13,NA,NA
16,96,1,0.3,0.29951865608167,0.5,0.907407407407407,17,490,50,17,NA,NA
16,96,2,0.3,0.335020995399217,0.638888888888889,0.87037037037037,23,470,70,13,NA,NA
16,96,3,0.1,0.464255629340828,0.676470588235294,0.92962962962963,23,502,38,11,NA,NA
16,96,4,0.1,0.418715839829681,0.628571428571429,0.922222222222222,22,498,42,13,NA,NA
16,96,5,1.3,0.291208856161432,0.888888888888889,0.685185185185185,32,370,170,4,NA,NA
16,96,6,0.1,0.409508444844467,0.583333333333333,0.92962962962963,21,502,38,15,NA,NA
16,96,7,1.3,0.282239849174283,0.852941176470588,0.707407407407407,29,382,158,5,NA,NA
16,96,8,0.1,0.565247346891266,0.617647058823529,0.97037037037037,21,524,16,13,NA,NA
16,96,9,0.7,0.250313561350508,0.722222222222222,0.744444444444444,26,402,138,10,NA,NA
16,96,10,0.9,0.334474216214473,0.794117647058823,0.803703703703704,27,434,106,7,NA,NA
16,96,11,0.7,0.395420220576666,0.685714285714286,0.892592592592593,24,482,58,11,NA,NA
16,96,12,0.5,0.399743117745866,0.6,0.922222222222222,21,498,42,14,NA,NA
16,96,13,0.7,0.318815140614004,0.714285714285714,0.825925925925926,25,446,94,10,NA,NA
16,96,14,1.5,0.253787822142248,0.694444444444444,0.766666666666667,25,414,126,11,NA,NA
16,96,15,1.7,0.279971359698767,0.861111111111111,0.688888888888889,31,372,168,5,NA,NA
16,96,16,0.5,0.407925176992968,0.823529411764706,0.851851851851852,28,460,80,6,NA,NA
16,96,17,1.3,0.380651061972016,0.911764705882353,0.788888888888889,31,426,114,3,NA,NA
16,96,18,1.7,0.312873076198259,0.861111111111111,0.733333333333333,31,396,144,5,NA,NA
16,96,19,0.5,0.474685746047288,0.722222222222222,0.918518518518519,26,496,44,10,NA,NA
16,96,20,0.9,0.371094522228214,0.777777777777778,0.837037037037037,28,452,88,8,NA,NA
16,96,21,0.7,0.34118774023972,0.666666666666667,0.862962962962963,24,466,74,12,NA,NA
16,96,22,0.1,0.297736320896865,0.588235294117647,0.87037037037037,20,470,70,14,NA,NA
16,96,23,0.5,0.395659699812897,0.75,0.866666666666667,27,468,72,9,NA,NA
16,96,24,1.3,0.301353949725948,0.861111111111111,0.718518518518519,31,388,152,5,NA,NA
16,96,25,1.1,0.330125045648092,0.8,0.792592592592593,28,428,112,7,NA,NA
16,96,26,0.3,0.348879641131009,0.685714285714286,0.862962962962963,24,466,74,11,NA,NA
16,96,27,1.1,0.371154870311488,0.833333333333333,0.811111111111111,30,438,102,6,NA,NA
16,96,28,0.7,0.420293629570982,0.828571428571429,0.855555555555556,29,462,78,6,NA,NA
16,96,29,0.1,0.344560540350556,0.5,0.92962962962963,17,502,38,17,NA,NA
16,96,30,0.9,0.373817633397951,0.735294117647059,0.862962962962963,25,466,74,9,NA,NA
17,102,1,0.5,0.373161364279096,0.555555555555556,0.922222222222222,20,498,42,16,NA,NA
17,102,2,0.1,0.369146757585301,0.5,0.937037037037037,18,506,34,18,NA,NA
17,102,3,0.5,0.467613551013324,0.75,0.907407407407407,27,490,50,9,NA,NA
17,102,4,1.1,0.303348301512043,0.742857142857143,0.796296296296296,26,430,110,9,NA,NA
17,102,5,1.1,0.404204412607889,0.8,0.855555555555556,28,462,78,7,NA,NA
17,102,6,0.7,0.454262467122628,0.771428571428571,0.896296296296296,27,484,56,8,NA,NA
17,102,7,0.1,0.387193718017752,0.628571428571429,0.907407407407407,22,490,50,13,NA,NA
17,102,8,1.3,0.3255663164737,0.777777777777778,0.796296296296296,28,430,110,8,NA,NA
17,102,9,0.5,0.457995178693633,0.735294117647059,0.911111111111111,25,492,48,9,NA,NA
17,102,10,0.3,0.427026764333684,0.529411764705882,0.951851851851852,18,514,26,16,NA,NA
17,102,11,0.1,0.412979920842667,0.657142857142857,0.911111111111111,23,492,48,12,NA,NA
17,102,12,0.7,0.360093544963506,0.75,0.840740740740741,27,454,86,9,NA,NA
17,102,13,0.7,0.4215495861193,0.771428571428571,0.877777777777778,27,474,66,8,NA,NA
17,102,14,0.1,0.493839172970458,0.694444444444444,0.933333333333333,25,504,36,11,NA,NA
17,102,15,0.1,0.368101929008193,0.575757575757576,0.918518518518519,19,496,44,14,NA,NA
17,102,16,0.3,0.362567761047417,0.617647058823529,0.9,21,486,54,13,NA,NA
17,102,17,1.3,0.307004516585589,0.742857142857143,0.8,26,432,108,9,NA,NA
17,102,18,1.5,0.346681268817175,0.852941176470588,0.785185185185185,29,424,116,5,NA,NA
17,102,19,0.9,0.447301237719318,0.857142857142857,0.862962962962963,30,466,74,5,NA,NA
17,102,20,1.3,0.352603326812875,0.911764705882353,0.759259259259259,31,410,130,3,NA,NA
17,102,21,1.1,0.318388250965769,0.742857142857143,0.811111111111111,26,438,102,9,NA,NA
17,102,22,0.9,0.457995178693633,0.735294117647059,0.911111111111111,25,492,48,9,NA,NA
17,102,23,1.1,0.427837028600488,0.914285714285714,0.825925925925926,32,446,94,3,NA,NA
17,102,24,1.3,0.390081788293142,0.914285714285714,0.792592592592593,32,428,112,3,NA,NA
17,102,25,1.1,0.286403124586232,0.75,0.77037037037037,27,416,124,9,NA,NA
17,102,26,0.1,0.397494353573433,0.638888888888889,0.907407407407407,23,490,50,13,NA,NA
17,102,27,1.1,0.348922360632948,0.735294117647059,0.844444444444444,25,456,84,9,NA,NA
17,102,28,0.9,0.348968716421641,0.722222222222222,0.844444444444444,26,456,84,10,NA,NA
17,102,29,1.1,0.435599902574334,0.777777777777778,0.881481481481482,28,476,64,8,NA,NA
17,102,30,0.3,0.424570578496378,0.705882352941177,0.903703703703704,24,488,52,10,NA,NA
18,108,1,0.5,0.454923177334946,0.676470588235294,0.925925925925926,23,500,40,11,NA,NA
18,108,2,0.9,0.419518255477483,0.764705882352941,0.881481481481482,26,476,64,8,NA,NA
18,108,3,0.1,0.393571690029569,0.5,0.948148148148148,17,512,28,17,NA,NA
18,108,4,0.9,0.430784174158522,0.666666666666667,0.914814814814815,24,494,46,12,NA,NA
18,108,5,0.7,0.564177487510699,0.764705882352941,0.944444444444444,26,510,30,8,NA,NA
18,108,6,1.1,0.493877070365207,0.882352941176471,0.885185185185185,30,478,62,4,NA,NA
18,108,7,1.1,0.386620227121994,0.805555555555556,0.837037037037037,29,452,88,7,NA,NA
18,108,8,1.1,0.384079508520545,0.857142857142857,0.814814814814815,30,440,100,5,NA,NA
18,108,9,1.5,0.399543096360395,0.970588235294118,0.777777777777778,33,420,120,1,NA,NA
18,108,10,1.1,0.414944022445902,0.8,0.862962962962963,28,466,74,7,NA,NA
18,108,11,0.1,0.507500154661744,0.666666666666667,0.944444444444444,24,510,30,12,NA,NA
18,108,12,0.1,0.313080654606876,0.428571428571429,0.937037037037037,15,506,34,20,NA,NA
18,108,13,0.5,0.507500154661744,0.666666666666667,0.944444444444444,24,510,30,12,NA,NA
18,108,14,0.1,0.525633017971004,0.638888888888889,0.955555555555556,23,516,24,13,NA,NA
18,108,15,0.1,0.436481458271783,0.558823529411765,0.948148148148148,19,512,28,15,NA,NA
18,108,16,0.5,0.502952952545134,0.833333333333333,0.9,30,486,54,6,NA,NA
18,108,17,0.1,0.428500352866691,0.542857142857143,0.948148148148148,19,512,28,16,NA,NA
18,108,18,1.1,0.377235839107154,0.828571428571429,0.822222222222222,29,444,96,6,NA,NA
18,108,19,0.3,0.458288018452121,0.611111111111111,0.940740740740741,22,508,32,14,NA,NA
18,108,20,0.1,0.379516695035541,0.611111111111111,0.907407407407407,22,490,50,14,NA,NA
18,108,21,0.5,0.610610843243631,0.861111111111111,0.937037037037037,31,506,34,5,NA,NA
18,108,22,0.9,0.390393076336252,0.735294117647059,0.874074074074074,25,472,68,9,NA,NA
18,108,23,1.1,0.37295350026463,0.828571428571429,0.818518518518519,29,442,98,6,NA,NA
18,108,24,1.1,0.446798176527334,0.885714285714286,0.851851851851852,31,460,80,4,NA,NA
18,108,25,0.5,0.417303780119318,0.6,0.92962962962963,21,502,38,14,NA,NA
18,108,26,0.7,0.43215063221275,0.8,0.874074074074074,28,472,68,7,NA,NA
18,108,27,0.5,0.319086415321286,0.529411764705882,0.907407407407407,18,490,50,16,NA,NA
18,108,28,0.3,0.531279539016562,0.575757575757576,0.97037037037037,19,524,16,14,NA,NA
18,108,29,0.9,0.404761904761905,0.742857142857143,0.877777777777778,26,474,66,9,NA,NA
18,108,30,0.7,0.379798732618871,0.527777777777778,0.933333333333333,19,504,36,17,NA,NA
19,114,1,0.1,0.486064431441829,0.583333333333333,0.955555555555556,21,516,24,15,NA,NA
19,114,2,0.5,0.493049331302298,0.611111111111111,0.951851851851852,22,514,26,14,NA,NA
19,114,3,0.7,0.454262467122628,0.771428571428571,0.896296296296296,27,484,56,8,NA,NA
19,114,4,1.1,0.429461128226443,0.852941176470588,0.855555555555556,29,462,78,5,NA,NA
19,114,5,0.7,0.44610218080647,0.628571428571429,0.933333333333333,22,504,36,13,NA,NA
19,114,6,0.5,0.382144646398943,0.742857142857143,0.862962962962963,26,466,74,9,NA,NA
19,114,7,0.3,0.408327853121881,0.6,0.925925925925926,21,500,40,14,NA,NA
19,114,8,1.7,0.425078531614683,0.882352941176471,0.840740740740741,30,454,86,4,NA,NA
19,114,9,0.3,0.464971672279646,0.685714285714286,0.925925925925926,24,500,40,11,NA,NA
19,114,10,0.3,0.501706582604411,0.628571428571429,0.951851851851852,22,514,26,13,NA,NA
19,114,11,0.1,0.431711695195666,0.514285714285714,0.955555555555556,18,516,24,17,NA,NA
19,114,12,0.5,0.456435464587638,0.666666666666667,0.925925925925926,24,500,40,12,NA,NA
19,114,13,0.5,0.293263212416315,0.472222222222222,0.911111111111111,17,492,48,19,NA,NA
19,114,14,0.1,0.428500352866691,0.542857142857143,0.948148148148148,19,512,28,16,NA,NA
19,114,15,0.5,0.486031620603779,0.657142857142857,0.940740740740741,23,508,32,12,NA,NA
19,114,16,0.7,0.455993096439443,0.685714285714286,0.922222222222222,24,498,42,11,NA,NA
19,114,17,0.5,0.397795447479969,0.571428571428571,0.92962962962963,20,502,38,15,NA,NA
19,114,18,0.5,0.59943752272101,0.685714285714286,0.966666666666667,24,522,18,11,NA,NA
19,114,19,0.7,0.526645588750876,0.833333333333333,0.911111111111111,30,492,48,6,NA,NA
19,114,20,0.7,0.447766722212785,0.705882352941177,0.914814814814815,24,494,46,10,NA,NA
19,114,21,1.1,0.346550976788705,0.75,0.82962962962963,27,448,92,9,NA,NA
19,114,22,0.3,0.469574281387771,0.588235294117647,0.951851851851852,20,514,26,14,NA,NA
19,114,23,0.1,0.491277054477679,0.514285714285714,0.97037037037037,18,524,16,17,NA,NA
19,114,24,0.1,0.49728674723236,0.454545454545455,0.981481481481482,15,530,10,18,NA,NA
19,114,25,1.3,0.464948567061769,0.857142857142857,0.874074074074074,30,472,68,5,NA,NA
19,114,26,0.9,0.346132561061861,0.527777777777778,0.918518518518519,19,496,44,17,NA,NA
19,114,27,0.5,0.442801514919891,0.722222222222222,0.903703703703704,26,488,52,10,NA,NA
19,114,28,0.5,0.456109492364947,0.628571428571429,0.937037037037037,22,506,34,13,NA,NA
19,114,29,0.9,0.347984126450882,0.657142857142857,0.874074074074074,23,472,68,12,NA,NA
19,114,30,1.5,0.390640925624267,0.764705882352941,0.862962962962963,26,466,74,8,NA,NA
20,120,1,0.9,0.497889687957718,0.857142857142857,0.892592592592593,30,482,58,5,NA,NA
20,120,2,0.9,0.464798236232845,0.705882352941177,0.922222222222222,24,498,42,10,NA,NA
20,120,3,1.1,0.505176463012251,0.685714285714286,0.940740740740741,24,508,32,11,NA,NA
20,120,4,0.7,0.573603630582208,0.714285714285714,0.955555555555556,25,516,24,10,NA,NA
20,120,5,0.9,0.455569003130952,0.657142857142857,0.92962962962963,23,502,38,12,NA,NA
20,120,6,0.3,0.390563829620064,0.472222222222222,0.951851851851852,17,514,26,19,NA,NA
20,120,7,0.7,0.534466871018807,0.611111111111111,0.962962962962963,22,520,20,14,NA,NA
20,120,8,0.1,0.406287149803041,0.428571428571429,0.966666666666667,15,522,18,20,NA,NA
20,120,9,0.5,0.359863746032873,0.5,0.933333333333333,18,504,36,18,NA,NA
20,120,10,0.7,0.368584532947513,0.583333333333333,0.911111111111111,21,492,48,15,NA,NA
20,120,11,1.1,0.418462982834064,0.823529411764706,0.859259259259259,28,464,76,6,NA,NA
20,120,12,0.9,0.432017351425969,0.705882352941177,0.907407407407407,24,490,50,10,NA,NA
20,120,13,0.1,0.568996867793218,0.647058823529412,0.966666666666667,22,522,18,12,NA,NA
20,120,14,0.7,0.385546319633001,0.558823529411765,0.92962962962963,19,502,38,15,NA,NA
20,120,15,0.5,0.483313868003929,0.705882352941177,0.92962962962963,24,502,38,10,NA,NA
20,120,16,0.7,0.315411417134759,0.617647058823529,0.87037037037037,21,470,70,13,NA,NA
20,120,17,1.1,0.455569003130952,0.657142857142857,0.92962962962963,23,502,38,12,NA,NA
20,120,18,0.5,0.373161364279096,0.555555555555556,0.922222222222222,20,498,42,16,NA,NA
20,120,19,0.9,0.509764631668046,0.805555555555556,0.911111111111111,29,492,48,7,NA,NA
20,120,20,1.3,0.372998506377832,0.805555555555556,0.825925925925926,29,446,94,7,NA,NA
20,120,21,0.3,0.419200555223986,0.555555555555556,0.940740740740741,20,508,32,16,NA,NA
20,120,22,0.5,0.404081924053715,0.529411764705882,0.944444444444444,18,510,30,16,NA,NA
20,120,23,0.1,0.400742025660259,0.457142857142857,0.959259259259259,16,518,22,19,NA,NA
20,120,24,0.5,0.466622447932419,0.628571428571429,0.940740740740741,22,508,32,13,NA,NA
20,120,25,0.5,0.437732769305958,0.571428571428571,0.944444444444444,20,510,30,15,NA,NA
20,120,26,0.1,0.663690728685075,0.694444444444444,0.977777777777778,25,528,12,11,NA,NA
20,120,27,0.5,0.537955747255648,0.529411764705882,0.977777777777778,18,528,12,16,NA,NA
20,120,28,0.7,0.525859151870802,0.705882352941177,0.944444444444444,24,510,30,10,NA,NA
20,120,29,0.1,0.467474471061453,0.529411764705882,0.962962962962963,18,520,20,16,NA,NA
20,120,30,0.9,0.461167440662914,0.571428571428571,0.951851851851852,20,514,26,15,NA,NA
21,126,1,0.3,0.474665151363833,0.514285714285714,0.966666666666667,18,522,18,17,NA,NA
21,126,2,1.3,0.47900866708531,0.805555555555556,0.896296296296296,29,484,56,7,NA,NA
21,126,3,0.7,0.427440681158607,0.628571428571429,0.925925925925926,22,500,40,13,NA,NA
21,126,4,0.7,0.518221483657321,0.676470588235294,0.948148148148148,23,512,28,11,NA,NA
21,126,5,0.1,0.540411401489947,0.558823529411765,0.974074074074074,19,526,14,15,NA,NA
21,126,6,1.3,0.3079201435678,0.611111111111111,0.862962962962963,22,466,74,14,NA,NA
21,126,7,1.3,0.467560345201434,0.828571428571429,0.885185185185185,29,478,62,6,NA,NA
21,126,8,1.3,0.492828466492312,0.771428571428571,0.914814814814815,27,494,46,8,NA,NA
21,126,9,0.1,0.44558135020382,0.393939393939394,0.981481481481482,13,530,10,20,NA,NA
21,126,10,0.5,0.346927420885197,0.416666666666667,0.951851851851852,15,514,26,21,NA,NA
21,126,11,0.1,0.398693506214596,0.441176470588235,0.962962962962963,15,520,20,19,NA,NA
21,126,12,0.1,0.541949005318451,0.5,0.981481481481482,18,530,10,18,NA,NA
21,126,13,0.1,0.5637601865339,0.527777777777778,0.981481481481482,19,530,10,17,NA,NA
21,126,14,1.3,0.484723551835383,0.777777777777778,0.907407407407407,28,490,50,8,NA,NA
21,126,15,0.3,0.461167440662914,0.571428571428571,0.951851851851852,20,514,26,15,NA,NA
21,126,16,0.7,0.350124876024124,0.571428571428571,0.907407407407407,20,490,50,15,NA,NA
21,126,17,0.9,0.507500154661744,0.666666666666667,0.944444444444444,24,510,30,12,NA,NA
21,126,18,0.1,0.472984628249369,0.416666666666667,0.981481481481482,15,530,10,21,NA,NA
21,126,19,1.1,0.584958410638177,0.771428571428571,0.948148148148148,27,512,28,8,NA,NA
21,126,20,1.5,0.379362592294514,0.722222222222222,0.866666666666667,26,468,72,10,NA,NA
21,126,21,0.9,0.433867928868744,0.636363636363636,0.92962962962963,21,502,38,12,NA,NA
21,126,22,0.9,0.330750553152704,0.628571428571429,0.874074074074074,22,472,68,13,NA,NA
21,126,23,0.3,0.417303780119318,0.6,0.92962962962963,21,502,38,14,NA,NA
21,126,24,0.7,0.457861093478164,0.6,0.944444444444444,21,510,30,14,NA,NA
21,126,25,0.7,0.43746312472211,0.657142857142857,0.922222222222222,23,498,42,12,NA,NA
21,126,26,0.5,0.397795447479969,0.571428571428571,0.92962962962963,20,502,38,15,NA,NA
21,126,27,0.7,0.522400871086537,0.722222222222222,0.937037037037037,26,506,34,10,NA,NA
21,126,28,1.1,0.484555106044349,0.771428571428571,0.911111111111111,27,492,48,8,NA,NA
21,126,29,0.3,0.573390205471257,0.676470588235294,0.962962962962963,23,520,20,11,NA,NA
21,126,30,0.5,0.54667638533564,0.583333333333333,0.97037037037037,21,524,16,15,NA,NA
22,132,1,0.7,0.400606998722348,0.583333333333333,0.925925925925926,21,500,40,15,NA,NA
22,132,2,1.9,0.420293629570982,0.828571428571429,0.855555555555556,29,462,78,6,NA,NA
22,132,3,0.1,0.362665393125276,0.323529411764706,0.977777777777778,11,528,12,23,NA,NA
22,132,4,0.7,0.477002541217005,0.5,0.97037037037037,17,524,16,17,NA,NA
22,132,5,2.1,0.334474216214473,0.794117647058823,0.803703703703704,27,434,106,7,NA,NA
22,132,6,0.1,0.407352335952168,0.323529411764706,0.985185185185185,11,532,8,23,NA,NA
22,132,7,0.7,0.547520318487631,0.714285714285714,0.948148148148148,25,512,28,10,NA,NA
22,132,8,1.5,0.511142324924034,0.828571428571429,0.907407407407407,29,490,50,6,NA,NA
22,132,9,0.3,0.552954850618436,0.571428571428571,0.974074074074074,20,526,14,15,NA,NA
22,132,10,0.7,0.387843764854876,0.457142857142857,0.955555555555556,16,516,24,19,NA,NA
22,132,11,0.9,0.483445254912542,0.722222222222222,0.922222222222222,26,498,42,10,NA,NA
22,132,12,1.1,0.368759538257093,0.6,0.907407407407407,21,490,50,14,NA,NA
22,132,13,0.9,0.506009821341942,0.611111111111111,0.955555555555556,22,516,24,14,NA,NA
22,132,14,0.9,0.433373349628201,0.575757575757576,0.944444444444444,19,510,30,14,NA,NA
22,132,15,0.1,0.430587556414462,0.371428571428571,0.981481481481482,13,530,10,22,NA,NA
22,132,16,1.7,0.420293629570982,0.828571428571429,0.855555555555556,29,462,78,6,NA,NA
22,132,17,2.3,0.32696955654784,0.888888888888889,0.733333333333333,32,396,144,4,NA,NA
22,132,18,1.3,0.454262467122628,0.771428571428571,0.896296296296296,27,484,56,8,NA,NA
22,132,19,0.1,0.383512457504906,0.323529411764706,0.981481481481482,11,530,10,23,NA,NA
22,132,20,0.5,0.494554553965847,0.6,0.955555555555556,21,516,24,14,NA,NA
22,132,21,0.5,0.555770970884948,0.6,0.97037037037037,21,524,16,14,NA,NA
22,132,22,1.3,0.644252845081077,0.8,0.959259259259259,28,518,22,7,NA,NA
22,132,23,0.5,0.513227513227513,0.542857142857143,0.97037037037037,19,524,16,16,NA,NA
22,132,24,0.3,0.483134706498213,0.457142857142857,0.977777777777778,16,528,12,19,NA,NA
22,132,25,0.1,0.520435838656227,0.444444444444444,0.985185185185185,16,532,8,20,NA,NA
22,132,26,1.3,0.365330103942499,0.657142857142857,0.885185185185185,23,478,62,12,NA,NA
22,132,27,0.1,0.415542867997855,0.4,0.974074074074074,14,526,14,21,NA,NA
22,132,28,0.5,0.593468613175378,0.705882352941177,0.962962962962963,24,520,20,10,NA,NA
22,132,29,1.3,0.293565572152449,0.611111111111111,0.851851851851852,22,460,80,14,NA,NA
22,132,30,0.9,0.498257336654708,0.647058823529412,0.948148148148148,22,512,28,12,NA,NA
23,138,1,0.7,0.5313822561681,0.542857142857143,0.974074074074074,19,526,14,16,NA,NA
23,138,2,0.9,0.420833911584262,0.527777777777778,0.948148148148148,19,512,28,17,NA,NA
23,138,3,0.3,0.480750175372543,0.428571428571429,0.981481481481482,15,530,10,20,NA,NA
23,138,4,0.1,0.453161688521604,0.305555555555556,0.992592592592593,11,536,4,25,NA,NA
23,138,5,0.3,0.5637601865339,0.527777777777778,0.981481481481482,19,530,10,17,NA,NA
23,138,6,0.5,0.368954549671047,0.444444444444444,0.951851851851852,16,514,26,20,NA,NA
23,138,7,1.5,0.344296905081448,0.735294117647059,0.840740740740741,25,454,86,9,NA,NA
23,138,8,0.7,0.558309281237862,0.676470588235294,0.959259259259259,23,518,22,11,NA,NA
23,138,9,0.9,0.596676712972942,0.657142857142857,0.97037037037037,23,524,16,12,NA,NA
23,138,10,0.5,0.477688777398763,0.628571428571429,0.944444444444444,22,510,30,13,NA,NA
23,138,11,1.7,0.411841529448101,0.777777777777778,0.866666666666667,28,468,72,8,NA,NA
23,138,12,0.3,0.483134706498213,0.457142857142857,0.977777777777778,16,528,12,19,NA,NA
23,138,13,1.5,0.465728524410345,0.666666666666667,0.92962962962963,24,502,38,12,NA,NA
23,138,14,0.7,0.350761688557891,0.470588235294118,0.940740740740741,16,508,32,18,NA,NA
23,138,15,1.9,0.390479720003064,0.777777777777778,0.851851851851852,28,460,80,8,NA,NA
23,138,16,0.3,0.596798163289986,0.542857142857143,0.985185185185185,19,532,8,16,NA,NA
23,138,17,0.9,0.572784882956329,0.571428571428571,0.977777777777778,20,528,12,15,NA,NA
23,138,18,0.3,0.50097943286812,0.5,0.974074074074074,18,526,14,18,NA,NA
23,138,19,0.3,0.547272978050353,0.444444444444444,0.988888888888889,16,534,6,20,NA,NA
23,138,20,0.1,0.56116127508756,0.5,0.985185185185185,17,532,8,17,NA,NA
23,138,21,1.1,0.38586097417376,0.676470588235294,0.892592592592593,23,482,58,11,NA,NA
23,138,22,1.3,0.52406774989173,0.714285714285714,0.940740740740741,25,508,32,10,NA,NA
23,138,23,1.1,0.473856209150327,0.705882352941177,0.925925925925926,24,500,40,10,NA,NA
23,138,24,0.3,0.483113290679914,0.5,0.97037037037037,18,524,16,18,NA,NA
23,138,25,0.3,0.596676712972942,0.657142857142857,0.97037037037037,23,524,16,12,NA,NA
23,138,26,0.7,0.596798163289986,0.542857142857143,0.985185185185185,19,532,8,16,NA,NA
23,138,27,1.1,0.477688777398763,0.628571428571429,0.944444444444444,22,510,30,13,NA,NA
23,138,28,1.9,0.44570386052121,0.805555555555556,0.877777777777778,29,474,66,7,NA,NA
23,138,29,0.3,0.423107180109818,0.485714285714286,0.959259259259259,17,518,22,18,NA,NA
23,138,30,0.1,0.541949005318451,0.5,0.981481481481482,18,530,10,18,NA,NA
24,144,1,1.5,0.410827002863358,0.742857142857143,0.881481481481482,26,476,64,9,NA,NA
24,144,2,0.1,0.408546173240063,0.388888888888889,0.974074074074074,14,526,14,22,NA,NA
24,144,3,0.1,0.504826790279024,0.428571428571429,0.985185185185185,15,532,8,20,NA,NA
24,144,4,0.9,0.579589282547932,0.657142857142857,0.966666666666667,23,522,18,12,NA,NA
24,144,5,1.5,0.59943752272101,0.685714285714286,0.966666666666667,24,522,18,11,NA,NA
24,144,6,1.7,0.430974006572026,0.857142857142857,0.851851851851852,30,460,80,5,NA,NA
24,144,7,0.3,0.572784882956329,0.571428571428571,0.977777777777778,20,528,12,15,NA,NA
24,144,8,1.5,0.433862292516398,0.714285714285714,0.903703703703704,25,488,52,10,NA,NA
24,144,9,0.7,0.644751278235397,0.571428571428571,0.988888888888889,20,534,6,15,NA,NA
24,144,10,1.5,0.455318897271251,0.777777777777778,0.892592592592593,28,482,58,8,NA,NA
24,144,11,1.7,0.391818242396034,0.694444444444444,0.885185185185185,25,478,62,11,NA,NA
24,144,12,1.1,0.559390045463764,0.628571428571429,0.966666666666667,22,522,18,13,NA,NA
24,144,13,0.7,0.395086217040658,0.470588235294118,0.955555555555556,16,516,24,18,NA,NA
24,144,14,0.7,0.459259508423557,0.428571428571429,0.977777777777778,15,528,12,20,NA,NA
24,144,15,1.3,0.628619638839787,0.833333333333333,0.948148148148148,30,512,28,6,NA,NA
24,144,16,0.3,0.509326056809915,0.514285714285714,0.974074074074074,18,526,14,17,NA,NA
24,144,17,1.7,0.402469135802469,0.722222222222222,0.881481481481482,26,476,64,10,NA,NA
24,144,18,0.1,0.438754426328776,0.294117647058824,0.992592592592593,10,536,4,24,NA,NA
24,144,19,1.5,0.521249227596088,0.742857142857143,0.933333333333333,26,504,36,9,NA,NA
24,144,20,0.3,0.555933399505565,0.457142857142857,0.988888888888889,16,534,6,19,NA,NA
24,144,21,0.7,0.517858500757921,0.571428571428571,0.966666666666667,20,522,18,15,NA,NA
24,144,22,0.3,0.400742025660259,0.457142857142857,0.959259259259259,16,518,22,19,NA,NA
24,144,23,0.1,0.644723170732702,0.485714285714286,0.996296296296296,17,538,2,18,NA,NA
24,144,24,0.7,0.517858500757921,0.571428571428571,0.966666666666667,20,522,18,15,NA,NA
24,144,25,1.1,0.499717039644885,0.583333333333333,0.959259259259259,21,518,22,15,NA,NA
24,144,26,0.5,0.529045674550776,0.514285714285714,0.977777777777778,18,528,12,17,NA,NA
24,144,27,1.1,0.493203985855747,0.705882352941177,0.933333333333333,24,504,36,10,NA,NA
24,144,28,0.5,0.438839247434922,0.515151515151515,0.959259259259259,17,518,22,16,NA,NA
24,144,29,0.9,0.554293644657296,0.638888888888889,0.962962962962963,23,520,20,13,NA,NA
24,144,30,0.1,0.409413052575327,0.371428571428571,0.977777777777778,13,528,12,22,NA,NA
25,150,1,0.1,0.564962150521949,0.470588235294118,0.988888888888889,16,534,6,18,NA,NA
25,150,2,0.9,0.497228915431659,0.657142857142857,0.944444444444444,23,510,30,12,NA,NA
25,150,3,1.5,0.492895009419168,0.714285714285714,0.92962962962963,25,502,38,10,NA,NA
25,150,4,0.1,0.518134125856967,0.333333333333333,0.996296296296296,12,538,2,24,NA,NA
25,150,5,0.9,0.543528913545895,0.628571428571429,0.962962962962963,22,520,20,13,NA,NA
25,150,6,0.5,0.506381561649845,0.485714285714286,0.977777777777778,17,528,12,18,NA,NA
25,150,7,0.5,0.537524628228636,0.470588235294118,0.985185185185185,16,532,8,18,NA,NA
25,150,8,1.7,0.463981784944817,0.888888888888889,0.859259259259259,32,464,76,4,NA,NA
25,150,9,1.5,0.564996855585617,0.828571428571429,0.92962962962963,29,502,38,6,NA,NA
25,150,10,1.3,0.514905325661236,0.694444444444444,0.940740740740741,25,508,32,11,NA,NA
25,150,11,0.9,0.483313868003929,0.705882352941177,0.92962962962963,24,502,38,10,NA,NA
25,150,12,0.1,0.532085680562519,0.428571428571429,0.988888888888889,15,534,6,20,NA,NA
25,150,13,0.9,0.365185249801943,0.485714285714286,0.940740740740741,17,508,32,18,NA,NA
25,150,14,0.1,0.3760075424134,0.235294117647059,0.992592592592593,8,536,4,26,NA,NA
25,150,15,0.1,0.596798163289986,0.542857142857143,0.985185185185185,19,532,8,16,NA,NA
25,150,16,0.3,0.707611551209338,0.571428571428571,0.996296296296296,20,538,2,15,NA,NA
25,150,17,1.5,0.393572230051559,0.529411764705882,0.940740740740741,18,508,32,16,NA,NA
25,150,18,0.9,0.552969557548266,0.647058823529412,0.962962962962963,22,520,20,12,NA,NA
25,150,19,0.9,0.502207951927468,0.571428571428571,0.962962962962963,20,520,20,15,NA,NA
25,150,20,1.9,0.560772840599118,0.861111111111111,0.918518518518519,31,496,44,5,NA,NA
25,150,21,1.9,0.448544591286728,0.777777777777778,0.888888888888889,28,480,60,8,NA,NA
25,150,22,0.9,0.655346131896124,0.742857142857143,0.97037037037037,26,524,16,9,NA,NA
25,150,23,0.7,0.628397141489351,0.588235294117647,0.985185185185185,20,532,8,14,NA,NA
25,150,24,0.1,0.540752565081918,0.441176470588235,0.988888888888889,15,534,6,19,NA,NA
25,150,25,0.9,0.50923769377521,0.555555555555556,0.966666666666667,20,522,18,16,NA,NA
25,150,26,1.5,0.616236522780639,0.8,0.951851851851852,28,514,26,7,NA,NA
25,150,27,0.1,0.415542867997855,0.4,0.974074074074074,14,526,14,21,NA,NA
25,150,28,0.1,0.599712475092661,0.428571428571429,0.996296296296296,15,538,2,20,NA,NA
25,150,29,1.1,0.596798163289986,0.542857142857143,0.985185185185185,19,532,8,16,NA,NA
25,150,30,1.1,0.521499035387142,0.657142857142857,0.951851851851852,23,514,26,12,NA,NA
26,156,1,1.3,0.475386173770931,0.657142857142857,0.937037037037037,23,506,34,12,NA,NA
26,156,2,0.1,0.502984326486727,0.264705882352941,1,9,540,0,25,NA,NA
26,156,3,1.1,0.496290177899569,0.588235294117647,0.959259259259259,20,518,22,14,NA,NA
26,156,4,0.7,0.590648178373807,0.416666666666667,0.996296296296296,15,538,2,21,NA,NA
26,156,5,0.9,0.606597229638395,0.666666666666667,0.97037037037037,24,524,16,12,NA,NA
26,156,6,0.5,0.576082947999864,0.4,0.996296296296296,14,538,2,21,NA,NA
26,156,7,1.3,0.711254741071239,0.8,0.974074074074074,28,526,14,7,NA,NA
26,156,8,1.5,0.454873456899555,0.696969696969697,0.922222222222222,23,498,42,10,NA,NA
26,156,9,1.1,0.458502068808074,0.527777777777778,0.959259259259259,19,518,22,17,NA,NA
26,156,10,0.1,0.664004345871737,0.555555555555556,0.992592592592593,20,536,4,16,NA,NA
26,156,11,0.3,0.53444023207069,0.352941176470588,0.996296296296296,12,538,2,22,NA,NA
26,156,12,0.9,0.408327853121881,0.6,0.925925925925926,21,500,40,14,NA,NA
26,156,13,0.7,0.547252649475898,0.545454545454545,0.977777777777778,18,528,12,15,NA,NA
26,156,14,1.7,0.456435464587638,0.666666666666667,0.925925925925926,24,500,40,12,NA,NA
26,156,15,1.9,0.535111072254278,0.833333333333333,0.914814814814815,30,494,46,6,NA,NA
26,156,16,0.7,0.6334797690032,0.558823529411765,0.988888888888889,19,534,6,15,NA,NA
26,156,17,0.3,0.63479527011867,0.555555555555556,0.988888888888889,20,534,6,16,NA,NA
26,156,18,1.5,0.500205995536583,0.638888888888889,0.948148148148148,23,512,28,13,NA,NA
26,156,19,0.5,0.56736651461358,0.388888888888889,0.996296296296296,14,538,2,22,NA,NA
26,156,20,1.1,0.457861093478164,0.6,0.944444444444444,21,510,30,14,NA,NA
26,156,21,0.9,0.45930026320909,0.514285714285714,0.962962962962963,18,520,20,17,NA,NA
26,156,22,0.1,0.504826790279024,0.428571428571429,0.985185185185185,15,532,8,20,NA,NA
26,156,23,0.9,0.438357003759605,0.444444444444444,0.97037037037037,16,524,16,20,NA,NA
26,156,24,0.1,0.564962150521949,0.470588235294118,0.988888888888889,16,534,6,18,NA,NA
26,156,25,0.5,0.555933399505565,0.457142857142857,0.988888888888889,16,534,6,19,NA,NA
26,156,26,0.9,0.551167878727751,0.542857142857143,0.977777777777778,19,528,12,16,NA,NA
26,156,27,0.3,0.45548364623726,0.342857142857143,0.988888888888889,12,534,6,23,NA,NA
26,156,28,1.5,0.449112000107139,0.571428571428571,0.948148148148148,20,512,28,15,NA,NA
26,156,29,0.7,0.471635601438478,0.470588235294118,0.974074074074074,16,526,14,18,NA,NA
26,156,30,1.9,0.359161402213138,0.771428571428571,0.833333333333333,27,450,90,8,NA,NA
27,162,1,1.3,0.447223085846403,0.638888888888889,0.92962962962963,23,502,38,13,NA,NA
27,162,2,1.5,0.492895009419168,0.714285714285714,0.92962962962963,25,502,38,10,NA,NA
27,162,3,0.5,0.456061007520123,0.4,0.981481481481482,14,530,10,21,NA,NA
27,162,4,0.5,0.523772082433948,0.416666666666667,0.988888888888889,15,534,6,21,NA,NA
27,162,5,1.3,0.494554553965847,0.6,0.955555555555556,21,516,24,14,NA,NA
27,162,6,0.7,0.456061007520123,0.4,0.981481481481482,14,530,10,21,NA,NA
27,162,7,1.3,0.486470560598545,0.647058823529412,0.944444444444444,22,510,30,12,NA,NA
27,162,8,1.1,0.717125945563261,0.676470588235294,0.988888888888889,23,534,6,11,NA,NA
27,162,9,0.1,0.449396753757308,0.264705882352941,0.996296296296296,9,538,2,25,NA,NA
27,162,10,1.7,0.419632312990281,0.714285714285714,0.896296296296296,25,484,56,10,NA,NA
27,162,11,0.3,0.53444023207069,0.352941176470588,0.996296296296296,12,538,2,22,NA,NA
27,162,12,1.1,0.558925881090119,0.666666666666667,0.959259259259259,24,518,22,12,NA,NA
27,162,13,0.1,0.579066024143586,0.485714285714286,0.988888888888889,17,534,6,18,NA,NA
27,162,14,0.5,0.437925673549682,0.382352941176471,0.981481481481482,13,530,10,21,NA,NA
27,162,15,0.3,0.491944490744492,0.305555555555556,0.996296296296296,11,538,2,25,NA,NA
27,162,16,0.5,0.415542867997855,0.4,0.974074074074074,14,526,14,21,NA,NA
27,162,17,1.1,0.506381561649845,0.485714285714286,0.977777777777778,17,528,12,18,NA,NA
27,162,18,1.5,0.425415850934131,0.617647058823529,0.92962962962963,21,502,38,13,NA,NA
27,162,19,0.3,0.643330596475773,0.527777777777778,0.992592592592593,19,536,4,17,NA,NA
27,162,20,0.5,0.618318383498929,0.571428571428571,0.985185185185185,20,532,8,15,NA,NA
27,162,21,1.9,0.484355685823862,0.861111111111111,0.881481481481482,31,476,64,5,NA,NA
27,162,22,0.1,0.38417239092978,0.205882352941176,0.996296296296296,7,538,2,27,NA,NA
27,162,23,0.3,0.573454920239434,0.342857142857143,1,12,540,0,23,NA,NA
27,162,24,0.7,0.584440245135408,0.583333333333333,0.977777777777778,21,528,12,15,NA,NA
27,162,25,0.5,0.414435409028721,0.333333333333333,0.985185185185185,11,532,8,22,NA,NA
27,162,26,1.9,0.549362925541188,0.794117647058823,0.933333333333333,27,504,36,7,NA,NA
27,162,27,1.3,0.513187765561319,0.714285714285714,0.937037037037037,25,506,34,10,NA,NA
27,162,28,0.7,0.504826790279024,0.428571428571429,0.985185185185185,15,532,8,20,NA,NA
27,162,29,1.1,0.437314281832331,0.5,0.959259259259259,18,518,22,18,NA,NA
27,162,30,1.3,0.602885551501223,0.714285714285714,0.962962962962963,25,520,20,10,NA,NA
28,168,1,1.1,0.496481859890728,0.542857142857143,0.966666666666667,19,522,18,16,NA,NA
28,168,2,0.5,0.592220092263982,0.5,0.988888888888889,18,534,6,18,NA,NA
28,168,3,1.3,0.466666666666667,0.5,0.966666666666667,18,522,18,18,NA,NA
28,168,4,0.9,0.502207951927468,0.571428571428571,0.962962962962963,20,520,20,15,NA,NA
28,168,5,0.7,0.594465300973721,0.571428571428571,0.981481481481482,20,530,10,15,NA,NA
28,168,6,0.1,0.573454920239434,0.342857142857143,1,12,540,0,23,NA,NA
28,168,7,0.9,0.534716298126034,0.571428571428571,0.97037037037037,20,524,16,15,NA,NA
28,168,8,1.7,0.34346353941577,0.617647058823529,0.888888888888889,21,480,60,13,NA,NA
28,168,9,0.9,0.582355480857649,0.588235294117647,0.977777777777778,20,528,12,14,NA,NA
28,168,10,1.5,0.486031620603779,0.657142857142857,0.940740740740741,23,508,32,12,NA,NA
28,168,11,0.3,0.547272978050353,0.444444444444444,0.988888888888889,16,534,6,20,NA,NA
28,168,12,0.1,0.548554331040548,0.314285714285714,1,11,540,0,24,NA,NA
28,168,13,1.7,0.418280542739079,0.694444444444444,0.9,25,486,54,11,NA,NA
28,168,14,0.3,0.695608343640252,0.5,1,18,540,0,18,NA,NA
28,168,15,0.5,0.599712475092661,0.428571428571429,0.996296296296296,15,538,2,20,NA,NA
28,168,16,0.7,0.649610885064515,0.611111111111111,0.985185185185185,22,532,8,14,NA,NA
28,168,17,1.3,0.558309281237862,0.676470588235294,0.959259259259259,23,518,22,11,NA,NA
28,168,18,1.7,0.432900648918559,0.694444444444444,0.907407407407407,25,490,50,11,NA,NA
28,168,19,1.5,0.576416738306752,0.628571428571429,0.97037037037037,22,524,16,13,NA,NA
28,168,20,0.1,0.436051424800358,0.2,1,7,540,0,28,NA,NA
28,168,21,1.5,0.494554553965847,0.6,0.955555555555556,21,516,24,14,NA,NA
28,168,22,0.3,0.337338159663417,0.228571428571429,0.988888888888889,8,534,6,27,NA,NA
28,168,23,1.7,0.483597895060945,0.742857142857143,0.918518518518519,26,496,44,9,NA,NA
28,168,24,1.3,0.469574281387771,0.588235294117647,0.951851851851852,20,514,26,14,NA,NA
28,168,25,0.9,0.582341959723932,0.558823529411765,0.981481481481482,19,530,10,15,NA,NA
28,168,26,0.5,0.633300496381124,0.416666666666667,1,15,540,0,21,NA,NA
28,168,27,0.3,0.576082947999864,0.4,0.996296296296296,14,538,2,21,NA,NA
28,168,28,2.1,0.424570578496378,0.705882352941177,0.903703703703704,24,488,52,10,NA,NA
28,168,29,1.7,0.381528726074437,0.555555555555556,0.925925925925926,20,500,40,16,NA,NA
28,168,30,2.5,0.406240565643381,0.857142857142857,0.833333333333333,30,450,90,5,NA,NA
29,174,1,0.3,0.518134125856967,0.333333333333333,0.996296296296296,12,538,2,24,NA,NA
29,174,2,1.7,0.486948954663144,0.636363636363636,0.948148148148148,21,512,28,12,NA,NA
29,174,3,0.7,0.539025303840585,0.4,0.992592592592593,14,536,4,21,NA,NA
29,174,4,1.3,0.504720311290976,0.457142857142857,0.981481481481482,16,530,10,19,NA,NA
29,174,5,0.9,0.63479527011867,0.555555555555556,0.988888888888889,20,534,6,16,NA,NA
29,174,6,0.5,0.62256696144391,0.457142857142857,0.996296296296296,16,538,2,19,NA,NA
29,174,7,1.1,0.594767444888236,0.628571428571429,0.974074074074074,22,526,14,13,NA,NA
29,174,8,1.3,0.496290177899569,0.588235294117647,0.959259259259259,20,518,22,14,NA,NA
29,174,9,0.7,0.554679666923779,0.416666666666667,0.992592592592593,15,536,4,21,NA,NA
29,174,10,0.9,0.415542867997855,0.4,0.974074074074074,14,526,14,21,NA,NA
29,174,11,1.1,0.564791577106044,0.583333333333333,0.974074074074074,21,526,14,15,NA,NA
29,174,12,1.7,0.400879478004398,0.666666666666667,0.9,24,486,54,12,NA,NA
29,174,13,0.9,0.631772475357451,0.514285714285714,0.992592592592593,18,536,4,17,NA,NA
29,174,14,1.9,0.52406774989173,0.714285714285714,0.940740740740741,25,508,32,10,NA,NA
29,174,15,0.5,0.656200823211685,0.5,0.996296296296296,18,538,2,18,NA,NA
29,174,16,1.3,0.592622826137297,0.742857142857143,0.955555555555556,26,516,24,9,NA,NA
29,174,17,0.7,0.715310882684511,0.527777777777778,1,19,540,0,17,NA,NA
29,174,18,0.9,0.520435838656227,0.444444444444444,0.985185185185185,16,532,8,20,NA,NA
29,174,19,1.1,0.572858593144974,0.542857142857143,0.981481481481482,19,530,10,16,NA,NA
29,174,20,0.7,0.71659244376127,0.583333333333333,0.996296296296296,21,538,2,15,NA,NA
29,174,21,1.9,0.540992807193517,0.685714285714286,0.951851851851852,24,514,26,11,NA,NA
29,174,22,1.5,0.477989009393463,0.617647058823529,0.948148148148148,21,512,28,13,NA,NA
29,174,23,0.9,0.49949614901188,0.388888888888889,0.988888888888889,14,534,6,22,NA,NA
29,174,24,1.1,0.71683494989568,0.787878787878788,0.977777777777778,26,528,12,7,NA,NA
29,174,25,0.9,0.488080150901371,0.411764705882353,0.985185185185185,14,532,8,20,NA,NA
29,174,26,1.3,0.573390205471257,0.676470588235294,0.962962962962963,23,520,20,11,NA,NA
29,174,27,1.5,0.52406774989173,0.714285714285714,0.940740740740741,25,508,32,10,NA,NA
29,174,28,1.1,0.522098523408302,0.382352941176471,0.992592592592593,13,536,4,21,NA,NA
29,174,29,0.5,0.634995274804145,0.472222222222222,0.996296296296296,17,538,2,19,NA,NA
29,174,30,2.1,0.638549079348184,0.914285714285714,0.937037037037037,32,506,34,3,NA,NA
30,180,1,1.5,0.46883470298557,0.485714285714286,0.97037037037037,17,524,16,18,NA,NA
30,180,2,1.9,0.465588571533605,0.694444444444444,0.922222222222222,25,498,42,11,NA,NA
30,180,3,1.3,0.551167878727751,0.542857142857143,0.977777777777778,19,528,12,16,NA,NA
30,180,4,0.9,0.540752565081918,0.441176470588235,0.988888888888889,15,534,6,19,NA,NA
30,180,5,1.3,0.519579970025547,0.472222222222222,0.981481481481482,17,530,10,19,NA,NA
30,180,6,1.3,0.582355480857649,0.588235294117647,0.977777777777778,20,528,12,14,NA,NA
30,180,7,0.5,0.464500205912071,0.277777777777778,0.996296296296296,10,538,2,26,NA,NA
30,180,8,1.7,0.61137137263265,0.771428571428571,0.955555555555556,27,516,24,8,NA,NA
30,180,9,1.9,0.490314796700662,0.617647058823529,0.951851851851852,21,514,26,13,NA,NA
30,180,10,2.1,0.492568663065,0.735294117647059,0.925925925925926,25,500,40,9,NA,NA
30,180,11,2.1,0.535495015620978,0.714285714285714,0.944444444444444,25,510,30,10,NA,NA
30,180,12,0.9,0.604842623764617,0.611111111111111,0.977777777777778,22,528,12,14,NA,NA
30,180,13,0.9,0.592220092263982,0.5,0.988888888888889,18,534,6,18,NA,NA
30,180,14,0.1,0.495506944049573,0.352941176470588,0.992592592592593,12,536,4,22,NA,NA
30,180,15,0.9,0.371216602755827,0.352941176470588,0.974074074074074,12,526,14,22,NA,NA
30,180,16,1.5,0.592965199868898,0.694444444444444,0.962962962962963,25,520,20,11,NA,NA
30,180,17,0.9,0.49953665940753,0.314285714285714,0.996296296296296,11,538,2,24,NA,NA
30,180,18,1.5,0.596798163289986,0.542857142857143,0.985185185185185,19,532,8,16,NA,NA
30,180,19,1.7,0.568996867793218,0.647058823529412,0.966666666666667,22,522,18,12,NA,NA
30,180,20,1.5,0.540524559698087,0.696969696969697,0.951851851851852,23,514,26,10,NA,NA
30,180,21,1.3,0.70581265613523,0.657142857142857,0.988888888888889,23,534,6,12,NA,NA
30,180,22,0.9,0.66722912203583,0.676470588235294,0.981481481481482,23,530,10,11,NA,NA
30,180,23,1.1,0.466522671024587,0.542857142857143,0.959259259259259,19,518,22,16,NA,NA
30,180,24,0.9,0.653305258008149,0.542857142857143,0.992592592592593,19,536,4,16,NA,NA
30,180,25,1.9,0.557338710599009,0.823529411764706,0.92962962962963,28,502,38,6,NA,NA
30,180,26,1.1,0.471635601438478,0.470588235294118,0.974074074074074,16,526,14,18,NA,NA
30,180,27,2.1,0.58572662438273,0.852941176470588,0.933333333333333,29,504,36,5,NA,NA
30,180,28,0.9,0.514949966804267,0.5,0.977777777777778,17,528,12,17,NA,NA
30,180,29,0.9,0.504720311290976,0.457142857142857,0.981481481481482,16,530,10,19,NA,NA
30,180,30,1.1,0.489857713805572,0.382352941176471,0.988888888888889,13,534,6,21,NA,NA
31,186,1,1.3,0.68259520654975,0.722222222222222,0.977777777777778,26,528,12,10,NA,NA
31,186,2,0.7,0.513825881523974,0.371428571428571,0.992592592592593,13,536,4,22,NA,NA
31,186,3,0.5,0.56333660143055,0.428571428571429,0.992592592592593,15,536,4,20,NA,NA
31,186,4,1.7,0.317008373084199,0.457142857142857,0.92962962962963,16,502,38,19,NA,NA
31,186,5,1.3,0.646163307327927,0.638888888888889,0.981481481481482,23,530,10,13,NA,NA
31,186,6,2.3,0.509764631668046,0.805555555555556,0.911111111111111,29,492,48,7,NA,NA
31,186,7,1.7,0.583426255302912,0.685714285714286,0.962962962962963,24,520,20,11,NA,NA
31,186,8,1.9,0.596676712972942,0.657142857142857,0.97037037037037,23,524,16,12,NA,NA
31,186,9,2.3,0.4215495861193,0.771428571428571,0.877777777777778,27,474,66,8,NA,NA
31,186,10,1.9,0.58950090094689,0.676470588235294,0.966666666666667,23,522,18,11,NA,NA
31,186,11,1.3,0.466666666666667,0.5,0.966666666666667,18,522,18,18,NA,NA
31,186,12,2.1,0.569966479869702,0.861111111111111,0.922222222222222,31,498,42,5,NA,NA
31,186,13,0.5,0.491944490744492,0.305555555555556,0.996296296296296,11,538,2,25,NA,NA
31,186,14,2.1,0.350124876024124,0.571428571428571,0.907407407407407,20,490,50,15,NA,NA
31,186,15,0.9,0.696232487636289,0.5,1,17,540,0,17,NA,NA
31,186,16,0.9,0.596798163289986,0.542857142857143,0.985185185185185,19,532,8,16,NA,NA
31,186,17,1.3,0.536834454355393,0.5,0.981481481481482,17,530,10,17,NA,NA
31,186,18,0.9,0.503727289331899,0.363636363636364,0.992592592592593,12,536,4,21,NA,NA
31,186,19,0.7,0.59623440502493,0.470588235294118,0.992592592592593,16,536,4,18,NA,NA
31,186,20,1.5,0.52049567809517,0.5,0.977777777777778,18,528,12,18,NA,NA
31,186,21,1.3,0.550726544998571,0.514285714285714,0.981481481481482,18,530,10,17,NA,NA
31,186,22,1.9,0.525925925925926,0.555555555555556,0.97037037037037,20,524,16,16,NA,NA
31,186,23,2.3,0.511068473415927,0.764705882352941,0.925925925925926,26,500,40,8,NA,NA
31,186,24,2.3,0.492828466492312,0.771428571428571,0.914814814814815,27,494,46,8,NA,NA
31,186,25,1.3,0.654533223927316,0.714285714285714,0.974074074074074,25,526,14,10,NA,NA
31,186,26,2.1,0.57503663533058,0.75,0.948148148148148,27,512,28,9,NA,NA
31,186,27,0.9,0.46883470298557,0.485714285714286,0.97037037037037,17,524,16,18,NA,NA
31,186,28,0.9,0.606032713479475,0.484848484848485,0.992592592592593,16,536,4,17,NA,NA
31,186,29,1.3,0.483113290679914,0.5,0.97037037037037,18,524,16,18,NA,NA
31,186,30,2.5,0.401949092746334,0.794117647058823,0.859259259259259,27,464,76,7,NA,NA
32,192,1,0.3,0.466569474815843,0.228571428571429,1,8,540,0,27,NA,NA
32,192,2,1.3,0.666246471323509,0.514285714285714,0.996296296296296,18,538,2,17,NA,NA
32,192,3,0.3,0.522562972935014,0.285714285714286,1,10,540,0,25,NA,NA
32,192,4,0.7,0.577848486111782,0.444444444444444,0.992592592592593,16,536,4,20,NA,NA
32,192,5,1.5,0.480750175372543,0.428571428571429,0.981481481481482,15,530,10,20,NA,NA
32,192,6,1.7,0.638152209103757,0.742857142857143,0.966666666666667,26,522,18,9,NA,NA
32,192,7,1.5,0.52305597678626,0.6,0.962962962962963,21,520,20,14,NA,NA
32,192,8,1.5,0.440389055198159,0.542857142857143,0.951851851851852,19,514,26,16,NA,NA
32,192,9,1.3,0.59392980935063,0.6,0.977777777777778,21,528,12,14,NA,NA
32,192,10,0.3,0.564932682866032,0.333333333333333,1,12,540,0,24,NA,NA
32,192,11,1.9,0.550699976158572,0.694444444444444,0.951851851851852,25,514,26,11,NA,NA
32,192,12,1.3,0.513825881523974,0.371428571428571,0.992592592592593,13,536,4,22,NA,NA
32,192,13,1.5,0.480750175372543,0.428571428571429,0.981481481481482,15,530,10,20,NA,NA
32,192,14,1.5,0.397403243133675,0.382352941176471,0.974074074074074,13,526,14,21,NA,NA
32,192,15,1.7,0.449112000107139,0.571428571428571,0.948148148148148,20,512,28,15,NA,NA
32,192,16,1.3,0.42233798837472,0.428571428571429,0.97037037037037,15,524,16,20,NA,NA
32,192,17,1.1,0.495506944049573,0.352941176470588,0.992592592592593,12,536,4,22,NA,NA
32,192,18,1.3,0.577848486111782,0.444444444444444,0.992592592592593,16,536,4,20,NA,NA
32,192,19,1.7,0.505176463012251,0.685714285714286,0.940740740740741,24,508,32,11,NA,NA
32,192,20,1.3,0.564042630541185,0.705882352941177,0.955555555555556,24,516,24,10,NA,NA
32,192,21,2.3,0.521499035387142,0.657142857142857,0.951851851851852,23,514,26,12,NA,NA
32,192,22,2.1,0.625708225777274,0.771428571428571,0.959259259259259,27,518,22,8,NA,NA
32,192,23,1.3,0.519579970025547,0.472222222222222,0.981481481481482,17,530,10,19,NA,NA
32,192,24,1.9,0.565247346891266,0.617647058823529,0.97037037037037,21,524,16,13,NA,NA
32,192,25,1.5,0.707611551209338,0.571428571428571,0.996296296296296,20,538,2,15,NA,NA
32,192,26,2.1,0.596849190523834,0.722222222222222,0.959259259259259,26,518,22,10,NA,NA
32,192,27,1.5,0.555770970884948,0.6,0.97037037037037,21,524,16,14,NA,NA
32,192,28,0.1,0.573454920239434,0.342857142857143,1,12,540,0,23,NA,NA
32,192,29,2.3,0.555122486328595,0.828571428571429,0.925925925925926,29,500,40,6,NA,NA
32,192,30,1.9,0.638152209103757,0.742857142857143,0.966666666666667,26,522,18,9,NA,NA
33,198,1,0.9,0.676837896478572,0.527777777777778,0.996296296296296,19,538,2,17,NA,NA
33,198,2,1.7,0.509326056809915,0.514285714285714,0.974074074074074,18,526,14,17,NA,NA
33,198,3,2.9,0.467569699469072,0.942857142857143,0.844444444444444,33,456,84,2,NA,NA
33,198,4,2.3,0.516493806215159,0.685714285714286,0.944444444444444,24,510,30,11,NA,NA
33,198,5,0.9,0.543231092451364,0.361111111111111,0.996296296296296,13,538,2,23,NA,NA
33,198,6,0.7,0.489857713805572,0.382352941176471,0.988888888888889,13,534,6,21,NA,NA
33,198,7,0.9,0.504720311290976,0.457142857142857,0.981481481481482,16,530,10,19,NA,NA
33,198,8,0.1,0.395366431211831,0.25,0.992592592592593,9,536,4,27,NA,NA
33,198,9,1.5,0.664004345871737,0.555555555555556,0.992592592592593,20,536,4,16,NA,NA
33,198,10,0.9,0.685602359771205,0.484848484848485,1,16,540,0,17,NA,NA
33,198,11,1.1,0.613165873282889,0.444444444444444,0.996296296296296,16,538,2,20,NA,NA
33,198,12,1.9,0.570076716730952,0.638888888888889,0.966666666666667,23,522,18,13,NA,NA
33,198,13,1.3,0.49949614901188,0.388888888888889,0.988888888888889,14,534,6,22,NA,NA
33,198,14,1.1,0.472432228915262,0.388888888888889,0.985185185185185,14,532,8,22,NA,NA
33,198,15,2.1,0.625708225777274,0.771428571428571,0.959259259259259,27,518,22,8,NA,NA
33,198,16,1.3,0.641844150142527,0.529411764705882,0.992592592592593,18,536,4,16,NA,NA
33,198,17,2.3,0.447380206669324,0.685714285714286,0.918518518518519,24,496,44,11,NA,NA
33,198,18,1.1,0.442195393555908,0.411764705882353,0.977777777777778,14,528,12,20,NA,NA
33,198,19,0.7,0.554679666923779,0.416666666666667,0.992592592592593,15,536,4,21,NA,NA
33,198,20,1.3,0.707611551209338,0.571428571428571,0.996296296296296,20,538,2,15,NA,NA
33,198,21,1.5,0.472984628249369,0.416666666666667,0.981481481481482,15,530,10,21,NA,NA
33,198,22,2.1,0.608275903461754,0.794117647058823,0.951851851851852,27,514,26,7,NA,NA
33,198,23,2.5,0.537051981732932,0.885714285714286,0.903703703703704,31,488,52,4,NA,NA
33,198,24,1.7,0.480963691064193,0.542857142857143,0.962962962962963,19,520,20,16,NA,NA
33,198,25,1.5,0.5313822561681,0.542857142857143,0.974074074074074,19,526,14,16,NA,NA
33,198,26,2.5,0.547722557505166,0.777777777777778,0.933333333333333,28,504,36,8,NA,NA
33,198,27,2.3,0.519655167942668,0.771428571428571,0.925925925925926,27,500,40,8,NA,NA
33,198,28,2.9,0.368583535308284,0.735294117647059,0.859259259259259,25,464,76,9,NA,NA
33,198,29,0.5,0.62256696144391,0.457142857142857,0.996296296296296,16,538,2,19,NA,NA
33,198,30,1.9,0.539514815655364,0.638888888888889,0.959259259259259,23,518,22,13,NA,NA
34,204,1,1.5,0.432557815849647,0.416666666666667,0.974074074074074,15,526,14,21,NA,NA
34,204,2,1.9,0.499717039644885,0.583333333333333,0.959259259259259,21,518,22,15,NA,NA
34,204,3,1.7,0.520435838656227,0.444444444444444,0.985185185185185,16,532,8,20,NA,NA
34,204,4,2.1,0.510722395045362,0.647058823529412,0.951851851851852,22,514,26,12,NA,NA
34,204,5,1.7,0.494554553965847,0.6,0.955555555555556,21,516,24,14,NA,NA
34,204,6,1.3,0.487632295102689,0.342857142857143,0.992592592592593,12,536,4,23,NA,NA
34,204,7,2.3,0.414843592720576,0.735294117647059,0.888888888888889,25,480,60,9,NA,NA
34,204,8,2.5,0.406362772588078,0.676470588235294,0.903703703703704,23,488,52,11,NA,NA
34,204,9,1.1,0.375253800800393,0.264705882352941,0.988888888888889,9,534,6,25,NA,NA
34,204,10,1.9,0.702516212718207,0.696969696969697,0.985185185185185,23,532,8,10,NA,NA
34,204,11,1.3,0.480750175372543,0.428571428571429,0.981481481481482,15,530,10,20,NA,NA
34,204,12,2.7,0.648103124599577,0.828571428571429,0.955555555555556,29,516,24,6,NA,NA
34,204,13,1.3,0.586849223445578,0.457142857142857,0.992592592592593,16,536,4,19,NA,NA
34,204,14,1.1,0.480094323653679,0.4,0.985185185185185,14,532,8,21,NA,NA
34,204,15,1.9,0.465780495065056,0.555555555555556,0.955555555555556,20,516,24,16,NA,NA
34,204,16,2.1,0.700649049745371,0.833333333333333,0.966666666666667,30,522,18,6,NA,NA
34,204,17,1.7,0.466666666666667,0.5,0.966666666666667,18,522,18,18,NA,NA
34,204,18,1.9,0.543528913545895,0.628571428571429,0.962962962962963,22,520,20,13,NA,NA
34,204,19,1.3,0.532085680562519,0.428571428571429,0.988888888888889,15,534,6,20,NA,NA
34,204,20,1.5,0.474665151363833,0.514285714285714,0.966666666666667,18,522,18,17,NA,NA
34,204,21,1.5,0.519579970025547,0.472222222222222,0.981481481481482,17,530,10,19,NA,NA
34,204,22,2.3,0.717674060334649,0.833333333333333,0.97037037037037,30,524,16,6,NA,NA
34,204,23,1.7,0.517321043982245,0.617647058823529,0.959259259259259,21,518,22,13,NA,NA
34,204,24,2.1,0.505176463012251,0.685714285714286,0.940740740740741,24,508,32,11,NA,NA
34,204,25,1.1,0.487950036474267,0.25,1,9,540,0,27,NA,NA
34,204,26,2.1,0.518221483657321,0.676470588235294,0.948148148148148,23,512,28,11,NA,NA
34,204,27,1.3,0.555933399505565,0.457142857142857,0.988888888888889,16,534,6,19,NA,NA
34,204,28,1.5,0.707611551209338,0.571428571428571,0.996296296296296,20,538,2,15,NA,NA
34,204,29,1.5,0.427515181916655,0.388888888888889,0.977777777777778,14,528,12,22,NA,NA
34,204,30,2.3,0.492895009419168,0.714285714285714,0.92962962962963,25,502,38,10,NA,NA
35,210,1,1.9,0.694004343058875,0.828571428571429,0.966666666666667,29,522,18,6,NA,NA
35,210,2,1.7,0.489463122153971,0.558823529411765,0.962962962962963,19,520,20,15,NA,NA
35,210,3,1.1,0.554679666923779,0.416666666666667,0.992592592592593,15,536,4,21,NA,NA
35,210,4,2.1,0.629861102608895,0.8,0.955555555555556,28,516,24,7,NA,NA
35,210,5,2.1,0.646813488538948,0.735294117647059,0.97037037037037,25,524,16,9,NA,NA
35,210,6,1.9,0.475247589279257,0.444444444444444,0.977777777777778,16,528,12,20,NA,NA
35,210,7,2.5,0.486470560598545,0.647058823529412,0.944444444444444,22,510,30,12,NA,NA
35,210,8,1.5,0.564962150521949,0.470588235294118,0.988888888888889,16,534,6,18,NA,NA
35,210,9,2.7,0.553010041337502,0.833333333333333,0.922222222222222,30,498,42,6,NA,NA
35,210,10,1.5,0.523772082433948,0.416666666666667,0.988888888888889,15,534,6,21,NA,NA
35,210,11,2.3,0.31545407903824,0.470588235294118,0.925925925925926,16,500,40,18,NA,NA
35,210,12,1.9,0.604842623764617,0.611111111111111,0.977777777777778,22,528,12,14,NA,NA
35,210,13,1.7,0.509326056809915,0.514285714285714,0.974074074074074,18,526,14,17,NA,NA
35,210,14,1.7,0.714766761707607,0.628571428571429,0.992592592592593,22,536,4,13,NA,NA
35,210,15,1.7,0.562309368191721,0.588235294117647,0.974074074074074,20,526,14,14,NA,NA
35,210,16,0.9,0.554679666923779,0.416666666666667,0.992592592592593,15,536,4,21,NA,NA
35,210,17,1.5,0.585053281579842,0.555555555555556,0.981481481481482,20,530,10,16,NA,NA
35,210,18,2.1,0.559390045463764,0.628571428571429,0.966666666666667,22,522,18,13,NA,NA
35,210,19,1.9,0.422118456150206,0.470588235294118,0.962962962962963,16,520,20,18,NA,NA
35,210,20,2.5,0.497228915431659,0.657142857142857,0.944444444444444,23,510,30,12,NA,NA
35,210,21,1.5,0.67428714842781,0.571428571428571,0.992592592592593,20,536,4,15,NA,NA
35,210,22,1.5,0.552087298169759,0.485714285714286,0.985185185185185,17,532,8,18,NA,NA
35,210,23,2.7,0.372460007379717,0.571428571428571,0.918518518518519,20,496,44,15,NA,NA
35,210,24,2.7,0.606972975530296,0.914285714285714,0.925925925925926,32,500,40,3,NA,NA
35,210,25,1.3,0.60030498945626,0.472222222222222,0.992592592592593,17,536,4,19,NA,NA
35,210,26,1.1,0.46031746031746,0.314285714285714,0.992592592592593,11,536,4,24,NA,NA
35,210,27,1.9,0.579589282547932,0.657142857142857,0.966666666666667,23,522,18,12,NA,NA
35,210,28,1.3,0.599712475092661,0.428571428571429,0.996296296296296,15,538,2,20,NA,NA
35,210,29,2.5,0.423515948653266,0.742857142857143,0.888888888888889,26,480,60,9,NA,NA
35,210,30,1.3,0.437925673549682,0.382352941176471,0.981481481481482,13,530,10,21,NA,NA
36,216,1,1.9,0.562309368191721,0.588235294117647,0.974074074074074,20,526,14,14,NA,NA
36,216,2,2.5,0.502810153140023,0.714285714285714,0.933333333333333,25,504,36,10,NA,NA
36,216,3,1.3,0.495308632158131,0.257142857142857,1,9,540,0,26,NA,NA
36,216,4,1.7,0.528028835856772,0.485714285714286,0.981481481481482,17,530,10,18,NA,NA
36,216,5,2.3,0.718023459694528,0.805555555555556,0.974074074074074,29,526,14,7,NA,NA
36,216,6,2.3,0.503396750835098,0.617647058823529,0.955555555555556,21,516,24,13,NA,NA
36,216,7,1.7,0.694962557218153,0.638888888888889,0.988888888888889,23,534,6,13,NA,NA
36,216,8,2.3,0.58374747325005,0.617647058823529,0.974074074074074,21,526,14,13,NA,NA
36,216,9,1.9,0.688846720193664,0.666666666666667,0.985185185185185,24,532,8,12,NA,NA
36,216,10,2.1,0.510722395045362,0.647058823529412,0.951851851851852,22,514,26,12,NA,NA
36,216,11,1.9,0.453690336126205,0.470588235294118,0.97037037037037,16,524,16,18,NA,NA
36,216,12,1.9,0.500205995536583,0.638888888888889,0.948148148148148,23,512,28,13,NA,NA
36,216,13,1.9,0.751469149302179,0.722222222222222,0.988888888888889,26,534,6,10,NA,NA
36,216,14,1.7,0.543382340360903,0.472222222222222,0.985185185185185,17,532,8,19,NA,NA
36,216,15,1.1,0.539025303840585,0.4,0.992592592592593,14,536,4,21,NA,NA
36,216,16,1.3,0.530723402925526,0.388888888888889,0.992592592592593,14,536,4,22,NA,NA
36,216,17,1.7,0.529045674550776,0.514285714285714,0.977777777777778,18,528,12,17,NA,NA
36,216,18,1.9,0.550726544998571,0.514285714285714,0.981481481481482,18,530,10,17,NA,NA
36,216,19,0.9,0.588522550277153,0.361111111111111,1,13,540,0,23,NA,NA
36,216,20,1.1,0.606663221428525,0.382352941176471,1,13,540,0,21,NA,NA
36,216,21,2.5,0.510964855537638,0.794117647058823,0.918518518518519,27,496,44,7,NA,NA
36,216,22,1.9,0.567023531366723,0.611111111111111,0.97037037037037,22,524,16,14,NA,NA
36,216,23,1.7,0.684177764583971,0.583333333333333,0.992592592592593,21,536,4,15,NA,NA
36,216,24,1.1,0.442352734963674,0.257142857142857,0.996296296296296,9,538,2,26,NA,NA
36,216,25,2.9,0.451455354245571,0.742857142857143,0.903703703703704,26,488,52,9,NA,NA
36,216,26,0.5,0.573454920239434,0.342857142857143,1,12,540,0,23,NA,NA
36,216,27,1.9,0.636243709102743,0.628571428571429,0.981481481481482,22,530,10,13,NA,NA
36,216,28,2.1,0.445035425025543,0.5,0.962962962962963,17,520,20,17,NA,NA
36,216,29,1.7,0.432614047228295,0.527777777777778,0.951851851851852,19,514,26,17,NA,NA
36,216,30,1.9,0.52049567809517,0.5,0.977777777777778,18,528,12,18,NA,NA
37,222,1,2.3,0.569358252757237,0.777777777777778,0.940740740740741,28,508,32,8,NA,NA
37,222,2,2.3,0.573603630582208,0.714285714285714,0.955555555555556,25,516,24,10,NA,NA
37,222,3,1.5,0.532085680562519,0.428571428571429,0.988888888888889,15,534,6,20,NA,NA
37,222,4,1.9,0.70581265613523,0.657142857142857,0.988888888888889,23,534,6,12,NA,NA
37,222,5,1.9,0.665707290306968,0.666666666666667,0.981481481481482,24,530,10,12,NA,NA
37,222,6,1.9,0.447557973884602,0.441176470588235,0.974074074074074,15,526,14,19,NA,NA
37,222,7,2.3,0.666805417411333,0.805555555555556,0.962962962962963,29,520,20,7,NA,NA
37,222,8,1.9,0.664004345871737,0.555555555555556,0.992592592592593,20,536,4,16,NA,NA
37,222,9,2.9,0.455993096439443,0.685714285714286,0.922222222222222,24,498,42,11,NA,NA
37,222,10,1.9,0.654818591650437,0.685714285714286,0.977777777777778,24,528,12,11,NA,NA
37,222,11,1.9,0.51317418435599,0.470588235294118,0.981481481481482,16,530,10,18,NA,NA
37,222,12,2.1,0.550599889956283,0.705882352941177,0.951851851851852,24,514,26,10,NA,NA
37,222,13,1.5,0.481950032128398,0.371428571428571,0.988888888888889,13,534,6,22,NA,NA
37,222,14,1.5,0.643330596475773,0.527777777777778,0.992592592592593,19,536,4,17,NA,NA
37,222,15,1.5,0.513185953974089,0.441176470588235,0.985185185185185,15,532,8,19,NA,NA
37,222,16,2.5,0.538139741806626,0.694444444444444,0.948148148148148,25,512,28,11,NA,NA
37,222,17,2.3,0.588613749831668,0.727272727272727,0.959259259259259,24,518,22,9,NA,NA
37,222,18,1.5,0.530734637578951,0.393939393939394,0.992592592592593,13,536,4,20,NA,NA
37,222,19,1.7,0.594767444888236,0.628571428571429,0.974074074074074,22,526,14,13,NA,NA
37,222,20,2.1,0.47529915971438,0.647058823529412,0.940740740740741,22,508,32,12,NA,NA
37,222,21,2.1,0.634920634920635,0.657142857142857,0.977777777777778,23,528,12,12,NA,NA
37,222,22,2.1,0.592622826137297,0.742857142857143,0.955555555555556,26,516,24,9,NA,NA
37,222,23,1.5,0.737373847365781,0.558823529411765,1,19,540,0,15,NA,NA
37,222,24,1.3,0.620505227994023,0.4,1,14,540,0,21,NA,NA
37,222,25,1.7,0.528028835856772,0.485714285714286,0.981481481481482,17,530,10,18,NA,NA
37,222,26,2.3,0.50833971520943,0.6,0.959259259259259,21,518,22,14,NA,NA
37,222,27,2.3,0.46634510911611,0.617647058823529,0.944444444444444,21,510,30,13,NA,NA
37,222,28,1.1,0.576082947999864,0.4,0.996296296296296,14,538,2,21,NA,NA
37,222,29,1.3,0.715310882684511,0.527777777777778,1,19,540,0,17,NA,NA
37,222,30,1.1,0.613165873282889,0.444444444444444,0.996296296296296,16,538,2,20,NA,NA
38,228,1,2.1,0.618952898272977,0.714285714285714,0.966666666666667,25,522,18,10,NA,NA
38,228,2,1.5,0.488080150901371,0.411764705882353,0.985185185185185,14,532,8,20,NA,NA
38,228,3,1.3,0.642857142857143,0.428571428571429,1,15,540,0,20,NA,NA
38,228,4,2.3,0.626967084710738,0.705882352941177,0.97037037037037,24,524,16,10,NA,NA
38,228,5,2.3,0.548720052733535,0.657142857142857,0.959259259259259,23,518,22,12,NA,NA
38,228,6,2.1,0.50833971520943,0.6,0.959259259259259,21,518,22,14,NA,NA
38,228,7,2.1,0.543528913545895,0.628571428571429,0.962962962962963,22,520,20,13,NA,NA
38,228,8,2.3,0.576416738306752,0.628571428571429,0.97037037037037,22,524,16,13,NA,NA
38,228,9,1.9,0.642609120566593,0.484848484848485,0.996296296296296,16,538,2,17,NA,NA
38,228,10,1.5,0.631772475357451,0.514285714285714,0.992592592592593,18,536,4,17,NA,NA
38,228,11,0.9,0.429574522813287,0.194444444444444,1,7,540,0,29,NA,NA
38,228,12,1.5,0.71659244376127,0.583333333333333,0.996296296296296,21,538,2,15,NA,NA
38,228,13,1.3,0.481950032128398,0.371428571428571,0.988888888888889,13,534,6,22,NA,NA
38,228,14,2.9,0.225846959386673,0.5,0.855555555555556,17,462,78,17,NA,NA
38,228,15,1.9,0.532085680562519,0.428571428571429,0.988888888888889,15,534,6,20,NA,NA
38,228,16,1.7,0.783450627061224,0.628571428571429,1,22,540,0,13,NA,NA
38,228,17,1.9,0.504747289838956,0.527777777777778,0.97037037037037,19,524,16,17,NA,NA
38,228,18,1.7,0.502207951927468,0.571428571428571,0.962962962962963,20,520,20,15,NA,NA
38,228,19,2.3,0.494554553965847,0.6,0.955555555555556,21,516,24,14,NA,NA
38,228,20,2.3,0.611841940838295,0.722222222222222,0.962962962962963,26,520,20,10,NA,NA
38,228,21,1.9,0.596798163289986,0.542857142857143,0.985185185185185,19,532,8,16,NA,NA
38,228,22,2.5,0.457402159549538,0.588235294117647,0.948148148148148,20,512,28,14,NA,NA
38,228,23,2.7,0.616315634427937,0.833333333333333,0.944444444444444,30,510,30,6,NA,NA
38,228,24,2.5,0.699979192366566,0.777777777777778,0.974074074074074,28,526,14,8,NA,NA
38,228,25,0.9,0.530661853257919,0.294117647058824,1,10,540,0,24,NA,NA
38,228,26,2.5,0.574074074074074,0.6,0.974074074074074,21,526,14,14,NA,NA
38,228,27,1.1,0.654653670707977,0.444444444444444,1,16,540,0,20,NA,NA
38,228,28,1.9,0.676837896478572,0.527777777777778,0.996296296296296,19,538,2,17,NA,NA
38,228,29,1.7,0.6334797690032,0.558823529411765,0.988888888888889,19,534,6,15,NA,NA
38,228,30,2.7,0.42897179265677,0.657142857142857,0.918518518518519,23,496,44,12,NA,NA
39,234,1,2.3,0.564042630541185,0.705882352941177,0.955555555555556,24,516,24,10,NA,NA
39,234,2,2.3,0.534701948943565,0.657142857142857,0.955555555555556,23,516,24,12,NA,NA
39,234,3,2.9,0.54564106859939,0.828571428571429,0.922222222222222,29,498,42,6,NA,NA
39,234,4,2.1,0.543875236969411,0.588235294117647,0.97037037037037,20,524,16,14,NA,NA
39,234,5,2.9,0.476063170203679,0.764705882352941,0.911111111111111,26,492,48,8,NA,NA
39,234,6,2.1,0.634974975855582,0.685714285714286,0.974074074074074,24,526,14,11,NA,NA
39,234,7,2.5,0.550699976158572,0.694444444444444,0.951851851851852,25,514,26,11,NA,NA
39,234,8,1.3,0.60030498945626,0.472222222222222,0.992592592592593,17,536,4,19,NA,NA
39,234,9,1.5,0.56333660143055,0.428571428571429,0.992592592592593,15,536,4,20,NA,NA
39,234,10,2.5,0.570076716730952,0.638888888888889,0.966666666666667,23,522,18,13,NA,NA
39,234,11,2.3,0.537955747255648,0.529411764705882,0.977777777777778,18,528,12,16,NA,NA
39,234,12,2.1,0.738966795247308,0.617647058823529,0.996296296296296,21,538,2,13,NA,NA
39,234,13,2.9,0.486031620603779,0.657142857142857,0.940740740740741,23,508,32,12,NA,NA
39,234,14,1.9,0.629534529513637,0.515151515151515,0.992592592592593,17,536,4,16,NA,NA
39,234,15,2.9,0.378924277283943,0.705882352941177,0.877777777777778,24,474,66,10,NA,NA
39,234,16,1.5,0.496806901904778,0.416666666666667,0.985185185185185,15,532,8,21,NA,NA
39,234,17,2.3,0.42233798837472,0.428571428571429,0.97037037037037,15,524,16,20,NA,NA
39,234,18,2.5,0.59943752272101,0.685714285714286,0.966666666666667,24,522,18,11,NA,NA
39,234,19,1.7,0.526116205217154,0.342857142857143,0.996296296296296,12,538,2,23,NA,NA
39,234,20,1.7,0.631772475357451,0.514285714285714,0.992592592592593,18,536,4,17,NA,NA
39,234,21,2.5,0.489362788249738,0.628571428571429,0.948148148148148,22,512,28,13,NA,NA
39,234,22,2.1,0.458502068808074,0.527777777777778,0.959259259259259,19,518,22,17,NA,NA
39,234,23,1.9,0.653305258008149,0.542857142857143,0.992592592592593,19,536,4,16,NA,NA
39,234,24,1.9,0.579066024143586,0.485714285714286,0.988888888888889,17,534,6,18,NA,NA
39,234,25,1.7,0.56116127508756,0.5,0.985185185185185,17,532,8,17,NA,NA
39,234,26,2.1,0.596798163289986,0.542857142857143,0.985185185185185,19,532,8,16,NA,NA
39,234,27,1.1,0.438754426328776,0.294117647058824,0.992592592592593,10,536,4,24,NA,NA
39,234,28,1.7,0.46883470298557,0.485714285714286,0.97037037037037,17,524,16,18,NA,NA
39,234,29,1.3,0.557056910959601,0.323529411764706,1,11,540,0,23,NA,NA
39,234,30,1.7,0.507451975567647,0.4,0.988888888888889,14,534,6,21,NA,NA
40,240,1,2.7,0.584958410638177,0.771428571428571,0.948148148148148,27,512,28,8,NA,NA
40,240,2,2.7,0.609648937196963,0.705882352941177,0.966666666666667,24,522,18,10,NA,NA
40,240,3,1.9,0.56333660143055,0.428571428571429,0.992592592592593,15,536,4,20,NA,NA
40,240,4,1.7,0.56736651461358,0.388888888888889,0.996296296296296,14,538,2,22,NA,NA
40,240,5,1.3,0.547272978050353,0.444444444444444,0.988888888888889,16,534,6,20,NA,NA
40,240,6,1.5,0.696954476320535,0.555555555555556,0.996296296296296,20,538,2,16,NA,NA
40,240,7,1.7,0.609165505522296,0.441176470588235,0.996296296296296,15,538,2,19,NA,NA
40,240,8,2.3,0.665968385234469,0.606060606060606,0.988888888888889,20,534,6,13,NA,NA
40,240,9,2.3,0.570057578335998,0.575757575757576,0.977777777777778,19,528,12,14,NA,NA
40,240,10,0.5,0.522562972935014,0.285714285714286,1,10,540,0,25,NA,NA
40,240,11,1.9,0.696954476320535,0.555555555555556,0.996296296296296,20,538,2,16,NA,NA
40,240,12,2.7,0.475524712812079,0.75,0.911111111111111,27,492,48,9,NA,NA
40,240,13,2.3,0.701176697361303,0.75,0.977777777777778,27,528,12,9,NA,NA
40,240,14,1.5,0.609639360238932,0.485714285714286,0.992592592592593,17,536,4,18,NA,NA
40,240,15,1.7,0.633300496381124,0.416666666666667,1,15,540,0,21,NA,NA
40,240,16,2.1,0.654818591650437,0.685714285714286,0.977777777777778,24,528,12,11,NA,NA
40,240,17,2.9,0.589459159432914,0.861111111111111,0.92962962962963,31,502,38,5,NA,NA
40,240,18,2.3,0.552954850618436,0.571428571428571,0.974074074074074,20,526,14,15,NA,NA
40,240,19,1.5,0.594664824551552,0.424242424242424,0.996296296296296,14,538,2,19,NA,NA
40,240,20,1.7,0.62256696144391,0.457142857142857,0.996296296296296,16,538,2,19,NA,NA
40,240,21,2.5,0.579589282547932,0.657142857142857,0.966666666666667,23,522,18,12,NA,NA
40,240,22,1.9,0.522098523408302,0.382352941176471,0.992592592592593,13,536,4,21,NA,NA
40,240,23,2.5,0.636243709102743,0.628571428571429,0.981481481481482,22,530,10,13,NA,NA
40,240,24,2.9,0.428258408931749,0.735294117647059,0.896296296296296,25,484,56,9,NA,NA
40,240,25,2.5,0.436568225586581,0.6,0.937037037037037,21,506,34,14,NA,NA
40,240,26,2.9,0.648103124599577,0.828571428571429,0.955555555555556,29,516,24,6,NA,NA
40,240,27,2.3,0.350596756929069,0.333333333333333,0.974074074074074,11,526,14,22,NA,NA
40,240,28,2.1,0.504720311290976,0.457142857142857,0.981481481481482,16,530,10,19,NA,NA
40,240,29,2.7,0.618952898272977,0.714285714285714,0.966666666666667,25,522,18,10,NA,NA
40,240,30,1.7,0.675404867647178,0.472222222222222,1,17,540,0,19,NA,NA
